protocol,link_layer,blocksize,network_setup,data_format,dns_format,test_size,classifier,classifier_args,true_dns,false_dns,false_data,true_data,accuracy,precision,recall,f1_score
coaps,eth,1024,p1,json,dns_message,0.2,nb,,23004,1135,18732,6467,0.5973286310754388,0.551178838412881,0.9529806537139069,0.6984136622390892
coaps,eth,1024,p1,json,dns_message,0.2,lr,max_iter=5000,22118,2021,4480,20719,0.868235437188374,0.8315662831791863,0.9162765648949832,0.8718686560104066
coaps,eth,1024,p1,json,dns_message,0.2,knn,algorithm=brute,20726,3413,4614,20585,0.837305930520086,0.8179163378058406,0.8586105472471933,0.8377695588027244
coaps,eth,1024,p1,json,dns_message,0.2,dt,,19573,4566,4256,20943,0.8211925898901455,0.8213940996265056,0.8108455196984133,0.8160857238158773
coaps,eth,1024,p1,json,dns_message,0.2,rf,"n_estimators=250,max_depth=9",22875,1264,4650,20549,0.8801329603956383,0.8310626702997275,0.9476366046646506,0.8855295757200372
