protocol,link_layer,link_layer_mode,blocksize,network_setup,data_format,dns_format,vector_type,run,test_size,classifier,classifier_args,true_dns,false_dns,false_data,true_data,accuracy,precision,recall,f1_score
coaps,schc,,1024,p2,cbor,dns_message,binvec,1,0.2,nb,,7064,6753,4671,17613,0.683554472175286,0.601959948870899,0.5112542520083955,0.5529117094552286
coaps,schc,,1024,p2,cbor,dns_message,binvec,1,0.2,lr,max_iter=5000,10194,3623,4256,18028,0.7817511980277555,0.7054671280276816,0.7377867843960338,0.7212650794212332
coaps,schc,,1024,p2,cbor,dns_message,binvec,1,0.2,knn,algorithm=brute,10821,2996,4192,18092,0.8008919420514667,0.7207753280490242,0.783165665484548,0.7506763787721124
coaps,schc,,1024,p2,cbor,dns_message,binvec,1,0.2,svm,C=0.01,10207,3610,4350,17934,0.7795074928672336,0.7011746925877584,0.7387276543388579,0.7194614788186368
coaps,schc,,1024,p2,cbor,dns_message,binvec,1,0.2,dt,,11973,1844,2134,20150,0.889809146561037,0.8487275820514638,0.8665412173409568,0.8575418994413407
coaps,schc,,1024,p2,cbor,dns_message,binvec,1,0.2,rf,"n_estimators=250,max_depth=9",10694,3123,3491,18793,0.8167917786210909,0.7538949594642228,0.7739740898892669,0.763802585529605
