protocol;link_layer;link_layer_mode;blocksize;network_setup;data_format;dns_format;randiv_pad;vector_type;k;classifier;classifier_args;job_id;fit_time;score_time;accuracy;precision;recall;f1_score;balanced_accuracy;roc_auc
coaps;schc;;64;d2;cbor;dns_message;1;binvec;5;dt;;20833657;[66.5931510925293, 67.7861897945404, 64.00000786781311, 67.89694786071777, 62.25033116340637];[0.918694257736206, 0.8962035179138184, 0.8944952487945557, 0.9115762710571289, 0.9109902381896973];[0.9981451409692863, 0.9984671057697019, 0.9987820840362015, 0.9988030825873014, 0.998901075825768];[0.99736652708715, 0.9978893288392945, 0.9983308241146822, 0.9981678690026337, 0.9984291394629621];[0.9982972871199594, 0.9985264984691956, 0.9988211794754248, 0.9990340220701398, 0.9990012770555683];[0.9978316900544123, 0.998207811975744, 0.998575941597237, 0.998600757718335, 0.9987151263186324];[0.9981644036255142, 0.9984746249865419, 0.9987870340028336, 0.9988323223850069, 0.9989137625420159];[0.9981644036255142, 0.998474624986542, 0.9987870340028336, 0.998832322385007, 0.9989137625420159]
