protocol,link_layer,blocksize,network_setup,data_format,dns_format,test_size,classifier,classifier_args,true_dns,false_dns,false_data,true_data,accuracy,precision,recall,f1_score
coaps,eth,1024,p2,json,dns_message,0.2,nb,,22462,1759,9906,15211,0.7635696623292392,0.6939569945625309,0.9273770694851575,0.7938645319761791
coaps,eth,1024,p2,json,dns_message,0.2,lr,max_iter=5000,22132,2089,4600,20517,0.8644249868255706,0.8279215920993566,0.9137525287973246,0.8687221557121269
coaps,eth,1024,p2,json,dns_message,0.2,knn,algorithm=brute,20927,3294,5313,19804,0.8255502857837772,0.7975228658536585,0.8640023120432683,0.8294326311408811
coaps,eth,1024,p2,json,dns_message,0.2,dt,,19695,4526,4106,21011,0.8250435769589363,0.8274862400739464,0.8131373601420255,0.8202490525175961
coaps,eth,1024,p2,json,dns_message,0.2,rf,"n_estimators=250,max_depth=9",22983,1238,4658,20459,0.8804977907495237,0.8314822184436164,0.9488873291771603,0.8863136786086152
