protocol;link_layer;link_layer_mode;blocksize;network_setup;data_format;dns_format;randiv_pad;vector_type;k;classifier;classifier_args;job_id;fit_time;score_time;accuracy;precision;recall;f1_score;balanced_accuracy;roc_auc
coaps;eth;;1024;d1;json;dns_cbor;0;binvec;5;dt;;20833657;[35.282859325408936, 34.32142448425293, 33.86572527885437, 34.254024267196655, 35.29937744140625];[1.7038671970367432, 1.7042696475982666, 1.6984498500823975, 1.704836130142212, 1.6986267566680908];[1.0, 1.0, 1.0, 1.0, 1.0];[1.0, 1.0, 1.0, 1.0, 1.0];[1.0, 1.0, 1.0, 1.0, 1.0];[1.0, 1.0, 1.0, 1.0, 1.0];[1.0, 1.0, 1.0, 1.0, 1.0];[1.0, 1.0, 1.0, 1.0, 1.0]
