protocol,link_layer,blocksize,network_setup,data_format,dns_format,test_size,classifier,classifier_args,true_data,false_data,false_dns,true_dns,accuracy,precision,recall,f1_score
coap,eth,1024,d1,json,dns_cbor,0.2,nb,,23478,887,15740,9234,0.6630049251099536,0.9123604386918289,0.3697445343156883,0.5262288075224391
coap,eth,1024,d1,json,dns_cbor,0.2,lr,max_iter=600,24365,0,1,24973,0.9999797320578042,1.0,0.9999599583566909,0.9999799787775041
coap,eth,1024,d1,json,dns_cbor,0.2,knn,"algorithm=brute,n_jobs=-1",24364,1,0,24974,0.9999797320578042,0.99995995995996,1.0,0.9999799795791707
coap,eth,1024,d1,json,dns_cbor,0.2,dt,,24365,0,5,24969,0.9998986602890209,1.0,0.9997997917834548,0.9998998858698916
coap,eth,1024,d1,json,dns_cbor,0.2,rf,"n_estimators=250,max_depth=9",24365,0,0,24974,1.0,1.0,1.0,1.0
