protocol;link_layer;link_layer_mode;blocksize;network_setup;data_format;dns_format;randiv_pad;vector_type;k;classifier;classifier_args;job_id;fit_time;score_time;accuracy;precision;recall;f1_score;balanced_accuracy;roc_auc
coaps;schc;;64;d1;cbor;dns_cbor;1;binvec;5;dt;;20833657;[122.46907997131348, 119.74884271621704, 113.06906628608704, 115.5909206867218, 115.77952146530151];[0.7605760097503662, 0.7397341728210449, 0.7397656440734863, 0.7680280208587646, 0.7306208610534668];[0.6427030271568087, 0.6528908860841633, 0.6532396742480776, 0.6512037247331365, 0.6339803541445292];[0.4718443182318496, 0.4850763376278025, 0.48590050843281746, 0.4827183665995239, 0.46605497729523665];[0.5165939601359331, 0.5099901183389168, 0.5228603793593791, 0.5082789038586681, 0.6010942132028633];[0.4932061622007202, 0.49722134104073407, 0.5037033597250923, 0.4951689970532643, 0.525030525030525];[0.6116340627033998, 0.6176850204130856, 0.6211186715791186, 0.6159919331930119, 0.625878434848693];[0.6116340627033999, 0.6176850204130856, 0.6211186715791186, 0.6159919331930119, 0.625878434848693]
