protocol;link_layer;link_layer_mode;blocksize;network_setup;data_format;dns_format;randiv_pad;vector_type;k;classifier;classifier_args;job_id;fit_time;score_time;accuracy;precision;recall;f1_score;balanced_accuracy;roc_auc
coaps;eth;;64;p2;json;dns_message;0;binvec;5;dt;;20833657;[792.7566015720367, 667.5083744525909, 761.8272790908813, 667.6384432315826, 723.9901616573334];[6.448730230331421, 6.345791816711426, 6.350394248962402, 6.344423294067383, 6.3162689208984375];[0.5846733156930592, 0.8410871910386799, 0.7471860179524931, 0.837552327514265, 0.7512840171247515];[0.49767960642938236, 0.8155560036293982, 0.6514338976991241, 0.8256633900152989, 0.6446548361006709];[0.4097438588435932, 0.7959233872290185, 0.836623921812994, 0.7699485093962153, 0.8887868551375816];[0.44945093489463883, 0.8056201035719028, 0.732505384063173, 0.7968332357508336, 0.7472872919797598];[0.5589363678997152, 0.83444253428714, 0.7603444351273356, 0.8276062173863158, 0.7715139154922229];[0.5589363678997153, 0.8344425342871399, 0.7603444351273356, 0.8276062173863159, 0.7715139154922229]
