protocol,link_layer,blocksize,network_setup,data_format,dns_format,test_size,classifier,classifier_args,true_data,false_data,false_dns,true_dns,accuracy,precision,recall,f1_score
coaps,eth,1024,p2,cbor,dns_cbor,0.2,nb,,8234,16886,1309,22695,0.6296107808810357,0.5733811677319927,0.9454674220963173,0.7138476055673508
coaps,eth,1024,p2,cbor,dns_cbor,0.2,lr,max_iter=2600,20072,5048,3248,20756,0.8311212441983552,0.804371415284452,0.8646892184635894,0.8334404111789271
coaps,eth,1024,p2,cbor,dns_cbor,0.2,knn,"algorithm=brute,n_jobs=-1",20044,5076,4502,19502,0.8050240208452081,0.793473838392058,0.8124479253457757,0.8028487917335638
coaps,eth,1024,p2,cbor,dns_cbor,0.2,dt,,20489,4631,4843,19161,0.807141112287273,0.8053547410894418,0.7982419596733877,0.801782575947778
coaps,eth,1024,p2,cbor,dns_cbor,0.2,rf,"n_estimators=250,max_depth=9",20266,4854,1544,22460,0.869758163016041,0.8222889360767373,0.9356773871021496,0.8753263961962664
