protocol,link_layer,link_layer_mode,blocksize,network_setup,data_format,dns_format,vector_type,run,test_size,classifier,classifier_args,true_dns,false_dns,false_data,true_data,accuracy,precision,recall,f1_score
coaps,eth,,64,d1,cbor,dns_cbor,binvec,1,0.2,nb,,7169,10376,11608,25492,0.5976942080702717,0.3817968791606753,0.4086064405813622,0.3947469852981664
coaps,eth,,64,d1,cbor,dns_cbor,binvec,1,0.2,lr,max_iter=5000,8613,8932,4442,32658,0.7552566566017019,0.6597472232860973,0.4909090909090909,0.5629411764705883
coaps,eth,,64,d1,cbor,dns_cbor,binvec,1,0.2,knn,algorithm=brute,10494,7051,5254,31846,0.7748192881324916,0.6663703327406655,0.5981191222570533,0.630402787372721
coaps,eth,,64,d1,cbor,dns_cbor,binvec,1,0.2,svm,C=0.01,8545,9000,4361,32739,0.7554945557690548,0.6620951495428483,0.4870333428327159,0.5612295162720436
coaps,eth,,64,d1,cbor,dns_cbor,binvec,1,0.2,dt,,9700,7845,8359,28741,0.7034678378625675,0.5371283016778338,0.5528640638358506,0.5448825974609595
coaps,eth,,64,d1,cbor,dns_cbor,binvec,1,0.2,rf,"n_estimators=250,max_depth=9",9539,8006,3597,33503,0.7876658431695489,0.7261723507917174,0.5436876603020804,0.6218180632965027
