protocol,link_layer,link_layer_mode,blocksize,network_setup,data_format,dns_format,vector_type,run,test_size,classifier,classifier_args,true_dns,false_dns,false_data,true_data,accuracy,precision,recall,f1_score
coaps,schc,,64,d2,json,dns_message,binvec,1,0.2,nb,,21277,3952,3468,45319,0.8997514051015997,0.8598504748434027,0.8433548693963296,0.8515227918517629
coaps,schc,,64,d2,json,dns_message,binvec,1,0.2,lr,max_iter=5000,25171,58,10,48777,0.9990812797233031,0.9996028751836702,0.9977010583059178,0.9986510612973616
coaps,schc,,64,d2,json,dns_message,binvec,1,0.2,knn,algorithm=brute,24456,773,1077,47710,0.9750054042369217,0.957819292680061,0.9693606563874906,0.9635554154682636
coaps,schc,,64,d2,json,dns_message,binvec,1,0.2,svm,C=0.01,25171,58,0,48787,0.9992163856463467,1.0,0.9977010583059178,0.9988492063492064
coaps,schc,,64,d2,json,dns_message,binvec,1,0.2,dt,,25205,24,53,48734,0.9989596843925638,0.9979016549212131,0.9990487137817591,0.9984748549131459
coaps,schc,,64,d2,json,dns_message,binvec,1,0.2,rf,"n_estimators=250,max_depth=9",24718,511,470,48317,0.9867461089494164,0.9813403207876766,0.9797455309366205,0.9805422774064304
