protocol,link_layer,blocksize,network_setup,data_format,dns_format,test_size,classifier,classifier_args,true_dns,false_dns,false_data,true_data,accuracy,precision,recall,f1_score
coaps,eth,1024,p1,cbor,dns_message,0.2,nb,,22979,1176,14533,10436,0.6802174090057813,0.612577308594583,0.9513144276547298,0.7452608364279112
coaps,eth,1024,p1,cbor,dns_message,0.2,lr,max_iter=2800,22447,1649,4383,20645,0.8772086963602312,0.8366380916884085,0.9315654050464808,0.8815536268310883
coaps,eth,1024,p1,cbor,dns_message,0.2,knn,"algorithm=brute,n_jobs=-1",21432,2723,7246,17723,0.797064571288983,0.747332449961643,0.887269716414821,0.8113111123729487
coaps,eth,1024,p1,cbor,dns_message,0.2,dt,,19975,4180,3875,21094,0.8360271964823711,0.8375262054507338,0.8269509418339889,0.8322049786480575
coaps,eth,1024,p1,cbor,dns_message,0.2,rf,"n_estimators=250,max_depth=9",23023,1132,4511,20458,0.8851274326194936,0.836166194523135,0.9531359966880563,0.8908278357097255
