protocol;link_layer;link_layer_mode;blocksize;network_setup;data_format;dns_format;randiv_pad;vector_type;k;classifier;classifier_args;job_id;fit_time;score_time;accuracy;precision;recall;f1_score;balanced_accuracy;roc_auc
coaps;schc;;64;d2;json;dns_message;1;binvec;5;dt;;20833657;[29.758273124694824, 30.178616762161255, 53.643033504486084, 30.29456901550293, 30.20373821258545];[0.6787889003753662, 0.6788556575775146, 0.6819195747375488, 0.6987559795379639, 0.6988987922668457];[0.9983961455546609, 0.9986818524194176, 0.9987792524869484, 0.9988961325679853, 0.998909119243656];[0.9975462932670287, 0.9981343283582089, 0.9979392234470577, 0.9984288052373159, 0.998249460113867];[0.9984118927945775, 0.9985428707084268, 0.9989849045482825, 0.9987884344608533, 0.9990012770555683];[0.9979789053358535, 0.9983385577371647, 0.9984617902143675, 0.9986085874707394, 0.9986252270830265];[0.998398843895271, 0.9986580374526799, 0.9988144934682097, 0.9988776771878121, 0.9989249116052867];[0.998398843895271, 0.99865803745268, 0.9988144934682097, 0.9988776771878122, 0.9989249116052867]
