protocol;link_layer;link_layer_mode;blocksize;network_setup;data_format;dns_format;randiv_pad;vector_type;k;classifier;classifier_args;job_id;fit_time;score_time;accuracy;precision;recall;f1_score;balanced_accuracy;roc_auc
coaps;eth;;1024;p2;json;dns_cbor;0;binvec;5;dt;;20833657;[114.44131231307983, 113.66100478172302, 114.0538501739502, 108.69930338859558, 111.35524225234985];[1.7385663986206055, 1.7409446239471436, 1.747074842453003, 1.7385945320129395, 1.7356653213500977];[0.7312559821333617, 0.6996001191134555, 0.7215084868337092, 0.7660058705917386, 0.7865742119368698];[0.739293102689379, 0.7235137195121951, 0.7370265841223598, 0.7770982894620225, 0.8026960233655358];[0.7144801769610345, 0.6461054154081763, 0.6887735568128642, 0.7459905560045944, 0.7599438465138044];[0.726674886970818, 0.6826220813950875, 0.7120835623969214, 0.7612267488550778, 0.7807351077313055];[0.731256338959098, 0.6996001191134555, 0.7215084868337092, 0.7660058705917386, 0.7865742119368699];[0.7312563389590981, 0.6996001191134555, 0.721508486833709, 0.7660058705917385, 0.7865742119368699]
