protocol;link_layer;link_layer_mode;blocksize;network_setup;data_format;dns_format;randiv_pad;vector_type;k;classifier;classifier_args;job_id;fit_time;score_time;accuracy;precision;recall;f1_score;balanced_accuracy;roc_auc
coaps;schc;;64;p2;json;dns_message;1;binvec;5;dt;;20833657;[115.04320216178894, 113.52853989601135, 114.0470917224884, 114.11589550971985, 113.39624285697937];[0.7872560024261475, 0.7808554172515869, 0.7545554637908936, 0.7573068141937256, 0.7401976585388184];[0.6888301311059968, 0.7914263918698766, 0.745059250208491, 0.7390792782658728, 0.651008837428806];[0.6134498782152049, 0.7320245752135932, 0.6516153226478514, 0.7062444510210122, 0.5374352438121865];[0.5796174185545472, 0.7467804854162926, 0.7657466499094129, 0.5842623271908205, 0.853412114188715];[0.5960539456347508, 0.7393289111166771, 0.7040858439950475, 0.6394883521509218, 0.6595313928920564];[0.6700380061857261, 0.7837438186097487, 0.7486190216233714, 0.7124392478636299, 0.6858372551760565];[0.6700380061857263, 0.7837438186097487, 0.7486190216233715, 0.7124392478636298, 0.6858372551760565]
