protocol,link_layer,blocksize,network_setup,data_format,dns_format,test_size,classifier,classifier_args,true_dns,false_dns,false_data,true_data,accuracy,precision,recall,f1_score
coap,eth,1024,p1,json,dns_cbor,0.2,nb,,23912,121,19416,5890,0.6040252133200916,0.5518833087149188,0.9949652561061874,0.7099657071599293
coap,eth,1024,p1,json,dns_cbor,0.2,lr,max_iter=2800,24158,2,0,25179,0.9999594641156083,1.0,0.9999172185430464,0.9999586075582598
coap,eth,1024,p1,json,dns_cbor,0.2,knn,"algorithm=brute,n_jobs=-1",24027,6,0,25306,0.9998783923468251,1.0,0.9997503432779927,0.9998751560549314
coap,eth,1024,p1,json,dns_cbor,0.2,dt,,24022,11,19,25287,0.9993919617341251,0.9992096834574269,0.9995422960096534,0.9993759620584931
coap,eth,1024,p1,json,dns_cbor,0.2,rf,"n_estimators=250,max_depth=9",24033,0,0,25306,1.0,1.0,1.0,1.0
