protocol,link_layer,link_layer_mode,blocksize,network_setup,data_format,dns_format,vector_type,run,test_size,classifier,classifier_args,true_dns,false_dns,false_data,true_data,accuracy,precision,recall,f1_score
coaps,schc,,1024,p1,json,dns_message,word2vec,1,0.2,nb,,6522,7275,4500,20242,0.6944653467915618,0.5917256396298313,0.47271145901282885,0.5255650912607277
coaps,schc,,1024,p1,json,dns_message,word2vec,1,0.2,lr,max_iter=5000,10096,3701,4655,20087,0.7831806741223176,0.6844281743610603,0.7317532796984851,0.7072999859885106
coaps,schc,,1024,p1,json,dns_message,word2vec,1,0.2,knn,algorithm=brute,9374,4423,4282,20460,0.7741249124263733,0.6864381956649092,0.6794230629847068,0.6829126142862346
coaps,schc,,1024,p1,json,dns_message,word2vec,1,0.2,svm,C=0.01,10638,3159,5226,19516,0.7824281896260931,0.6705748865355522,0.7710371819960861,0.7173055527460301
coaps,schc,,1024,p1,json,dns_message,word2vec,1,0.2,dt,,10385,3412,3611,21131,0.8177690132074003,0.7419977136324665,0.7526998622889034,0.7473104738603246
coaps,schc,,1024,p1,json,dns_message,word2vec,1,0.2,rf,"n_estimators=250,max_depth=9",11686,2111,5518,19224,0.802044682010431,0.6792606370611486,0.8469957237080524,0.753911164155995
