protocol;link_layer;link_layer_mode;blocksize;network_setup;data_format;dns_format;randiv_pad;vector_type;k;classifier;classifier_args;job_id;fit_time;score_time;accuracy;precision;recall;f1_score;balanced_accuracy;roc_auc
coaps;schc;;64;p1;cbor;dns_message;1;binvec;5;dt;;20833657;[215.5482668876648, 213.23241257667542, 212.70394277572632, 196.8185739517212, 204.1156668663025];[1.0847618579864502, 1.0406928062438965, 1.0105490684509277, 1.0653696060180664, 0.976132869720459];[0.7067009339936062, 0.7790523551822367, 0.7746366061416522, 0.7671841590226847, 0.756122193124199];[0.6643530419880034, 0.7296365330848089, 0.7191040164778579, 0.7161944073740728, 0.662869114620782];[0.6324745884387594, 0.7664094238958411, 0.7746814377314777, 0.7530143087892186, 0.8724119364996492];[0.6480219991474494, 0.7475710386644492, 0.7458588270407401, 0.7341429855328354, 0.7533408003832146];[0.6972316310445991, 0.7774394541883989, 0.7746423254573827, 0.7653764638761735, 0.7709571379648394];[0.697231631044599, 0.7774394541883988, 0.7746423254573827, 0.7653764638761735, 0.7709571379648394]
