protocol;link_layer;link_layer_mode;blocksize;network_setup;data_format;dns_format;randiv_pad;vector_type;k;classifier;classifier_args;job_id;fit_time;score_time;accuracy;precision;recall;f1_score;balanced_accuracy;roc_auc
coaps;schc;min_rules;1024;d2;cbor;dns_message;1;binvec;5;dt;;20833657;[128.37150955200195, 118.48348546028137, 124.82172894477844, 128.75632619857788, 130.3191237449646];[0.5011887550354004, 0.542902946472168, 0.5142576694488525, 0.513707160949707, 0.550041675567627];[0.8794995727408673, 0.875799452566927, 0.8711395954336071, 0.8712330596167969, 0.8176246745443622];[0.8628283445326818, 0.8541094857487559, 0.8447803016753115, 0.8471717929482371, 0.826342195979385];[0.8616966110484092, 0.8638013604612147, 0.8644419363694598, 0.8611780495988774, 0.7385455432859496];[0.862262106435908, 0.8589280839576572, 0.8544980325347887, 0.8541175046892963, 0.7799809925742176];[0.8775274782262206, 0.8744704940603946, 0.8703977349020551, 0.8701193249514144, 0.808863871778325];[0.8775274782262206, 0.8744704940603946, 0.8703977349020552, 0.8701193249514144, 0.8088638717783249]
