protocol,link_layer,link_layer_mode,blocksize,network_setup,data_format,dns_format,vector_type,run,test_size,classifier,classifier_args,true_dns,false_dns,false_data,true_data,accuracy,precision,recall,f1_score
coaps,schc,,64,d1,json,dns_message,word2vec,1,0.2,nb,,23427,1768,39109,9771,0.44816739790752613,0.37461622105667136,0.9298273466957729,0.5340643558149343
coaps,schc,,64,d1,json,dns_message,word2vec,1,0.2,lr,max_iter=5000,19094,6101,3008,45872,0.877030037124536,0.8639037191204416,0.7578487795197459,0.8074085037105948
coaps,schc,,64,d1,json,dns_message,word2vec,1,0.2,knn,algorithm=brute,19921,5274,3398,45482,0.8829294633817077,0.8542819160341353,0.7906727525302639,0.8212474749556828
coaps,schc,,64,d1,json,dns_message,word2vec,1,0.2,svm,C=0.01,18920,6275,2753,46127,0.8781235234559568,0.8729755917501039,0.7509426473506648,0.8073739011692412
coaps,schc,,64,d1,json,dns_message,word2vec,1,0.2,dt,,20684,4511,4905,43975,0.8728855889301383,0.8083160733127516,0.8209565389958325,0.8145872715816005
coaps,schc,,64,d1,json,dns_message,word2vec,1,0.2,rf,"n_estimators=250,max_depth=9",18590,6605,1720,47160,0.8876139048261896,0.9153126538650911,0.7378448104782696,0.8170530710910889
