protocol;link_layer;link_layer_mode;blocksize;network_setup;data_format;dns_format;randiv_pad;vector_type;k;classifier;classifier_args;job_id;fit_time;score_time;accuracy;precision;recall;f1_score;balanced_accuracy;roc_auc
coap;eth;;64;p2;cbor;dns_cbor;0;binvec;5;dt;;20833657;[729.7949368953705, 777.4061946868896, 808.4491100311279, 799.865927696228, 835.1299164295197];[4.9441819190979, 5.016323804855347, 4.981827974319458, 4.954456329345703, 5.102512359619141];[0.7180439308323066, 0.9995921315375791, 0.9997280876917194, 0.9996686040583257, 0.9998300533632439];[0.5943070207348127, 0.9995418153757114, 0.9995179096562696, 0.999445569376145, 0.9997589025242906];[0.6302136072134625, 0.9993008341771542, 0.9997106900043397, 0.9996142440388649, 0.9997589025242906];[0.6117338700241043, 0.9994213102500422, 0.999614290535654, 0.9995298995913743, 0.9997589025242906];[0.6980309444336894, 0.9995257566243153, 0.9997241234608416, 0.999656217246905, 0.9998138404914811];[0.6980309444336894, 0.9995257566243154, 0.9997241234608416, 0.999656217246905, 0.9998138404914811]
