protocol,link_layer,blocksize,network_setup,data_format,dns_format,test_size,classifier,classifier_args,true_data,false_data,false_dns,true_dns,accuracy,precision,recall,f1_score
coap,eth,1024,p1,json,dns_cbor,0.2,nb,,23516,561,18981,6281,0.6039238736091125,0.9180064308681672,0.24863431240598527,0.3912908048841266
coap,eth,1024,p1,json,dns_cbor,0.2,knn,"algorithm=brute,n_jobs=-1",24072,5,2,25260,0.9998581244046292,0.9998020977637048,0.9999208297046948,0.999861460209393
coap,eth,1024,p1,json,dns_cbor,0.2,dt,,24076,1,0,25262,0.9999797320578042,0.9999604164192692,1.0,0.999980207817912
coap,eth,1024,p1,json,dns_cbor,0.2,rf,"n_estimators=250,max_depth=9",24076,1,0,25262,0.9999797320578042,0.9999604164192692,1.0,0.999980207817912
coap,eth,1024,p1,json,dns_cbor,0.2,lr,max_iter=2400,24139,2,4,25194,0.9998783923468251,0.9999206223210033,0.9998412572426383,0.9998809382069294
