protocol,link_layer,link_layer_mode,blocksize,network_setup,data_format,dns_format,vector_type,run,test_size,classifier,classifier_args,true_dns,false_dns,false_data,true_data,accuracy,precision,recall,f1_score
coap,eth,,64,d1,cbor,dns_cbor,binvec,1,0.2,nb,,15091,2454,17014,36827,0.7272854621354328,0.4700513938638841,0.8601310914790539,0.6078952668680765
coap,eth,,64,d1,cbor,dns_cbor,binvec,1,0.2,lr,max_iter=5000,17381,164,7,53834,0.9976045723251058,0.999597423510467,0.9906526075805072,0.995104915123236
coap,eth,,64,d1,cbor,dns_cbor,binvec,1,0.2,knn,algorithm=brute,17242,303,352,53489,0.9908245314207268,0.979993179493009,0.9827301225420347,0.9813597427359914
coap,eth,,64,d1,cbor,dns_cbor,binvec,1,0.2,svm,C=0.01,17371,174,20,53821,0.997282380298658,0.9988499798746479,0.9900826446280991,0.9944469887794825
coap,eth,,64,d1,cbor,dns_cbor,binvec,1,0.2,dt,,17403,142,193,53648,0.9953072030930434,0.9890315980904751,0.9919065260758051,0.9904669758971002
coap,eth,,64,d1,cbor,dns_cbor,binvec,1,0.2,rf,"n_estimators=250,max_depth=9",17070,475,1199,52642,0.9765500238141933,0.9343696973014396,0.9729267597606156,0.9532585022616854
