protocol,link_layer,link_layer_mode,blocksize,network_setup,data_format,dns_format,vector_type,run,test_size,classifier,classifier_args,true_dns,false_dns,false_data,true_data,accuracy,precision,recall,f1_score
coaps,eth,,64,p1,cbor,dns_message,binvec,1,0.2,nb,,9783,15275,8401,28932,0.6205221907005818,0.5380004399472064,0.3904142389655998,0.4524767587068128
coaps,eth,,64,p1,cbor,dns_message,binvec,1,0.2,lr,max_iter=5000,20449,4609,3591,33742,0.8685707874533186,0.8506239600665557,0.8160667251975418,0.832987087050389
coaps,eth,,64,p1,cbor,dns_message,binvec,1,0.2,knn,algorithm=brute,21084,3974,3628,33705,0.8781555031975766,0.8531887342181936,0.8414079335940617,0.8472573839662447
coaps,eth,,64,p1,cbor,dns_message,binvec,1,0.2,svm,C=0.01,20402,4656,3592,33741,0.867801445721338,0.8502959073101609,0.8141910767020513,0.831851912256381
coaps,eth,,64,p1,cbor,dns_message,binvec,1,0.2,dt,,21295,3763,3656,33677,0.8810886185507525,0.8534728067011342,0.84982839811637,0.8516467035933531
coaps,eth,,64,p1,cbor,dns_message,binvec,1,0.2,rf,"n_estimators=250,max_depth=9",20369,4689,3660,33673,0.8661826224936289,0.8476840484414666,0.8128741320137282,0.8299142339112189
