protocol,link_layer,link_layer_mode,blocksize,network_setup,data_format,dns_format,vector_type,run,test_size,classifier,classifier_args,true_dns,false_dns,false_data,true_data,accuracy,precision,recall,f1_score
coaps,schc,,64,p1,json,dns_message,binvec,1,0.2,nb,,13230,11902,10739,38675,0.6962814906232393,0.5519629521465226,0.5264204997612606,0.5388892283252887
coaps,schc,,64,p1,json,dns_message,binvec,1,0.2,lr,max_iter=5000,18870,6262,3047,46367,0.8751240844579186,0.8609754984715061,0.7508355880948592,0.8021424472358605
coaps,schc,,64,p1,json,dns_message,binvec,1,0.2,knn,algorithm=brute,19762,5370,3310,46104,0.8835618275963835,0.8565360610263523,0.7863281871717333,0.8199319558542859
coaps,schc,,64,p1,json,dns_message,binvec,1,0.2,svm,C=0.01,18964,6168,3120,46294,0.8754057897137338,0.8587212461510596,0.7545758395670857,0.8032870213486953
coaps,schc,,64,p1,json,dns_message,binvec,1,0.2,dt,,20097,5035,5880,43534,0.8535803396560513,0.7736459175424414,0.7996578067802005,0.7864368310865014
coaps,schc,,64,p1,json,dns_message,binvec,1,0.2,rf,"n_estimators=250,max_depth=9",19282,5850,2396,47018,0.8893837362165643,0.8894731986345604,0.76722903071781,0.823841059602649
