protocol;link_layer;link_layer_mode;blocksize;network_setup;data_format;dns_format;randiv_pad;vector_type;k;classifier;classifier_args;job_id;fit_time;score_time;accuracy;precision;recall;f1_score;balanced_accuracy;roc_auc
coaps;schc;min_rules;64;d2;json;dns_message;1;binvec;5;dt;;20833657;[22.68863320350647, 23.080988883972168, 23.45026445388794, 22.85201072692871, 23.63259506225586];[0.6757659912109375, 0.6825425624847412, 0.6971950531005859, 0.6971139907836914, 0.6752293109893799];[0.9982727721357887, 0.9986428923924054, 0.9987597724734423, 0.9987532791356069, 0.998792231320169];[0.997220087321963, 0.9981341451438672, 0.9979065469473202, 0.9979716687931429, 0.9979555788165254];[0.9984282650338087, 0.9984446372730398, 0.9989685320409968, 0.998886669504568, 0.9990012770555683];[0.9978238104587996, 0.9982893670658144, 0.9984372570998438, 0.9984289595129775, 0.9984781541482572];[0.9982994163479508, 0.9986089207349864, 0.998795545963679, 0.9987761371972401, 0.998828053109436];[0.9982994163479509, 0.9986089207349864, 0.9987955459636789, 0.9987761371972402, 0.998828053109436]
