protocol;link_layer;link_layer_mode;blocksize;network_setup;data_format;dns_format;randiv_pad;vector_type;k;classifier;classifier_args;job_id;fit_time;score_time;accuracy;precision;recall;f1_score;balanced_accuracy;roc_auc
coaps;schc;;1024;d2;json;dns_cbor;1;binvec;5;dt;;20833657;[39.92508149147034, 40.18842816352844, 40.79693412780762, 39.206926107406616, 40.40472722053528];[0.3973510265350342, 0.4154531955718994, 0.3952295780181885, 0.432675838470459, 0.4238414764404297];[0.9339452594215357, 0.9320734311305843, 0.9323784698150356, 0.9278167549430132, 0.8938188070214359];[0.9053525286083426, 0.8998058394695387, 0.8932363845793888, 0.8920997011879601, 0.8814162832566513];[0.9176831549801692, 0.9190301578986755, 0.9284965950759559, 0.9159994013320362, 0.8243592142188961];[0.911476140924632, 0.909316402273106, 0.9105252536371475, 0.9038915965145473, 0.8519334880123743];[0.9306012038888862, 0.9293912794956414, 0.9315802210554684, 0.9253866951148682, 0.8795342781229512];[0.9306012038888862, 0.9293912794956414, 0.9315802210554686, 0.9253866951148683, 0.8795342781229512]
