protocol,link_layer,blocksize,network_setup,data_format,dns_format,test_size,classifier,classifier_args,true_data,false_data,false_dns,true_dns,accuracy,precision,recall,f1_score
coap,eth,1024,d1,json,dns_cbor,0.2,nb,,5032,20130,4,24173,0.5919252518291818,0.545628964178498,0.9998345535012615,0.7059871495327102
coap,eth,1024,d1,json,dns_cbor,0.2,lr,max_iter=2400,25162,0,2,24175,0.9999594641156083,1.0,0.9999172767506308,0.9999586366644606
coap,eth,1024,d1,json,dns_cbor,0.2,knn,"algorithm=brute,n_jobs=-1",25162,0,0,24177,1.0,1.0,1.0,1.0
coap,eth,1024,d1,json,dns_cbor,0.2,dt,,25160,2,1,24176,0.9999391961734125,0.9999172801720573,0.9999586383753154,0.9999379588460345
coap,eth,1024,d1,json,dns_cbor,0.2,rf,"n_estimators=250,max_depth=9",25162,0,0,24177,1.0,1.0,1.0,1.0
