protocol;link_layer;link_layer_mode;blocksize;network_setup;data_format;dns_format;randiv_pad;vector_type;k;classifier;classifier_args;job_id;fit_time;score_time;accuracy;precision;recall;f1_score;balanced_accuracy;roc_auc
coaps;schc;;64;p2;json;dns_message;0;binvec;5;dt;;20833657;[103.65153217315674, 102.81652688980103, 104.10608172416687, 105.1589469909668, 97.66667628288269];[0.7733175754547119, 0.757134199142456, 0.772148847579956, 0.7528049945831299, 0.7357981204986572];[0.6975252773396085, 0.7982920017584236, 0.7617579178060937, 0.6766548360194721, 0.6975685757323041];[0.6288714845140619, 0.7496346728661574, 0.6730161429766005, 0.5881283975373239, 0.5786444873938631];[0.5766468629627212, 0.7368240651574257, 0.7750665121517293, 0.612760539931774, 0.8698320466156332];[0.6016279544990123, 0.7431741667832772, 0.7204454424080592, 0.6001918465227818, 0.6949695171649334];[0.6767258464852144, 0.7877147290900545, 0.7640479858866037, 0.6656602648275809, 0.7272107051610324];[0.6767258464852143, 0.7877147290900545, 0.7640479858866037, 0.665660264827581, 0.7272107051610324]
