protocol,link_layer,link_layer_mode,blocksize,network_setup,data_format,dns_format,vector_type,run,test_size,classifier,classifier_args,true_dns,false_dns,false_data,true_data,accuracy,precision,recall,f1_score
coaps,eth,,1024,p2,json,dns_cbor,binvec,1,0.2,nb,,8884,1248,4382,5650,0.7207895258877207,0.6696818935624905,0.8768258981444927,0.7593811436874947
coaps,eth,,1024,p2,json,dns_cbor,binvec,1,0.2,lr,max_iter=5000,8791,1341,2392,7640,0.8148680817298155,0.7861039077170705,0.8676470588235294,0.8248651184611776
coaps,eth,,1024,p2,json,dns_cbor,binvec,1,0.2,knn,algorithm=brute,8842,1290,2195,7837,0.8271672287244595,0.801123493702999,0.8726806158705093,0.8353724786244036
coaps,eth,,1024,p2,json,dns_cbor,binvec,1,0.2,svm,C=0.01,8863,1269,2445,7587,0.8158103550882762,0.7837813937035727,0.874753257007501,0.8267723880597015
coaps,eth,,1024,p2,json,dns_cbor,binvec,1,0.2,dt,,9644,488,468,9564,0.9525887720690339,0.9537183544303798,0.9518357678641927,0.9527761311993677
coaps,eth,,1024,p2,json,dns_cbor,binvec,1,0.2,rf,"n_estimators=250,max_depth=9",9411,721,2862,7170,0.8223070819281888,0.7668051821070643,0.9288393209632847,0.8400803392099978
