protocol;link_layer;link_layer_mode;blocksize;network_setup;data_format;dns_format;randiv_pad;vector_type;k;classifier;classifier_args;job_id;fit_time;score_time;accuracy;precision;recall;f1_score;balanced_accuracy;roc_auc
coap;eth;;64;p1;cbor;dns_message;0;binvec;5;dt;;20833657;[401.70229411125183, 466.73242139816284, 468.64637994766235, 461.3966453075409, 468.4377233982086];[6.168728351593018, 5.647718667984009, 5.652029037475586, 5.671694278717041, 5.659980058670044];[0.887928332446479, 1.0, 1.0, 1.0, 1.0];[0.8626568488684616, 1.0, 1.0, 1.0, 1.0];[0.889491981240366, 1.0, 1.0, 1.0, 1.0];[0.8758689175769613, 1.0, 1.0, 1.0, 1.0];[0.8880845290746557, 1.0, 1.0, 1.0, 1.0];[0.8880845290746556, 1.0, 1.0, 1.0, 1.0]
