protocol;link_layer;link_layer_mode;blocksize;network_setup;data_format;dns_format;randiv_pad;vector_type;k;classifier;classifier_args;job_id;fit_time;score_time;accuracy;precision;recall;f1_score;balanced_accuracy;roc_auc
coaps;eth;;64;p1;cbor;dns_cbor;0;binvec;5;dt;;20833657;[469.43227076530457, 560.3134343624115, 622.7218632698059, 602.07941198349, 619.1667923927307];[5.5243988037109375, 5.068380832672119, 5.644072532653809, 4.850275039672852, 6.679370164871216];[0.6774695160810639, 0.6956196626587925, 0.7075813194656878, 0.6996363141973421, 0.6772968287957581];[0.5412362682406952, 0.5670976159411695, 0.5921481674709795, 0.5759046887771531, 0.5340984373173298];[0.5570905058103091, 0.5763537296880273, 0.5472780751241622, 0.5605757407719941, 0.6608722906671167];[0.5490489598555321, 0.5716882091997179, 0.5688296392818213, 0.5681368356750153, 0.5907606763003912];[0.6500399974824244, 0.6684437694590752, 0.6710552515084895, 0.6679491088549041, 0.6735542315985996];[0.6500399974824244, 0.6684437694590754, 0.6710552515084894, 0.6679491088549041, 0.6735542315985996]
