protocol,link_layer,blocksize,network_setup,data_format,dns_format,test_size,classifier,classifier_args,true_dns,false_dns,false_data,true_data,accuracy,precision,recall,f1_score
coaps,schc,1024,p2,json,dns_message,0.2,nb,,16518,16881,15999,38513,0.6259853715689732,0.5079804410000922,0.4945657055600467,0.5011833242308392
coaps,schc,1024,p2,json,dns_message,0.2,lr,max_iter=5000,26269,7130,10999,43513,0.7937800730284037,0.7048674466029838,0.78652055450762,0.7434587572700129
coaps,schc,1024,p2,json,dns_message,0.2,knn,algorithm=brute,25256,8143,9380,45132,0.8006734083334281,0.7291835084882781,0.756190305098955,0.7424413904607923
coaps,schc,1024,p2,json,dns_message,0.2,dt,,23112,10287,10622,43890,0.7621571816951235,0.6851247999051402,0.6919967663702506,0.6885436372573845
coaps,schc,1024,p2,json,dns_message,0.2,rf,"n_estimators=250,max_depth=9",30164,3235,13494,41018,0.8097052701027175,0.6909157542718403,0.9031408125991797,0.7829009694122533
