protocol;link_layer;link_layer_mode;blocksize;network_setup;data_format;dns_format;randiv_pad;vector_type;k;classifier;classifier_args;job_id;fit_time;score_time;accuracy;precision;recall;f1_score;balanced_accuracy;roc_auc
coaps;schc;peer_based;1024;d2;json;dns_cbor;0;binvec;5;dt;;20833657;[54.624069929122925, 56.50156283378601, 54.231290340423584, 54.59050798416138, 54.42777967453003];[0.5911247730255127, 0.5784330368041992, 0.4674966335296631, 0.5569005012512207, 0.44254350662231445];[0.7058913203154233, 0.7148440206771346, 0.555144409335329, 0.6517822495703753, 0.5003048949498309];[0.6026571396672993, 0.6067629837508228, 0.4187041193957411, 0.5262900384891382, 0.22506786262244777];[0.6056322225962077, 0.6549609185085455, 0.5162122742062156, 0.603448275862069, 0.14264342882788542];[0.604141018466704, 0.629941369015503, 0.4623733355665355, 0.5622343020419541, 0.17461770900100723];[0.6852746079293954, 0.7025299990842961, 0.5471388781472102, 0.6418425931690459, 0.42675348155472387];[0.6852746079293954, 0.7025299990842961, 0.5471388781472102, 0.6418425931690459, 0.42675348155472387]
