protocol,link_layer,blocksize,network_setup,data_format,dns_format,test_size,classifier,classifier_args,true_data,false_data,false_dns,true_dns,accuracy,precision,recall,f1_score
coaps,eth,1024,d1,json,dns_cbor,0.2,nb,,21300,2890,14857,10292,0.6403048298506253,0.7807616446669701,0.40924092409240925,0.5370066004017636
coaps,eth,1024,d1,json,dns_cbor,0.2,knn,"algorithm=brute,n_jobs=-1",19078,5112,6797,18352,0.7586290763898741,0.7821343334469826,0.7297308044057418,0.7550243761956679
coaps,eth,1024,d1,json,dns_cbor,0.2,dt,,18915,5275,4745,20404,0.7969152191977948,0.7945792281630905,0.8113245059445704,0.8028645628393799
coaps,eth,1024,d1,json,dns_cbor,0.2,rf,"n_estimators=250,max_depth=9",22452,1738,5078,20071,0.8618537059932305,0.9203081296712367,0.7980834228001114,0.8548490140125218
coaps,eth,1024,d1,json,dns_cbor,0.2,lr,max_iter=2400,20926,3192,5449,19772,0.8248647114858428,0.8609998258143181,0.7839498830339796,0.820670333091211
