protocol;link_layer;link_layer_mode;blocksize;network_setup;data_format;dns_format;randiv_pad;vector_type;k;classifier;classifier_args;job_id;fit_time;score_time;accuracy;precision;recall;f1_score;balanced_accuracy;roc_auc
coaps;eth;;64;d1;cbor;dns_cbor;0;binvec;5;dt;;20833657;[589.5687673091888, 664.9670617580414, 469.5066969394684, 471.06617999076843, 484.72946977615356];[4.513074159622192, 5.135690689086914, 6.207268714904785, 6.143591403961182, 5.48975396156311];[0.6269957938564813, 0.6942261120788545, 0.7017121978162043, 0.6968576866863805, 0.6627748886849529];[0.46710902020504175, 0.5654286871381947, 0.5844551621793512, 0.571927997619756, 0.5172108935057946];[0.4141231496214861, 0.5722310622498674, 0.5317276628574183, 0.5561395472189407, 0.6488174168816453];[0.4390231434742048, 0.5688095380744114, 0.5568460120685738, 0.5639232847241746, 0.5755871155409162];[0.5784907086173487, 0.6664283632794602, 0.6629795819503148, 0.6647927780578806, 0.6595944525325728];[0.5784907086173487, 0.6664283632794602, 0.6629795819503148, 0.6647927780578806, 0.6595944525325729]
