protocol;link_layer;link_layer_mode;blocksize;network_setup;data_format;dns_format;randiv_pad;vector_type;k;classifier;classifier_args;job_id;fit_time;score_time;accuracy;precision;recall;f1_score;balanced_accuracy;roc_auc
coaps;schc;;1024;d2;cbor;dns_cbor;0;binvec;5;dt;;20833657;[27.50094223022461, 27.410563945770264, 27.70560884475708, 30.50944948196411, 28.63977885246277];[0.32645153999328613, 0.33095502853393555, 0.32680654525756836, 0.4439220428466797, 0.3468613624572754];[0.9414100568735545, 0.9451046560677246, 0.9477810586335801, 0.9465883140118402, 0.9433737217995898];[0.9188360843395739, 0.9211308977418763, 0.9222453526167781, 0.9251236253598052, 0.923940103295805];[0.9314940291243964, 0.9391307603039718, 0.945307528169805, 0.9384920634920635, 0.9308924827792753];[0.9251217607911663, 0.9300437458293171, 0.9336340444411579, 0.9317598959301245, 0.9274032634032634];[0.9396027572589343, 0.9440158511768217, 0.9473302318744162, 0.9451125303068234, 0.9410986428454979];[0.9396027572589344, 0.9440158511768217, 0.9473302318744163, 0.9451125303068234, 0.9410986428454979]
