protocol,link_layer,blocksize,network_setup,data_format,dns_format,test_size,classifier,classifier_args,true_dns,false_dns,false_data,true_data,accuracy,precision,recall,f1_score
coaps,eth,1024,d1,json,dns_cbor,0.2,nb,,21685,2504,15613,9536,0.6327982488143014,0.5813984664057054,0.8964818719252553,0.7053523509034431
coaps,eth,1024,d1,json,dns_cbor,0.2,lr,max_iter=5000,21112,3077,5907,19242,0.8179091167051765,0.7813760686924016,0.8727934184960106,0.8245586627089517
coaps,eth,1024,d1,json,dns_cbor,0.2,knn,algorithm=brute,20181,4008,7638,17511,0.7639547610361183,0.7254394478593766,0.8343048493116706,0.7760729118597139
coaps,eth,1024,d1,json,dns_cbor,0.2,dt,,18760,5429,4953,20196,0.7895739592200738,0.791127229789567,0.7755591384513622,0.7832658344119243
coaps,eth,1024,d1,json,dns_cbor,0.2,rf,"n_estimators=250,max_depth=9",22309,1880,5501,19648,0.8503992865539747,0.8021934555915139,0.9222787217330192,0.8580549625954346
