protocol;link_layer;link_layer_mode;blocksize;network_setup;data_format;dns_format;randiv_pad;vector_type;k;classifier;classifier_args;job_id;fit_time;score_time;accuracy;precision;recall;f1_score;balanced_accuracy;roc_auc
coap;eth;;64;d2;json;dns_cbor;0;binvec;5;dt;;20833657;[217.3387942314148, 330.4083242416382, 334.85377621650696, 347.4852421283722, 357.9207456111908];[4.834385633468628, 4.9643027782440186, 5.228229284286499, 5.152802228927612, 4.954590320587158];[0.9823871037776812, 1.0, 1.0, 1.0, 1.0];[0.9597566682264858, 1.0, 1.0, 1.0, 1.0];[0.9790910826809242, 1.0, 1.0, 1.0, 1.0];[0.9693274729429557, 1.0, 1.0, 1.0, 1.0];[0.9813935734933399, 1.0, 1.0, 1.0, 1.0];[0.9813935734933399, 1.0, 1.0, 1.0, 1.0]
