protocol;link_layer;link_layer_mode;blocksize;network_setup;data_format;dns_format;randiv_pad;vector_type;k;classifier;classifier_args;job_id;fit_time;score_time;accuracy;precision;recall;f1_score;balanced_accuracy;roc_auc
coaps;schc;peer_based;1024;d2;json;dns_message;0;binvec;5;dt;;20833657;[56.99379348754883, 56.454795122146606, 61.61907649040222, 61.43148374557495, 62.27713203430176];[0.3771028518676758, 0.384660005569458, 0.3862888813018799, 0.3825414180755615, 0.382779598236084];[0.6865329732911862, 0.5406519151768003, 0.750569505234329, 0.8343187693567791, 0.8339220353733139];[0.5910833921015515, 0.4640091901206203, 0.6934064012126159, 0.8557474772866018, 0.8495794161306284];[0.8187118437118437, 0.6164835164835165, 0.7261294261294261, 0.727433682346836, 0.7337830825116762];[0.6865209378519505, 0.5294881038211968, 0.709390749411028, 0.7863907863907864, 0.7874469723027534];[0.7049111346195349, 0.5511955474394048, 0.7471715489763884, 0.8194562801209488, 0.81999760353134];[0.7049111346195349, 0.5511955474394047, 0.7471715489763884, 0.8194562801209487, 0.81999760353134]
