protocol;link_layer;link_layer_mode;blocksize;network_setup;data_format;dns_format;randiv_pad;vector_type;k;classifier;classifier_args;job_id;fit_time;score_time;accuracy;precision;recall;f1_score;balanced_accuracy;roc_auc
coaps;eth;;64;p1;cbor;dns_message;0;binvec;5;dt;;20833657;[2001.4856996536255, 1639.3827891349792, 1309.0369091033936, 1330.241444826126, 1379.1919136047363];[16.438976049423218, 7.446764945983887, 7.437973737716675, 7.277387380599976, 7.152560710906982];[0.8116845251111597, 0.8630439536409359, 0.8711995859726362, 0.8418021853064022, 0.8678902827486169];[0.7979720908150635, 0.8477655242899296, 0.8497528989954456, 0.8054022112678246, 0.818874438260766];[0.7717359220753665, 0.8433308189301761, 0.8627955790233184, 0.8493161916631137, 0.902397428749467];[0.7846347502063205, 0.8455423568580707, 0.8562245728234337, 0.8267764927487649, 0.8586094988454097];[0.8076937536053926, 0.8610746578379623, 0.8703600895628356, 0.8425527774224868, 0.8713372843223761];[0.8076937536053926, 0.8610746578379623, 0.8703600895628356, 0.8425527774224868, 0.8713372843223761]
