protocol,link_layer,link_layer_mode,blocksize,network_setup,data_format,dns_format,vector_type,run,test_size,classifier,classifier_args,true_dns,false_dns,false_data,true_data,accuracy,precision,recall,f1_score
coaps,eth,,1024,p1,cbor,dns_cbor,binvec,1,0.2,nb,,8789,1214,5095,5065,0.6871001339086446,0.6330308268510516,0.8786364090772768,0.7358814417884205
coaps,eth,,1024,p1,cbor,dns_cbor,binvec,1,0.2,lr,max_iter=5000,8688,1315,2384,7776,0.8165451569706889,0.7846820809248555,0.8685394381685494,0.8244839857651246
coaps,eth,,1024,p1,cbor,dns_cbor,binvec,1,0.2,knn,algorithm=brute,8844,1159,2164,7996,0.8351931756187075,0.8034156976744186,0.8841347595721284,0.8418447479891485
coaps,eth,,1024,p1,cbor,dns_cbor,binvec,1,0.2,svm,C=0.01,8765,1238,2433,7727,0.8179338392104349,0.7827290587604929,0.8762371288613416,0.8268477901985756
coaps,eth,,1024,p1,cbor,dns_cbor,binvec,1,0.2,dt,,9400,603,583,9577,0.9411793879878986,0.9416007212260843,0.9397180845746276,0.9406584609226458
coaps,eth,,1024,p1,cbor,dns_cbor,binvec,1,0.2,rf,"n_estimators=250,max_depth=9",9261,742,2715,7445,0.828547339185637,0.7732965931863728,0.9258222533240028,0.8427134992492834
