protocol;link_layer;link_layer_mode;blocksize;network_setup;data_format;dns_format;randiv_pad;vector_type;k;classifier;classifier_args;job_id;fit_time;score_time;accuracy;precision;recall;f1_score;balanced_accuracy;roc_auc
coaps;schc;;64;p2;cbor;dns_cbor;1;binvec;5;dt;;20833657;[128.50262808799744, 121.82912969589233, 122.6498692035675, 124.36570692062378, 101.6977322101593];[0.9172940254211426, 0.7711100578308105, 0.785977840423584, 0.7508077621459961, 0.679631233215332];[0.6532753843295338, 0.6605378593874963, 0.6445426417959883, 0.6525644857699112, 0.6350505303464823];[0.48467540305198725, 0.4938390858758393, 0.4708715276162114, 0.4822656745146828, 0.46411221881889303];[0.5418815364595884, 0.5051086799363824, 0.4877220040002892, 0.49509603103838834, 0.5732703568932694];[0.5116845290918607, 0.49941031414173903, 0.47914866416505875, 0.488596637256534, 0.5129482286478211];[0.6256661871800792, 0.6220144136110839, 0.6056728867978114, 0.6135341620740611, 0.6197376210277503];[0.6256661871800792, 0.622014413611084, 0.6056728867978114, 0.6135341620740611, 0.6197376210277503]
