protocol;link_layer;link_layer_mode;blocksize;network_setup;data_format;dns_format;randiv_pad;vector_type;k;classifier;classifier_args;job_id;fit_time;score_time;accuracy;precision;recall;f1_score;balanced_accuracy;roc_auc
coaps;eth;;1024;p2;cbor;dns_cbor;0;binvec;5;dt;;20833657;[295.67770862579346, 288.6488108634949, 277.83631014823914, 277.26975107192993, 284.06268858909607];[3.188138723373413, 3.159083366394043, 3.2512741088867188, 3.150808095932007, 3.138038158416748];[0.7072423694565564, 0.7370200999680953, 0.7655166546135194, 0.7562215510273536, 0.7899136427447143];[0.7362983800562615, 0.7527559769541351, 0.8029119145838389, 0.7992051664182812, 0.8189050070191858];[0.6457801599455505, 0.7058748457906155, 0.7037903603182031, 0.6843918832688135, 0.7444590972901689];[0.6880750577890586, 0.7285620197585071, 0.7500906782734856, 0.737355913559594, 0.7799095304944627];[0.7072436767737282, 0.7370194375286241, 0.7655166546135194, 0.7562215510273536, 0.7899136427447144];[0.7072436767737281, 0.7370194375286241, 0.7655166546135193, 0.7562215510273533, 0.7899136427447144]
