protocol,link_layer,link_layer_mode,blocksize,network_setup,data_format,dns_format,vector_type,run,test_size,classifier,classifier_args,true_dns,false_dns,false_data,true_data,accuracy,precision,recall,f1_score
coaps,schc,,1024,d2,json,dns_cbor,binvec,1,0.2,nb,,8834,2487,4550,19829,0.8028851540616246,0.6600418410041841,0.780319759738539,0.7151588747217162
coaps,schc,,1024,d2,json,dns_cbor,binvec,1,0.2,lr,max_iter=5000,10362,959,492,23887,0.9593557422969188,0.9546710889994472,0.9152901687130112,0.9345659526493799
coaps,schc,,1024,d2,json,dns_cbor,binvec,1,0.2,knn,algorithm=brute,10140,1181,1488,22891,0.9252380952380952,0.8720330237358102,0.8956805935871389,0.8836986361061484
coaps,schc,,1024,d2,json,dns_cbor,binvec,1,0.2,svm,C=0.01,10355,966,440,23939,0.9606162464985994,0.9592403890690134,0.9146718487766098,0.936426116838488
coaps,schc,,1024,d2,json,dns_cbor,binvec,1,0.2,dt,,10587,734,1021,23358,0.9508403361344537,0.9120434183321847,0.9351647380973412,0.9234593745911291
coaps,schc,,1024,d2,json,dns_cbor,binvec,1,0.2,rf,"n_estimators=250,max_depth=9",9001,2320,62,24317,0.9332773109243697,0.9931589981242415,0.7950711067926861,0.8831436420722135
