protocol,link_layer,link_layer_mode,blocksize,network_setup,data_format,dns_format,vector_type,run,test_size,classifier,classifier_args,true_dns,false_dns,false_data,true_data,accuracy,precision,recall,f1_score
coaps,schc,,1024,d1,json,dns_cbor,binvec,1,0.2,nb,,8905,2486,4810,19434,0.795257471586923,0.6492890995260664,0.7817575278728821,0.7093921771688043
coaps,schc,,1024,d1,json,dns_cbor,binvec,1,0.2,lr,max_iter=5000,9790,1601,825,23419,0.9319208643187877,0.9222797927461139,0.8594504433324555,0.8897573389075707
coaps,schc,,1024,d1,json,dns_cbor,binvec,1,0.2,knn,algorithm=brute,9695,1696,2087,22157,0.8938403255226604,0.8228653878798167,0.8511105258537441,0.8367496655590558
coaps,schc,,1024,d1,json,dns_cbor,binvec,1,0.2,svm,C=0.01,9785,1606,728,23516,0.934502595762593,0.9307524017882621,0.8590115003072601,0.8934441197954711
coaps,schc,,1024,d1,json,dns_cbor,binvec,1,0.2,dt,,10615,776,1048,23196,0.9488143678967308,0.9101431878590414,0.9318760424896848,0.9208814088661403
coaps,schc,,1024,d1,json,dns_cbor,binvec,1,0.2,rf,"n_estimators=250,max_depth=9",9080,2311,43,24201,0.9339413497965483,0.9952866381672696,0.7971205337547186,0.8852490981768548
