protocol;link_layer;link_layer_mode;blocksize;network_setup;data_format;dns_format;randiv_pad;vector_type;k;classifier;classifier_args;job_id;fit_time;score_time;accuracy;precision;recall;f1_score;balanced_accuracy;roc_auc
coaps;schc;;1024;p2;cbor;dns_cbor;1;binvec;5;dt;;20833657;[64.99231505393982, 61.41973900794983, 66.45994114875793, 62.52998685836792, 71.63726425170898];[0.3825502395629883, 0.41892576217651367, 0.3800497055053711, 0.4491708278656006, 0.44565367698669434];[0.5921197382896184, 0.5710439464999132, 0.6201380947555839, 0.5889437343485373, 0.5862802715574019];[0.47153534229148447, 0.4347315132887362, 0.51010101010101, 0.4645784166487878, 0.466632723569844];[0.4434681821580797, 0.35960517460554847, 0.47580946683616243, 0.4048081956180363, 0.4797352875196291];[0.4570712909441233, 0.3936157151626765, 0.492358881108059, 0.43263870851731234, 0.473093302361595];[0.5647474596840756, 0.5321102069352557, 0.5935629047575715, 0.5550389089671068, 0.5666621733674864];[0.5647474596840755, 0.5321102069352557, 0.5935629047575716, 0.5550389089671068, 0.5666621733674864]
