protocol,link_layer,blocksize,network_setup,data_format,dns_format,test_size,classifier,classifier_args,true_dns,false_dns,false_data,true_data,accuracy,precision,recall,f1_score
coaps,eth,1024,d1,json,dns_message,0.2,nb,,23026,1093,19717,5502,0.5782155742024403,0.5387080925531667,0.9546830299763672,0.6887619275522718
coaps,eth,1024,d1,json,dns_message,0.2,lr,max_iter=5000,21877,2242,4724,20495,0.8588106530463334,0.8224126912522086,0.9070442389817157,0.8626577287066246
coaps,eth,1024,d1,json,dns_message,0.2,knn,algorithm=brute,20835,3284,6758,18461,0.7964651992379099,0.7550828108578262,0.8638417844852606,0.8058090965346535
coaps,eth,1024,d1,json,dns_message,0.2,svm,C=0.01,21876,2243,4916,20303,0.8548988609185617,0.8165123917587339,0.9070027778929475,0.8593820588870774
coaps,eth,1024,d1,json,dns_message,0.2,dt,,19579,4540,4311,20908,0.8206048076533301,0.8195479280033486,0.8117666569924126,0.815638734403966
coaps,eth,1024,d1,json,dns_message,0.2,rf,"n_estimators=250,max_depth=9",22778,1341,4644,20575,0.8786939073330902,0.8306469258259791,0.9444006799618558,0.8838788537280999
