protocol;link_layer;link_layer_mode;blocksize;network_setup;data_format;dns_format;randiv_pad;vector_type;k;classifier;classifier_args;job_id;fit_time;score_time;accuracy;precision;recall;f1_score;balanced_accuracy;roc_auc
coaps;eth;;1024;d2;json;dns_cbor;0;binvec;5;dt;;20833657;[98.49408030509949, 63.21786880493164, 51.817928075790405, 76.23034405708313, 54.87870907783508];[1.7018623352050781, 1.704153060913086, 1.6980361938476562, 1.7033741474151611, 1.6970441341400146];[0.9998085717324259, 1.0, 1.0, 1.0, 1.0];[1.0, 1.0, 1.0, 1.0, 1.0];[0.9996171516079633, 1.0, 1.0, 1.0, 1.0];[0.999808539153743, 1.0, 1.0, 1.0, 1.0];[0.9998085758039816, 1.0, 1.0, 1.0, 1.0];[0.9998085758039816, 1.0, 1.0, 1.0, 1.0]
