protocol;link_layer;link_layer_mode;blocksize;network_setup;data_format;dns_format;randiv_pad;vector_type;k;classifier;classifier_args;job_id;fit_time;score_time;accuracy;precision;recall;f1_score;balanced_accuracy;roc_auc
coaps;schc;;1024;p1;cbor;dns_message;1;binvec;5;dt;;20833657;[93.86042523384094, 93.7951328754425, 93.87680721282959, 94.73494672775269, 102.95527768135071];[0.5573086738586426, 0.5963456630706787, 0.5679409503936768, 0.5451109409332275, 0.5717525482177734];[0.6173464641229084, 0.6083171632864623, 0.6080513542968023, 0.5858430132107068, 0.6005023789904574];[0.5668711656441717, 0.5573743331455648, 0.5504735098366904, 0.5278563792995032, 0.5453770636699391];[0.533066132264529, 0.5107487702678083, 0.5700795530454849, 0.5097771300176109, 0.5245946438331208];[0.549449173760641, 0.5330439053760715, 0.5601050103667905, 0.5186592523941922, 0.5347840217912804];[0.6080088750618067, 0.5975082605239013, 0.6038447306685304, 0.5774162193531376, 0.5920931052199545];[0.6080088750618067, 0.5975082605239013, 0.6038447306685304, 0.5774162193531376, 0.5920931052199545]
