protocol;link_layer;link_layer_mode;blocksize;network_setup;data_format;dns_format;randiv_pad;vector_type;k;classifier;classifier_args;job_id;fit_time;score_time;accuracy;precision;recall;f1_score;balanced_accuracy;roc_auc
coaps;schc;;1024;d1;json;dns_message;1;binvec;5;dt;;20833657;[47.151923179626465, 47.61154341697693, 47.26951503753662, 46.94514203071594, 46.58674097061157];[0.3738434314727783, 0.37402844429016113, 0.3742842674255371, 0.37448906898498535, 0.3731355667114258];[0.8800511836212412, 0.8786564299424184, 0.8283429302623161, 0.8703262955854126, 0.8683941138835573];[0.853417537922282, 0.848808988764045, 0.8021988318705687, 0.8393917581428828, 0.8374816104722731];[0.861960568882378, 0.8645852407983886, 0.7838613196606238, 0.8541475920161142, 0.8513092840139168];[0.8576677801396903, 0.8566244840567878, 0.7929240695861569, 0.8467053911780722, 0.8443388373465712];[0.8775363394385449, 0.876700341181849, 0.8221593747959386, 0.8680772333428006, 0.8660190876265601];[0.8775363394385448, 0.8767003411818489, 0.8221593747959385, 0.8680772333428005, 0.8660190876265601]
