protocol;link_layer;link_layer_mode;blocksize;network_setup;data_format;dns_format;randiv_pad;vector_type;k;classifier;classifier_args;job_id;fit_time;score_time;accuracy;precision;recall;f1_score;balanced_accuracy;roc_auc
coaps;eth;;64;p2;cbor;dns_message;0;binvec;5;dt;;20833657;[2483.1339857578278, 1857.3661999702454, 1721.8498508930206, 1821.849792957306, 2330.5876955986023];[18.123419284820557, 15.575276136398315, 7.350737810134888, 7.43795108795166, 14.562381029129028];[0.7758874553538888, 0.8400320723084773, 0.8514385264124674, 0.7974473172047322, 0.8497911640146076];[0.7623559627932806, 0.8275161929053261, 0.8342581463125484, 0.7658753043701141, 0.7962606947359152];[0.7203765045423239, 0.8086812502049785, 0.8308517267390377, 0.7839854383260634, 0.8897379554622675];[0.7407719676913478, 0.8179903131634819, 0.8325514521628394, 0.7748245628251462, 0.8404079830858948];[0.7703420418995475, 0.8369001989005157, 0.8493820616190235, 0.7961025778374317, 0.8537815448181467];[0.7703420418995474, 0.8369001989005157, 0.8493820616190236, 0.7961025778374317, 0.8537815448181467]
