protocol,link_layer,link_layer_mode,blocksize,network_setup,data_format,dns_format,vector_type,run,test_size,classifier,classifier_args,true_dns,false_dns,false_data,true_data,accuracy,precision,recall,f1_score
coap,eth,,64,d1,json,dns_message,word2vec,1,0.2,nb,,27349,150,15215,46937,0.8286131777671192,0.6425382952730007,0.9945452561911342,0.7806973723648716
coap,eth,,64,d1,json,dns_message,word2vec,1,0.2,lr,max_iter=5000,26240,1259,8,62144,0.9858674192145096,0.9996952148735142,0.9542165169642532,0.9764265912516047
coap,eth,,64,d1,json,dns_message,word2vec,1,0.2,knn,algorithm=brute,26571,928,564,61588,0.9833576870308195,0.9792150359314539,0.9662533183024837,0.9726909982794597
coap,eth,,64,d1,json,dns_message,word2vec,1,0.2,svm,C=0.01,26220,1279,3,62149,0.9857001037355969,0.9998855966136597,0.9534892177897378,0.9761364059416998
coap,eth,,64,d1,json,dns_message,word2vec,1,0.2,dt,,26710,789,863,61289,0.9815729885890844,0.9687012657309687,0.971308047565366,0.9700029052876235
coap,eth,,64,d1,json,dns_message,word2vec,1,0.2,rf,"n_estimators=250,max_depth=9",26236,1263,0,62152,0.9859120366755529,1.0,0.9540710571293501,0.9764957662603517
