protocol,link_layer,link_layer_mode,blocksize,network_setup,data_format,dns_format,vector_type,run,test_size,classifier,classifier_args,true_dns,false_dns,false_data,true_data,accuracy,precision,recall,f1_score
coaps,schc,,64,p2,json,dns_message,word2vec,1,0.2,nb,,11272,14097,16170,32996,0.5939223183739183,0.4107572334377961,0.4443218100831724,0.42688076347730586
coaps,schc,,64,p2,json,dns_message,word2vec,1,0.2,lr,max_iter=5000,19541,5828,4064,45102,0.8672838263902864,0.8278330862105486,0.7702708029484804,0.798015273410381
coaps,schc,,64,p2,json,dns_message,word2vec,1,0.2,knn,algorithm=brute,20043,5326,4641,44525,0.8662775877104716,0.8119834710743802,0.7900587330994521,0.8008710766587417
coaps,schc,,64,p2,json,dns_message,word2vec,1,0.2,svm,C=0.01,19350,6019,3929,45237,0.866532501509358,0.8312212723914257,0.7627419291260987,0.7955106068080908
coaps,schc,,64,p2,json,dns_message,word2vec,1,0.2,dt,,19564,5805,5964,43202,0.8421010263634534,0.766374177373864,0.7711774212621704,0.7687682967561938
coaps,schc,,64,p2,json,dns_message,word2vec,1,0.2,rf,"n_estimators=250,max_depth=9",19779,5590,3748,45418,0.8747165761051855,0.8406936711012879,0.7796523315857937,0.8090232329842932
