protocol;link_layer;link_layer_mode;blocksize;network_setup;data_format;dns_format;randiv_pad;vector_type;k;classifier;classifier_args;job_id;fit_time;score_time;accuracy;precision;recall;f1_score;balanced_accuracy;roc_auc
coaps;schc;;1024;p1;cbor;dns_cbor;1;binvec;5;dt;;20833657;[58.97394251823425, 54.482558250427246, 52.88032102584839, 57.347590923309326, 55.472180128097534];[0.4181644916534424, 0.3500072956085205, 0.38008594512939453, 0.4216897487640381, 0.3576643466949463];[0.5576575142207877, 0.5825384648786348, 0.5750987856243396, 0.6302252200092635, 0.6155048633626679];[0.4260781880235805, 0.4550375939849624, 0.44809874576946046, 0.5255288420694928, 0.5035073749668221];[0.41070694231560056, 0.3959400351415006, 0.420726008448914, 0.46252196343788554, 0.496429773075629];[0.41825138484381247, 0.4234367503598273, 0.43398118155175075, 0.4920164641784812, 0.49994352622265725];[0.5306014635999354, 0.5481825825211518, 0.5466761832513819, 0.5993495053024, 0.5935820421154143];[0.5306014635999353, 0.5481825825211518, 0.5466761832513819, 0.5993495053024002, 0.5935820421154144]
