protocol;link_layer;link_layer_mode;blocksize;network_setup;data_format;dns_format;randiv_pad;vector_type;k;classifier;classifier_args;job_id;fit_time;score_time;accuracy;precision;recall;f1_score;balanced_accuracy;roc_auc
coaps;eth;;64;d1;json;dns_cbor;0;binvec;5;dt;;20833657;[452.3538076877594, 451.8707368373871, 443.519492149353, 437.68199372291565, 564.323338508606];[5.502997159957886, 5.488721132278442, 5.476847410202026, 5.461094617843628, 5.500960826873779];[0.6697554033342716, 0.6920412248600294, 0.6978120796972256, 0.7135138093897595, 0.6782318351005598];[0.4904640412256549, 0.5253982493998982, 0.5413612871200397, 0.5909842845326716, 0.5035602639805488];[0.4681035729784464, 0.5224215246636771, 0.4469839432952408, 0.37898112206765194, 0.5592497046555922];[0.47902300622956884, 0.5239056587807207, 0.4896665566193463, 0.46181417554168197, 0.5299459681749124];[0.6173295681247577, 0.6479431651742338, 0.6326012927595802, 0.6265384853918062, 0.6472976103219401];[0.6173295681247578, 0.6479431651742337, 0.6326012927595802, 0.6265384853918062, 0.6472976103219401]
