protocol;link_layer;link_layer_mode;blocksize;network_setup;data_format;dns_format;randiv_pad;vector_type;k;classifier;classifier_args;job_id;fit_time;score_time;accuracy;precision;recall;f1_score;balanced_accuracy;roc_auc
coaps;schc;;1024;p1;json;dns_message;0;binvec;5;dt;;20833657;[60.55192565917969, 57.88337206840515, 58.926865100860596, 61.08963370323181, 67.60416173934937];[0.3927195072174072, 0.3935258388519287, 0.3918297290802002, 0.38954591751098633, 0.3910999298095703];[0.7395656039629113, 0.7096913501841737, 0.7197256446081545, 0.7178331004699606, 0.7431315017337957];[0.6929724037538328, 0.6616969541847966, 0.6946210443603115, 0.6615662107320006, 0.6946201081477408];[0.6787198543910208, 0.6274117218784128, 0.5899769445455648, 0.6676070865186263, 0.6897524572260648];[0.6857720836142953, 0.6440984117097477, 0.6380368098159509, 0.6645729212278609, 0.6921777250102744];[0.7310566386562336, 0.6981834206997273, 0.701578517284363, 0.7108083066207604, 0.7356661335622294];[0.7310566386562336, 0.6981834206997273, 0.7015785172843632, 0.7108083066207606, 0.7356661335622294]
