protocol;link_layer;link_layer_mode;blocksize;network_setup;data_format;dns_format;randiv_pad;vector_type;k;classifier;classifier_args;job_id;fit_time;score_time;accuracy;precision;recall;f1_score;balanced_accuracy;roc_auc
coaps;schc;min_rules;1024;d2;cbor;dns_cbor;1;binvec;5;dt;;20833657;[38.77931499481201, 37.13309073448181, 37.83025860786438, 36.73498749732971, 37.50064158439636];[0.38399744033813477, 0.37491536140441895, 0.3679797649383545, 0.3858158588409424, 0.36736202239990234];[0.9328576203694284, 0.9321299848854784, 0.9293105452854319, 0.9266364376235321, 0.9251685850482502];[0.9100690064554426, 0.9069673038600635, 0.8924634663028258, 0.895695666459786, 0.8934067537014077];[0.9178328219711143, 0.9195914091147197, 0.930065481758653, 0.9180168381665108, 0.9167072029934519];[0.9139344262295082, 0.9132357312722948, 0.9108765757842275, 0.9067189001404391, 0.9049070123921916];[0.9301161828649384, 0.9298422802904525, 0.9294483006065323, 0.9250635957579221, 0.9236246135443461];[0.9301161828649384, 0.9298422802904525, 0.9294483006065323, 0.9250635957579221, 0.9236246135443461]
