protocol,link_layer,link_layer_mode,blocksize,network_setup,data_format,dns_format,vector_type,run,test_size,classifier,classifier_args,true_dns,false_dns,false_data,true_data,accuracy,precision,recall,f1_score
coaps,schc,,1024,p2,json,dns_cbor,word2vec,1,0.2,nb,,9415,1921,8531,16108,0.7094649061848506,0.5246294438872172,0.8305398729710657,0.6430571682262141
coaps,schc,,1024,p2,json,dns_cbor,word2vec,1,0.2,lr,max_iter=5000,8373,2963,2804,21835,0.8396942321056289,0.7491276728997047,0.7386203246294989,0.7438368942388842
coaps,schc,,1024,p2,json,dns_cbor,word2vec,1,0.2,knn,algorithm=brute,8298,3038,2842,21797,0.8365531619179986,0.7448833034111311,0.7320042342978123,0.7383876134543513
coaps,schc,,1024,p2,json,dns_cbor,word2vec,1,0.2,svm,C=0.01,8323,3013,2761,21878,0.8394996525364836,0.7509022013713461,0.7342095977417078,0.7424620874219446
coaps,schc,,1024,p2,json,dns_cbor,word2vec,1,0.2,dt,,10012,1324,1356,23283,0.9255038220986797,0.8807178043631245,0.8832039520112914,0.8819591261451727
coaps,schc,,1024,p2,json,dns_cbor,word2vec,1,0.2,rf,"n_estimators=250,max_depth=9",8936,2400,2033,22606,0.8767755385684504,0.8146594949402862,0.7882851093860268,0.8012553239184039
