protocol;link_layer;link_layer_mode;blocksize;network_setup;data_format;dns_format;randiv_pad;vector_type;k;classifier;classifier_args;job_id;fit_time;score_time;accuracy;precision;recall;f1_score;balanced_accuracy;roc_auc
coaps;schc;;1024;d1;json;dns_cbor;0;binvec;5;dt;;20833657;[44.98729133605957, 44.77442955970764, 44.80542278289795, 44.87097716331482, 46.170483350753784];[0.43981361389160156, 0.4275200366973877, 0.3826920986175537, 0.3857421875, 0.40077757835388184];[0.937449746305487, 0.9445476474339424, 0.9472509496215377, 0.9440485762608478, 0.94415948096598];[0.9099025974025974, 0.9153632509866978, 0.9159288824383164, 0.913312693498452, 0.9176262830653765];[0.9225647164447105, 0.9370043393685471, 0.9443342935168905, 0.9380494556881523, 0.9330739590737346];[0.9161899100973326, 0.9260573794735285, 0.9299147188300086, 0.9255158158934041, 0.9252856506900133];[0.934389269812153, 0.9429966853443766, 0.9466512116880754, 0.9428150060195271, 0.9418800185431004];[0.9343892698121531, 0.9429966853443765, 0.9466512116880753, 0.9428150060195272, 0.9418800185431003]
