protocol;link_layer;link_layer_mode;blocksize;network_setup;data_format;dns_format;randiv_pad;vector_type;k;classifier;classifier_args;job_id;fit_time;score_time;accuracy;precision;recall;f1_score;balanced_accuracy;roc_auc
coaps;schc;peer_based;1024;d2;cbor;dns_message;0;binvec;5;dt;;20833657;[156.05604219436646, 156.24837398529053, 158.1426751613617, 151.7401158809662, 157.39649415016174];[0.5572750568389893, 0.552196741104126, 0.543708086013794, 0.5451023578643799, 0.5562973022460938];[0.5798160968699045, 0.599751406690635, 0.6291148207054169, 0.6066211357773887, 0.6953128132476176];[0.5491021946353358, 0.5532726517354685, 0.5867482795587371, 0.5522406769037919, 0.6331534804209626];[0.226776123046875, 0.447052001953125, 0.5178075502792444, 0.5377971739860226, 0.7234107486190374];[0.3209865877626833, 0.49452274453540385, 0.5501264509435185, 0.5449232339162299, 0.6752795384944092];[0.540838482410868, 0.5828939414326536, 0.6168245436753144, 0.5990217619585319, 0.6984153186667736];[0.540838482410868, 0.5828939414326536, 0.6168245436753144, 0.5990217619585319, 0.6984153186667736]
