protocol,link_layer,blocksize,network_setup,data_format,dns_format,test_size,classifier,classifier_args,true_data,false_data,false_dns,true_dns,accuracy,precision,recall,f1_score
coaps,eth,1024,p2,json,dns_message,0.2,nb,,6035,19048,1119,23137,0.5912564097367194,0.5484650942278061,0.9538670844327177,0.6964675426318087
coaps,eth,1024,p2,json,dns_message,0.2,lr,max_iter=2400,20496,4587,1951,22305,0.8674881939236709,0.8294288264167782,0.9195662928759895,0.8721748650973645
coaps,eth,1024,p2,json,dns_message,0.2,knn,"algorithm=brute,n_jobs=-1",18931,6152,3395,20861,0.8065019558564219,0.7722578017991337,0.8600346306068601,0.8137861085646297
coaps,eth,1024,p2,json,dns_message,0.2,dt,,21066,4017,4378,19878,0.8298506252660167,0.8318895166352793,0.8195085751978892,0.8256526344208843
coaps,eth,1024,p2,json,dns_message,0.2,rf,"n_estimators=250,max_depth=9",20307,4776,1232,23024,0.8782302032874603,0.8282014388489208,0.9492084432717678,0.8845858306439219
