protocol;link_layer;link_layer_mode;blocksize;network_setup;data_format;dns_format;randiv_pad;vector_type;k;classifier;classifier_args;job_id;fit_time;score_time;accuracy;precision;recall;f1_score;balanced_accuracy;roc_auc
coap;eth;;1024;p2;cbor;dns_cbor;0;binvec;5;knn;algorithm=brute;931197;[8.120835304260254, 4.670466423034668, 4.668339490890503, 4.547112941741943, 4.675164699554443];[26.540096521377563, 22.309776067733765, 22.38629126548767, 22.449374198913574, 22.422396659851074];[0.9995107840217807, 0.999595865061471, 0.9997234866210065, 0.9997660221640823, 0.9989577350945483];[0.9998297292695386, 0.9997021530082546, 0.9998298017190026, 0.999872351289252, 0.9999147521418524];[0.9991917301229422, 0.9994895137618581, 0.9996171353213936, 0.9996596758412388, 0.9980005105079555];[0.9995106278856997, 0.9995958220766237, 0.9997234572103214, 0.9997660022548873, 0.998956714288756];[0.9995107840217807, 0.999595865061471, 0.9997234866210065, 0.9997660244261924, 0.9989577147341326];[0.9998719269213553, 0.9998294171663392, 0.9999359847246037, 0.9998934460058316, 0.9999355711828151]
coap;eth;;1024;p2;cbor;dns_cbor;0;binvec;5;dt;;20833657;[87.25119280815125, 72.1690948009491, 87.00885438919067, 82.46801447868347, 86.63391828536987];[1.9366576671600342, 1.9618902206420898, 1.9478330612182617, 1.9778993129730225, 1.9813957214355469];[1.0, 0.9999574594801548, 1.0, 1.0, 1.0];[1.0, 1.0, 1.0, 1.0, 1.0];[1.0, 0.9999149189603097, 1.0, 1.0, 1.0];[1.0, 0.999957457670382, 1.0, 1.0, 1.0];[1.0, 0.9999574594801548, 1.0, 1.0, 1.0];[1.0, 0.9999574594801548, 1.0, 1.0, 1.0]
coap;eth;;1024;p2;cbor;dns_cbor;0;binvec;5;rf;n_estimators=250,max_depth=9;931197;[13.22830843925476, 6.558411121368408, 6.613775253295898, 6.618893384933472, 6.59321928024292];[1.5565567016601562, 1.4915411472320557, 1.4490420818328857, 1.511117935180664, 1.4960808753967285];[0.9999574594801548, 0.9999787297400774, 0.9999787297400774, 0.9999574585752877, 0.9999574585752877];[1.0, 1.0, 1.0, 1.0, 1.0];[0.9999149189603097, 0.9999574594801548, 0.9999574594801548, 0.9999149189603097, 0.999914915340764];[0.999957457670382, 0.9999787292876439, 0.9999787292876439, 0.999957457670382, 0.9999574558604553];[0.9999574594801548, 0.9999787297400774, 0.9999787297400774, 0.9999574594801548, 0.999957457670382];[0.9999999167539919, 1.0, 1.0, 0.9999999583752253, 1.0]
