protocol;link_layer;link_layer_mode;blocksize;network_setup;data_format;dns_format;randiv_pad;vector_type;k;classifier;classifier_args;job_id;fit_time;score_time;accuracy;precision;recall;f1_score;balanced_accuracy;roc_auc
coaps;schc;;1024;d1;cbor;dns_message;0;binvec;5;dt;;20833657;[62.30948328971863, 59.318949460983276, 62.06988048553467, 65.62670755386353, 55.69041633605957];[0.5765511989593506, 0.5245265960693359, 0.546006441116333, 0.5311973094940186, 0.5149803161621094];[0.8948937706408525, 0.8954687061277427, 0.8993047198823372, 0.8964834870972055, 0.9010696617194812];[0.8778799745014115, 0.8748572115673661, 0.8775253658974589, 0.8772014475271411, 0.886696352324021];[0.8828377800842542, 0.8884242017217169, 0.8950180108675744, 0.88796629830881, 0.8875354885978569];[0.8803518972313967, 0.8815885132679026, 0.886185373815533, 0.8825510482720956, 0.8871157220230376];[0.8935636334580146, 0.8946914861057851, 0.8988318071087016, 0.8955438647996277, 0.89957627569093];[0.8935636334580146, 0.894691486105785, 0.8988318071087015, 0.8955438647996278, 0.89957627569093]
