protocol;link_layer;link_layer_mode;blocksize;network_setup;data_format;dns_format;randiv_pad;vector_type;k;classifier;classifier_args;job_id;fit_time;score_time;accuracy;precision;recall;f1_score;balanced_accuracy;roc_auc
coap;eth;;64;d2;cbor;dns_message;0;binvec;5;dt;;20833657;[144.0288507938385, 172.27651357650757, 173.59979104995728, 172.94145441055298, 173.15365481376648];[4.218891382217407, 4.153282165527344, 4.176779270172119, 4.162695646286011, 4.17811393737793];[0.9203153082137789, 1.0, 1.0, 1.0, 1.0];[0.839105633085464, 1.0, 1.0, 1.0, 1.0];[1.0, 1.0, 1.0, 1.0, 1.0];[0.912514885485613, 1.0, 1.0, 1.0, 1.0];[0.9318262746155921, 1.0, 1.0, 1.0, 1.0];[0.9318262746155922, 1.0, 1.0, 1.0, 1.0]
