protocol;link_layer;link_layer_mode;blocksize;network_setup;data_format;dns_format;randiv_pad;vector_type;k;classifier;classifier_args;job_id;fit_time;score_time;accuracy;precision;recall;f1_score;balanced_accuracy;roc_auc
coaps;eth;;1024;d1;json;dns_cbor;1;binvec;5;dt;;20833657;[35.05207681655884, 34.55919337272644, 34.30295419692993, 34.543803691864014, 35.083106994628906];[1.6975505352020264, 1.701622724533081, 1.697464942932129, 1.7033798694610596, 1.6981594562530518];[1.0, 1.0, 1.0, 1.0, 1.0];[1.0, 1.0, 1.0, 1.0, 1.0];[1.0, 1.0, 1.0, 1.0, 1.0];[1.0, 1.0, 1.0, 1.0, 1.0];[1.0, 1.0, 1.0, 1.0, 1.0];[1.0, 1.0, 1.0, 1.0, 1.0]
