protocol,link_layer,link_layer_mode,blocksize,network_setup,data_format,dns_format,vector_type,run,test_size,classifier,classifier_args,true_dns,false_dns,false_data,true_data,accuracy,precision,recall,f1_score
coaps,eth,,64,p2,cbor,dns_message,binvec,1,0.2,nb,,9746,15366,8167,29112,0.622814187943774,0.5440741361022721,0.3881013061484549,0.4530389308541546
coaps,eth,,64,p2,cbor,dns_message,binvec,1,0.2,lr,max_iter=5000,19764,5348,4599,32680,0.8405699539997756,0.8112301440709272,0.7870340872889455,0.7989489641232946
coaps,eth,,64,p2,cbor,dns_message,binvec,1,0.2,knn,algorithm=brute,20414,4698,4600,32679,0.850972095334263,0.8161029823298953,0.812918126791972,0.8145074412480549
coaps,eth,,64,p2,cbor,dns_message,binvec,1,0.2,svm,C=0.01,19415,5697,4507,32772,0.8364507701431296,0.8115960203996322,0.7731363491557821,0.791899498307297
coaps,eth,,64,p2,cbor,dns_message,binvec,1,0.2,dt,,20008,5104,4513,32766,0.8458591784071421,0.8159536723624649,0.7967505575023893,0.8062377853444281
coaps,eth,,64,p2,cbor,dns_message,binvec,1,0.2,rf,"n_estimators=250,max_depth=9",19468,5644,3937,33342,0.8464361847061275,0.8317880794701987,0.7752468939152596,0.8025228270503123
