protocol,link_layer,link_layer_mode,blocksize,network_setup,data_format,dns_format,vector_type,run,test_size,classifier,classifier_args,true_dns,false_dns,false_data,true_data,accuracy,precision,recall,f1_score
coaps,schc,min_rules,1024,d2,json,dns_cbor,binvec,1,0.2,nb,,9032,2438,4533,19628,0.8043557576267857,0.6658311831920384,0.7874455100261551,0.7215498302376673
coaps,schc,min_rules,1024,d2,json,dns_cbor,binvec,1,0.2,lr,max_iter=5000,10271,1199,473,23688,0.9530745698969998,0.9559754281459419,0.8954664341761116,0.9247321508958315
coaps,schc,min_rules,1024,d2,json,dns_cbor,binvec,1,0.2,knn,algorithm=brute,9568,1902,2259,21902,0.8832196682663972,0.8089963642512894,0.8341761115954665,0.8213933124436623
coaps,schc,min_rules,1024,d2,json,dns_cbor,binvec,1,0.2,svm,C=0.01,10060,1410,407,23754,0.9490050798462013,0.9611158880290437,0.8770706190061028,0.917171901353877
coaps,schc,min_rules,1024,d2,json,dns_cbor,binvec,1,0.2,dt,,10685,785,1007,23154,0.9497067160618563,0.9138727334929867,0.9315605928509154,0.9226318970727917
coaps,schc,min_rules,1024,d2,json,dns_cbor,binvec,1,0.2,rf,"n_estimators=250,max_depth=9",8974,2496,1606,22555,0.8848755297353428,0.8482041587901701,0.7823888404533565,0.813968253968254
