protocol,link_layer,link_layer_mode,blocksize,network_setup,data_format,dns_format,vector_type,run,test_size,classifier,classifier_args,true_dns,false_dns,false_data,true_data,accuracy,precision,recall,f1_score
coaps,eth,,1024,p2,cbor,dns_cbor,binvec,1,0.2,nb,,8759,1228,5005,5171,0.6908694142736695,0.6363702412089509,0.8770401521978572,0.7375689444654961
coaps,eth,,1024,p2,cbor,dns_cbor,binvec,1,0.2,lr,max_iter=5000,8748,1239,1691,8485,0.8546843227694292,0.8380113037647284,0.8759387203364374,0.8565553706060903
coaps,eth,,1024,p2,cbor,dns_cbor,binvec,1,0.2,knn,algorithm=brute,8950,1037,2063,8113,0.8462530377423995,0.8126759284481976,0.8961650145188745,0.8523809523809524
coaps,eth,,1024,p2,cbor,dns_cbor,binvec,1,0.2,svm,C=0.01,8711,1276,1698,8478,0.8525021078212568,0.8368719377461812,0.8722339040752979,0.8541870955089234
coaps,eth,,1024,p2,cbor,dns_cbor,binvec,1,0.2,dt,,9640,347,314,9862,0.9672171799831374,0.9684548925055254,0.9652548312806649,0.9668522140313927
coaps,eth,,1024,p2,cbor,dns_cbor,binvec,1,0.2,rf,"n_estimators=250,max_depth=9",9250,737,2675,7501,0.8307791499280861,0.7756813417190775,0.9262040652848703,0.844286235852501
