protocol;link_layer;link_layer_mode;blocksize;network_setup;data_format;dns_format;randiv_pad;vector_type;k;classifier;classifier_args;job_id;fit_time;score_time;accuracy;precision;recall;f1_score;balanced_accuracy;roc_auc
coaps;schc;peer_based;64;d2;json;dns_message;1;binvec;5;dt;;20833657;[102.79868960380554, 102.73650670051575, 105.33596062660217, 102.80522751808167, 104.56483626365662];[0.8174469470977783, 0.7624289989471436, 0.7451393604278564, 0.7657380104064941, 0.7749593257904053];[0.7262166812765819, 0.8142645645567648, 0.8578153814186644, 0.8124918833277057, 0.8362445131295291];[0.6573967746767188, 0.7381249175086891, 0.8196100823884493, 0.774429426102371, 0.7817376137274313];[0.6467198218700372, 0.8240475449827273, 0.8225220210222993, 0.7438848685287665, 0.8145158649595599];[0.6520145915520855, 0.7787232725809945, 0.8210634698830624, 0.7588499085572081, 0.7977901970060216];[0.7125943555468603, 0.8159409099678232, 0.8517674349779296, 0.8007352371397894, 0.8325210450639867];[0.7125943555468603, 0.8159409099678231, 0.8517674349779296, 0.8007352371397894, 0.8325210450639867]
