protocol;link_layer;link_layer_mode;blocksize;network_setup;data_format;dns_format;randiv_pad;vector_type;k;classifier;classifier_args;job_id;fit_time;score_time;accuracy;precision;recall;f1_score;balanced_accuracy;roc_auc
coaps;schc;;1024;p1;cbor;dns_cbor;0;binvec;5;dt;;20833657;[49.0523738861084, 49.185266971588135, 52.74632978439331, 50.858802795410156, 50.35988926887512];[0.3731956481933594, 0.374830961227417, 0.4019334316253662, 0.3775827884674072, 0.3585042953491211];[0.675375240631649, 0.699894339185688, 0.6933086308963801, 0.7178815423807319, 0.7203711208893006];[0.5832594704998266, 0.6148821574544482, 0.6144598155467721, 0.6480016313213703, 0.641793893129771];[0.5658155445063366, 0.6017795057759169, 0.5579273991551086, 0.5940035141500617, 0.628621630715167];[0.5744051007628374, 0.6082602781136639, 0.5848306130846249, 0.6198287464159629, 0.6351394738333113];[0.6552034737175046, 0.6818297623352896, 0.6683826887131235, 0.6950744560050953, 0.7034791943934606];[0.6552034737175046, 0.6818297623352896, 0.6683826887131236, 0.6950744560050953, 0.7034791943934606]
