protocol,link_layer,link_layer_mode,blocksize,network_setup,data_format,dns_format,vector_type,run,test_size,classifier,classifier_args,true_dns,false_dns,false_data,true_data,accuracy,precision,recall,f1_score
coaps,schc,,64,p2,json,dns_message,binvec,1,0.2,nb,,13158,12051,10358,38968,0.6993492989870531,0.5595339343425753,0.5219564441270975,0.5400923550538738
coaps,schc,,64,p2,json,dns_message,binvec,1,0.2,lr,max_iter=5000,19082,6127,4040,45286,0.8635942845642987,0.8252746302222991,0.7569518822642707,0.7896381204609878
coaps,schc,,64,p2,json,dns_message,binvec,1,0.2,knn,algorithm=brute,19637,5572,4241,45085,0.8683437311330248,0.822388809783064,0.7789678289499782,0.8000896367673722
coaps,schc,,64,p2,json,dns_message,binvec,1,0.2,svm,C=0.01,19220,5989,4065,45261,0.8651103508418864,0.8254240927635818,0.7624261176563926,0.792675382521549
coaps,schc,,64,p2,json,dns_message,binvec,1,0.2,dt,,18853,6356,6846,42480,0.8228751593211243,0.7336083116074555,0.747867824983141,0.740669442916634
coaps,schc,,64,p2,json,dns_message,binvec,1,0.2,rf,"n_estimators=250,max_depth=9",19419,5790,3721,45605,0.8723955188837459,0.8391961970613656,0.7703201237653219,0.8032844526257006
