protocol,link_layer,blocksize,network_setup,data_format,dns_format,test_size,classifier,classifier_args,true_dns,false_dns,false_data,true_data,accuracy,precision,recall,f1_score
coaps,schc,1024,d2,json,dns_message,0.2,nb,,17130,16559,16677,36984,0.6195077275329136,0.5066997959002574,0.5084745762711864,0.5075856347042788
coaps,schc,1024,d2,json,dns_message,0.2,lr,max_iter=5000,30761,2928,2570,51091,0.9370578133943904,0.9228946026221836,0.9130873578912998,0.9179647866308565
coaps,schc,1024,d2,json,dns_message,0.2,knn,algorithm=brute,28468,5221,3360,50301,0.901763022323984,0.8944325750911147,0.8450235982071299,0.8690263595707984
coaps,schc,1024,d2,json,dns_message,0.2,svm,C=0.01,30943,2746,2869,50792,0.9357183743560389,0.9151484679995268,0.9184897147436849,0.9168160471696716
coaps,schc,1024,d2,json,dns_message,0.2,dt,,30175,3514,3538,50123,0.9192673153978248,0.8950553199062676,0.8956929561577963,0.8953740245096584
coaps,schc,1024,d2,json,dns_message,0.2,rf,"n_estimators=250,max_depth=9",31293,2396,3205,50456,0.9358786491127647,0.9070960635399153,0.928878862536733,0.9178582427735492
