protocol,link_layer,link_layer_mode,blocksize,network_setup,data_format,dns_format,vector_type,run,test_size,classifier,classifier_args,true_dns,false_dns,false_data,true_data,accuracy,precision,recall,f1_score
coaps,schc,min_rules,64,d2,cbor,dns_message,binvec,1,0.2,nb,,20483,4798,2654,39647,0.889733952827676,0.8852919566063016,0.8102132035916301,0.8460902969969846
coaps,schc,min_rules,64,d2,cbor,dns_message,binvec,1,0.2,lr,max_iter=5000,25211,70,8,42293,0.9988458465271818,0.9996827788572108,0.9972311221866224,0.9984554455445545
coaps,schc,min_rules,64,d2,cbor,dns_message,binvec,1,0.2,knn,algorithm=brute,22777,2504,2220,40081,0.930099730697523,0.9111893427211265,0.9009532850757486,0.9060424042324675
coaps,schc,min_rules,64,d2,cbor,dns_message,binvec,1,0.2,svm,C=0.01,25209,72,0,42301,0.9989346275635524,1.0,0.9971520113919544,0.9985739750445632
coaps,schc,min_rules,64,d2,cbor,dns_message,binvec,1,0.2,dt,,25255,26,53,42248,0.9988310496877867,0.9979058005373795,0.9989715596693168,0.9984383956986697
coaps,schc,min_rules,64,d2,cbor,dns_message,binvec,1,0.2,rf,"n_estimators=250,max_depth=9",21544,3737,1705,40596,0.9194756000118375,0.9266635124091359,0.8521814801629682,0.8878631774160313
