protocol;link_layer;link_layer_mode;blocksize;network_setup;data_format;dns_format;randiv_pad;vector_type;k;classifier;classifier_args;job_id;fit_time;score_time;accuracy;precision;recall;f1_score;balanced_accuracy;roc_auc
coaps;schc;;64;d2;json;dns_cbor;1;binvec;5;dt;;20833657;[32.28217434883118, 32.716843366622925, 32.10525059700012, 31.88017749786377, 32.485536098480225];[0.6119852066040039, 0.6892285346984863, 0.6747531890869141, 0.7080514430999756, 0.6948788166046143];[0.9995759275654522, 0.9997247228628823, 0.999657763559259, 0.9996800833271334, 0.9996503236366342];[0.9989643545279383, 0.9994939271255061, 0.9991328853240841, 0.9994216310005783, 0.9991328435505239];[0.9996625774264298, 0.9996143742016341, 0.9997589838760214, 0.9995420693644405, 0.9997348758737045];[0.9993133440146487, 0.9995541470350778, 0.999445836545875, 0.9994818465542796, 0.9994337690500572];[0.9995999068793794, 0.9996941854542216, 0.9996857748295613, 0.999641889943254, 0.999673722913176];[0.9995999068793794, 0.9996941854542216, 0.9996857748295614, 0.999641889943254, 0.9996737229131759]
