protocol,link_layer,link_layer_mode,blocksize,network_setup,data_format,dns_format,vector_type,run,test_size,classifier,classifier_args,true_dns,false_dns,false_data,true_data,accuracy,precision,recall,f1_score
coaps,schc,,64,d1,cbor,dns_message,binvec,1,0.2,nb,,16894,8224,8690,33806,0.7498447067175437,0.660334584115072,0.6725853969265069,0.6664036921620449
coaps,schc,,64,d1,cbor,dns_message,binvec,1,0.2,lr,max_iter=5000,18071,7047,3364,39132,0.8460230129854763,0.8430604152087707,0.7194442232661836,0.7763624256224089
coaps,schc,,64,d1,cbor,dns_message,binvec,1,0.2,knn,algorithm=brute,19472,5646,3339,39157,0.8671133197266838,0.8536232519398536,0.7752209570825702,0.8125352083289866
coaps,schc,,64,d1,cbor,dns_message,binvec,1,0.2,svm,C=0.01,17806,7312,3222,39274,0.8442038631052741,0.8467757276012935,0.7088940202245402,0.7717245265028388
coaps,schc,,64,d1,cbor,dns_message,binvec,1,0.2,dt,,20287,4831,5539,36957,0.8466293962788771,0.785526213892976,0.8076678079464925,0.7964431532663316
coaps,schc,,64,d1,cbor,dns_message,binvec,1,0.2,rf,"n_estimators=250,max_depth=9",17686,7432,2598,39898,0.8516579406631762,0.8719187536974956,0.7041165697905885,0.7790846218228272
