protocol;link_layer;link_layer_mode;blocksize;network_setup;data_format;dns_format;randiv_pad;vector_type;k;classifier;classifier_args;job_id;fit_time;score_time;accuracy;precision;recall;f1_score;balanced_accuracy;roc_auc
coaps;eth;;64;d1;json;dns_message;1;binvec;5;knn;algorithm=brute;895868;[226.90417551994324, 142.8440546989441, 113.8840663433075, 123.21576976776123, 77.91779780387878];[371.0088710784912, 238.3849401473999, 1357.5157461166382, 270.63236021995544, 234.61605143547058];[0.8840144108447713, 0.9210117444314027, 0.9334749097619888, 0.9336241756452357, 0.93682660732217];[0.8947595660855956, 0.902460112891122, 0.9175055882784839, 0.9185044712190815, 0.9174489812406081];[0.815601324981142, 0.9071365320914369, 0.922124561345971, 0.9213210455544258, 0.9310944213046473];[0.8533486604500339, 0.9047922800130848, 0.9198092761161681, 0.9199106024510647, 0.9242213378258499];[0.8739492384161326, 0.918970374671177, 0.9318050531656364, 0.9318141463681673, 0.9359832914800439];[0.9224881524869352, 0.9703151780402963, 0.9772611505776547, 0.9770306450862262, 0.97860765927027]
coaps;eth;;64;d1;json;dns_message;1;binvec;5;dt;;20973687;[712.4451999664307, 551.3874139785767, 557.8566195964813, 564.0665564537048, 555.3055922985077];[5.891011953353882, 5.737610340118408, 5.747801065444946, 5.745793581008911, 5.98030424118042];[0.8810969611029317, 0.8846589636947126, 0.8783279507151193, 0.8669973132141016, 0.8499063695823269];[0.8897418880378827, 0.8338545620160923, 0.8154558644644088, 0.8145974302440507, 0.7608894140394221];[0.8134203535469483, 0.9006920074776164, 0.91241677872159, 0.8784887343806369, 0.9292578137811157];[0.8498710733040357, 0.865985557973071, 0.861215803118833, 0.8453375622302698, 0.8366873864961833];[0.8711401419383336, 0.887017801162628, 0.8833430790814163, 0.8686879243507009, 0.8615805074738507];[0.8711401419383336, 0.8870178011626281, 0.8833430790814162, 0.8686879243507009, 0.8615805074738506]
