protocol;link_layer;link_layer_mode;blocksize;network_setup;data_format;dns_format;randiv_pad;vector_type;k;classifier;classifier_args;job_id;fit_time;score_time;accuracy;precision;recall;f1_score;balanced_accuracy;roc_auc
coaps;schc;;1024;p2;cbor;dns_message;1;binvec;5;dt;;20833657;[97.04999804496765, 94.5386917591095, 95.2259578704834, 143.40920639038086, 156.77165746688843];[0.5691852569580078, 0.5747592449188232, 0.5778775215148926, 0.5553483963012695, 0.5929465293884277];[0.6221900216689045, 0.6043763210720126, 0.5991997022147776, 0.5887373374810561, 0.6253356730743665];[0.5708965821945908, 0.5554422366801477, 0.5459259998005386, 0.537260521949012, 0.5714113134607834];[0.549630844954881, 0.47987117552334946, 0.4989669421487603, 0.43285123966942146, 0.5748663101604278];[0.560061919504644, 0.5148986112016691, 0.5213912656961884, 0.4794373022817527, 0.5731336049558488];[0.6141323688258216, 0.5905500996973874, 0.5880677301147962, 0.5714244380809882, 0.619730484316801];[0.6141323688258216, 0.5905500996973873, 0.5880677301147962, 0.5714244380809882, 0.6197304843168009]
