protocol;link_layer;link_layer_mode;blocksize;network_setup;data_format;dns_format;randiv_pad;vector_type;k;classifier;classifier_args;job_id;fit_time;score_time;accuracy;precision;recall;f1_score;balanced_accuracy;roc_auc
coaps;eth;;64;p1;json;dns_message;0;binvec;5;dt;;20833657;[790.1149890422821, 894.9311304092407, 916.0317733287811, 879.0454499721527, 918.0212197303772];[6.486518144607544, 6.343441963195801, 6.343539237976074, 6.334153652191162, 6.328895330429077];[0.7061876653775697, 0.8729688104268297, 0.8316156565279634, 0.8301772859575681, 0.7636322927762588];[0.6601438640358029, 0.8485623319421304, 0.7632176545941539, 0.8345616973757677, 0.6576915653348774];[0.5974549867173921, 0.8435112000262373, 0.8597618969531993, 0.7353153389524778, 0.8940343052048145];[0.6272369655599839, 0.8460292267333328, 0.8086182698684434, 0.7818013808494316, 0.7578643017000515];[0.6901900894146168, 0.8686349037732306, 0.8357566298450072, 0.816220864587746, 0.7828174928526185];[0.6901900894146169, 0.8686349037732306, 0.8357566298450073, 0.816220864587746, 0.7828174928526185]
