protocol,link_layer,blocksize,network_setup,data_format,dns_format,test_size,classifier,classifier_args,true_data,false_data,false_dns,true_dns,accuracy,precision,recall,f1_score
coaps,eth,1024,p1,json,dns_cbor,0.2,nb,,23576,687,19063,6026,0.5998135840492786,0.897661254282735,0.24018494160787596,0.37896987610842087
coaps,eth,1024,p1,json,dns_cbor,0.2,lr,max_iter=600,20823,3440,5621,19468,0.8164005511428108,0.8498341190850358,0.775957590976125,0.8112173677521511
coaps,eth,1024,p1,json,dns_cbor,0.2,knn,"algorithm=brute,n_jobs=-1",20386,3877,6169,18920,0.7964418868536229,0.829933763214458,0.7541153493562917,0.7902100822787453
coaps,eth,1024,p1,json,dns_cbor,0.2,dt,,19104,5159,4875,20214,0.7966850380936943,0.7966736294486265,0.8056917374148033,0.8011573064880504
coaps,eth,1024,p1,json,dns_cbor,0.2,rf,"n_estimators=250,max_depth=9",22488,1775,5321,19768,0.8562165667044902,0.9176066471707748,0.7879150225198294,0.847829816435066
