protocol,link_layer,link_layer_mode,blocksize,network_setup,data_format,dns_format,vector_type,run,test_size,classifier,classifier_args,true_dns,false_dns,false_data,true_data,accuracy,precision,recall,f1_score
coaps,schc,,64,p1,json,dns_cbor,binvec,1,0.2,nb,,7313,9930,10566,38809,0.6923354048455372,0.4090273505229599,0.42411413327147246,0.4164341438414669
coaps,schc,,64,p1,json,dns_cbor,binvec,1,0.2,lr,max_iter=5000,8917,8326,4329,45046,0.8100363265183584,0.6731843575418994,0.517137389085426,0.5849322706549903
coaps,schc,,64,p1,json,dns_cbor,binvec,1,0.2,knn,algorithm=brute,8772,8471,5010,44365,0.797637275210904,0.6364823683064867,0.5087281795511222,0.5654794520547946
coaps,schc,,64,p1,json,dns_cbor,binvec,1,0.2,svm,C=0.01,8771,8472,4219,45156,0.8094959320303822,0.675211701308699,0.5086701850026097,0.580226904376013
coaps,schc,,64,p1,json,dns_cbor,binvec,1,0.2,dt,,8519,8724,10410,38965,0.7127803296406376,0.45005018754292353,0.4940555587774749,0.47102731394448744
coaps,schc,,64,p1,json,dns_cbor,binvec,1,0.2,rf,"n_estimators=250,max_depth=9",9186,8057,4526,44849,0.8111171154943109,0.669924154025671,0.5327379226352723,0.5935067032789533
