protocol,link_layer,blocksize,network_setup,data_format,dns_format,test_size,classifier,classifier_args,true_data,false_data,false_dns,true_dns,accuracy,precision,recall,f1_score
coaps,eth,1024,d1,cbor,dns_cbor,0.2,nb,,21137,2945,15508,9534,0.6243587655728361,0.7640035259235516,0.38072038974522804,0.5081954105700808
coaps,eth,1024,d1,cbor,dns_cbor,0.2,knn,"algorithm=brute,n_jobs=-1",20686,3396,5683,19359,0.8151819884374236,0.850758075148319,0.773061257088092,0.8100508400108793
coaps,eth,1024,d1,cbor,dns_cbor,0.2,dt,,19132,4950,4514,20528,0.8073446787720869,0.8057147342805557,0.8197428320421691,0.8126682501979414
coaps,eth,1024,d1,cbor,dns_cbor,0.2,rf,"n_estimators=250,max_depth=9",22551,1531,4808,20234,0.8709592052764433,0.9296577073282793,0.8080025557064132,0.8645715384451044
coaps,eth,1024,d1,cbor,dns_cbor,0.2,lr,max_iter=2400,21010,3172,5300,19642,0.8275384740656299,0.8609625668449198,0.7875070162777644,0.8225982075550716
