protocol;link_layer;link_layer_mode;blocksize;network_setup;data_format;dns_format;randiv_pad;vector_type;k;classifier;classifier_args;job_id;fit_time;score_time;accuracy;precision;recall;f1_score;balanced_accuracy;roc_auc
coaps;schc;peer_based;64;d2;json;dns_message;0;binvec;5;dt;;20833657;[94.9556667804718, 95.49170780181885, 97.98989725112915, 96.98930525779724, 97.59699082374573];[0.744431734085083, 0.7747352123260498, 0.745255708694458, 0.7588140964508057, 0.7739613056182861];[0.724729716567644, 0.8243162515259344, 0.8689969091711903, 0.8223422768239786, 0.8515558037453572];[0.648419380460683, 0.7539370960278247, 0.8331134457203355, 0.789454707781059, 0.801115680990876];[0.6682820609374744, 0.8269126868481802, 0.8374373751596319, 0.7528242575067946, 0.8323455253937588];[0.6582009046271436, 0.7887405325212774, 0.835269814571375, 0.7707044803137728, 0.8164320643664132];[0.715057028144307, 0.8247611591356855, 0.8635887992816002, 0.8104295189348321, 0.8482638889693974];[0.715057028144307, 0.8247611591356855, 0.8635887992816, 0.810429518934832, 0.8482638889693973]
