protocol,link_layer,blocksize,network_setup,data_format,dns_format,test_size,classifier,classifier_args,true_dns,false_dns,false_data,true_data,accuracy,precision,recall,f1_score
coaps,eth,1024,p1,json,dns_cbor,0.2,nb,,19290,4773,12543,12732,0.6490331995622036,0.6059749316746772,0.8016456800897643,0.6902103907256333
coaps,eth,1024,p1,json,dns_cbor,0.2,lr,max_iter=5000,20895,3168,5758,19517,0.8190846811788074,0.7839642816943684,0.8683455928188505,0.8240003154822936
coaps,eth,1024,p1,json,dns_cbor,0.2,knn,algorithm=brute,20216,3847,6659,18616,0.7870606834488629,0.7522232558139534,0.840127997340315,0.7937492638109074
coaps,eth,1024,p1,json,dns_cbor,0.2,dt,,18726,5337,5038,20237,0.7897158376910293,0.7879986534253492,0.7782072060840294,0.7830723231647396
coaps,eth,1024,p1,json,dns_cbor,0.2,rf,"n_estimators=250,max_depth=9",22397,1666,5785,19490,0.8489805018444201,0.7947271307927045,0.9307650750114284,0.8573834816728874
