protocol;link_layer;link_layer_mode;blocksize;network_setup;data_format;dns_format;randiv_pad;vector_type;k;classifier;classifier_args;job_id;fit_time;score_time;accuracy;precision;recall;f1_score;balanced_accuracy;roc_auc
coaps;schc;;1024;p2;cbor;dns_cbor;0;binvec;5;dt;;20833657;[53.81190752983093, 46.777916431427, 49.26740908622742, 51.76165962219238, 50.83790826797485];[0.4593474864959717, 0.36090683937072754, 0.36597681045532227, 0.4505462646484375, 0.43043947219848633];[0.6923310752127845, 0.6625846795205836, 0.7285294500817857, 0.6990431799429672, 0.7234341299596138];[0.6004536972668398, 0.5752123281674109, 0.6482635796972396, 0.6230219394289964, 0.6405341770289162];[0.6135870784416362, 0.49125102819113137, 0.6532565617288566, 0.5637852389142302, 0.6509758468556046];[0.6069493500009246, 0.5299265951439864, 0.650750493500689, 0.5919252585919252, 0.6457128022548583];[0.6778313775693465, 0.6310357838296108, 0.7146694741469, 0.6741381729918483, 0.7100924065040712];[0.6778313775693466, 0.6310357838296108, 0.7146694741468999, 0.6741381729918483, 0.7100924065040712]
