protocol;link_layer;link_layer_mode;blocksize;network_setup;data_format;dns_format;randiv_pad;vector_type;k;classifier;classifier_args;job_id;fit_time;score_time;accuracy;precision;recall;f1_score;balanced_accuracy;roc_auc
coaps;eth;;64;p1;json;dns_cbor;0;binvec;5;dt;;20833657;[928.9338202476501, 795.5048913955688, 776.6710529327393, 644.8416476249695, 659.3159310817719];[6.933306455612183, 6.316320896148682, 5.995464563369751, 5.782524585723877, 5.788342237472534];[0.6811641800381596, 0.6892496324794345, 0.7047011354039598, 0.6754011447874636, 0.6835804322667417];[0.5085845283386987, 0.5216427575214186, 0.5539511911679256, 0.49933877868533644, 0.5111399762229757];[0.5027725541250784, 0.504966488258836, 0.4596894739379912, 0.30952093931576535, 0.559756009354582];[0.5056618413714508, 0.513169177998285, 0.5024374818835806, 0.3821572625656749, 0.5343444688661549];[0.6347855780370086, 0.6413393420855784, 0.6410025269372848, 0.5802757635576825, 0.6513872573998714];[0.6347855780370086, 0.6413393420855785, 0.6410025269372848, 0.5802757635576826, 0.6513872573998715]
