protocol;link_layer;link_layer_mode;blocksize;network_setup;data_format;dns_format;randiv_pad;vector_type;k;classifier;classifier_args;job_id;fit_time;score_time;accuracy;precision;recall;f1_score;balanced_accuracy;roc_auc
coaps;schc;;1024;d1;cbor;dns_message;1;binvec;5;dt;;20833657;[68.03550291061401, 68.6577217578888, 110.24839234352112, 67.12094378471375, 67.4073657989502];[0.5268921852111816, 0.5140190124511719, 0.5169403553009033, 0.5215864181518555, 0.511002779006958];[0.879517589014721, 0.8792635477530719, 0.8603289209787405, 0.8703168872843963, 0.8672817221553684];[0.862162574348025, 0.8592538759689923, 0.8244909831297266, 0.8458054647431091, 0.8428592881814087];[0.8628731912815191, 0.8662311496428353, 0.8653153428170218, 0.8608584162647293, 0.8567023842232194];[0.8625177364478281, 0.8627284059469156, 0.8444100211504662, 0.8532655562111379, 0.8497244595167444];[0.8776812129652427, 0.8778256835455154, 0.8608790265664858, 0.8692734220646068, 0.866114378179699];[0.8776812129652427, 0.8778256835455154, 0.8608790265664857, 0.8692734220646068, 0.8661143781796989]
