protocol;link_layer;link_layer_mode;blocksize;network_setup;data_format;dns_format;randiv_pad;vector_type;k;classifier;classifier_args;job_id;fit_time;score_time;accuracy;precision;recall;f1_score;balanced_accuracy;roc_auc
coaps;schc;;64;d1;cbor;dns_message;0;binvec;5;dt;;20833657;[186.86725640296936, 192.70368313789368, 197.00694108009338, 190.38856863975525, 180.20768356323242];[1.0438332557678223, 1.1112043857574463, 0.9790992736816406, 0.9752712249755859, 0.9464712142944336];[0.6247883460908747, 0.7945732637382629, 0.8106436422918956, 0.7930814925728199, 0.7815926280952414];[0.5681677864536046, 0.7414511079364114, 0.7535912589130208, 0.756861021584139, 0.6993045192922618];[0.5118101220270226, 0.7980174698203946, 0.8280825727091308, 0.7605875713608035, 0.8585706574190699];[0.5385184675226327, 0.7686950493177449, 0.7890827754440383, 0.7587197206425873, 0.7707964666749885];[0.6105230978893366, 0.7950081480270359, 0.812845497292734, 0.7889784337950396, 0.7913127654973278];[0.6105230978893366, 0.7950081480270359, 0.8128454972927339, 0.7889784337950395, 0.7913127654973278]
