protocol,link_layer,blocksize,network_setup,data_format,dns_format,test_size,classifier,classifier_args,true_data,false_data,false_dns,true_dns,accuracy,precision,recall,f1_score
coaps,eth,1024,d1,json,dns_message,0.2,nb,,6336,18828,1095,23080,0.5962017876325016,0.5507301708504343,0.9547052740434333,0.6985155032307855
coaps,eth,1024,d1,json,dns_message,0.2,lr,max_iter=2400,20352,4812,2115,22060,0.8596039644094935,0.8209288478713903,0.9125129265770424,0.8643015260446255
coaps,eth,1024,d1,json,dns_message,0.2,knn,"algorithm=brute,n_jobs=-1",19844,5320,3310,20865,0.8250876588499969,0.7968302463242314,0.863081695966908,0.8286338363780779
coaps,eth,1024,d1,json,dns_message,0.2,dt,,20964,4200,4464,19711,0.8243985488153388,0.824348626155326,0.8153464322647362,0.8198228174520651
coaps,eth,1024,d1,json,dns_message,0.2,rf,"n_estimators=250,max_depth=9",20444,4720,1133,23042,0.8813717343278137,0.8299834305885743,0.9531334022750776,0.8873057743034831
