protocol;link_layer;link_layer_mode;blocksize;network_setup;data_format;dns_format;randiv_pad;vector_type;k;classifier;classifier_args;job_id;fit_time;score_time;accuracy;precision;recall;f1_score;balanced_accuracy;roc_auc
coaps;schc;min_rules;1024;d2;cbor;dns_cbor;0;binvec;5;dt;;20833657;[33.44619607925415, 34.65332055091858, 35.49943661689758, 35.025150775909424, 35.96406030654907];[0.36836719512939453, 0.392913818359375, 0.3785727024078369, 0.38659095764160156, 0.3929927349090576];[0.9374064439244866, 0.9448755958609464, 0.9497006162074177, 0.9460673177537495, 0.9482036972445065];[0.9134668584707314, 0.9197261978842564, 0.9259869625723284, 0.9246438851575762, 0.9311911233570391];[0.9266257576891417, 0.9401332036219412, 0.9461178671655753, 0.9375491113189897, 0.9357904583723106];[0.9199992570165499, 0.9298177444721991, 0.9359441801928523, 0.9310517808371885, 0.9334851256018812];[0.9354393907377343, 0.9440103307211936, 0.9490468622000441, 0.9445129773499636, 0.9459386196288518];[0.9354393907377344, 0.9440103307211934, 0.9490468622000441, 0.9445129773499638, 0.9459386196288518]
