protocol,link_layer,link_layer_mode,blocksize,network_setup,data_format,dns_format,vector_type,run,test_size,classifier,classifier_args,true_dns,false_dns,false_data,true_data,accuracy,precision,recall,f1_score
coaps,eth,,64,p1,json,dns_cbor,binvec,1,0.2,nb,,7229,10073,11688,31207,0.6385035799126202,0.3821430459375165,0.4178129695988903,0.39918274938568155
coaps,eth,,64,p1,json,dns_cbor,binvec,1,0.2,lr,max_iter=5000,9039,8263,4318,38577,0.7910028738973703,0.6767238152279703,0.5224251531614842,0.5896474118529632
coaps,eth,,64,p1,json,dns_cbor,binvec,1,0.2,knn,algorithm=brute,10064,7238,5265,37630,0.7922986195325349,0.6565333681257747,0.5816668593226216,0.6168367503294413
coaps,eth,,64,p1,json,dns_cbor,binvec,1,0.2,svm,C=0.01,9069,8233,4377,38518,0.7905211223150655,0.6744756804997769,0.5241590567564444,0.5898920254975933
coaps,eth,,64,p1,json,dns_cbor,binvec,1,0.2,dt,,9435,7867,8916,33979,0.7211987308337625,0.5141409187510217,0.5453126806149579,0.5292682242728523
coaps,eth,,64,p1,json,dns_cbor,binvec,1,0.2,rf,"n_estimators=250,max_depth=9",10271,7031,4656,38239,0.8058541123311793,0.6880819990621022,0.5936307941278465,0.6373762760246983
