protocol,link_layer,blocksize,network_setup,data_format,dns_format,test_size,classifier,classifier_args,true_data,false_data,false_dns,true_dns,accuracy,precision,recall,f1_score
coap,eth,1024,p1,json,dns_cbor,0.2,nb,,5465,19757,168,23949,0.59616125174811,0.5479568022697112,0.9930339594476925,0.706220603630037
coap,eth,1024,p1,json,dns_cbor,0.2,lr,max_iter=2400,25221,1,2,24115,0.9999391961734125,0.9999585337535246,0.9999170709458058,0.9999378019198474
coap,eth,1024,p1,json,dns_cbor,0.2,knn,"algorithm=brute,n_jobs=-1",25222,0,3,24114,0.9999391961734125,1.0,0.9998756064187088,0.9999377993406731
coap,eth,1024,p1,json,dns_cbor,0.2,dt,,25221,1,1,24116,0.9999594641156083,0.9999585354729029,0.9999585354729029,0.9999585354729029
coap,eth,1024,p1,json,dns_cbor,0.2,rf,"n_estimators=250,max_depth=9",25222,0,1,24116,0.9999797320578042,1.0,0.9999585354729029,0.9999792673066158
