protocol;link_layer;link_layer_mode;blocksize;network_setup;data_format;dns_format;randiv_pad;vector_type;k;classifier;classifier_args;job_id;fit_time;score_time;accuracy;precision;recall;f1_score;balanced_accuracy;roc_auc
coap;eth;;64;d2;json;dns_message;0;binvec;5;dt;;20833657;[260.475373506546, 344.4093065261841, 347.86821007728577, 352.6443102359772, 411.29713344573975];[5.792783737182617, 5.7128520011901855, 5.918049097061157, 7.79956841468811, 5.863427639007568];[0.9254887775165259, 1.0, 1.0, 1.0, 1.0];[0.83766572180346, 1.0, 1.0, 1.0, 1.0];[1.0, 1.0, 1.0, 1.0, 1.0];[0.9116627816090364, 1.0, 1.0, 1.0, 1.0];[0.9394722124799757, 1.0, 1.0, 1.0, 1.0];[0.9394722124799758, 1.0, 1.0, 1.0, 1.0]
