protocol,link_layer,link_layer_mode,blocksize,network_setup,data_format,dns_format,vector_type,run,test_size,classifier,classifier_args,true_dns,false_dns,false_data,true_data,accuracy,precision,recall,f1_score
coap,eth,,1024,d1,cbor,dns_cbor,word2vec,1,0.2,nb,,9977,151,6836,3200,0.6534913707597699,0.5934098614167609,0.9850908372827805,0.7406555064771166
coap,eth,,1024,d1,cbor,dns_cbor,word2vec,1,0.2,lr,max_iter=5000,10128,0,1,10035,0.9999504066653442,0.999901273570935,1.0,0.9999506343486202
coap,eth,,1024,d1,cbor,dns_cbor,word2vec,1,0.2,knn,algorithm=brute,10120,8,0,10036,0.9996032533227535,1.0,0.9992101105845181,0.9996048992493086
coap,eth,,1024,d1,cbor,dns_cbor,word2vec,1,0.2,svm,C=0.01,10128,0,2,10034,0.9999008133306884,0.9998025666337611,1.0,0.999901273570935
coap,eth,,1024,d1,cbor,dns_cbor,word2vec,1,0.2,dt,,10127,1,3,10033,0.9998016266613767,0.9997038499506417,0.9999012638230648,0.9998025471418699
coap,eth,,1024,d1,cbor,dns_cbor,word2vec,1,0.2,rf,"n_estimators=250,max_depth=9",10128,0,0,10036,1.0,1.0,1.0,1.0
