protocol;link_layer;link_layer_mode;blocksize;network_setup;data_format;dns_format;randiv_pad;vector_type;k;classifier;classifier_args;job_id;fit_time;score_time;accuracy;precision;recall;f1_score;balanced_accuracy;roc_auc
coap;eth;;64;d1;cbor;dns_cbor;0;binvec;5;dt;;20833657;[351.030433177948, 405.87493562698364, 356.57609248161316, 356.3652837276459, 389.21230125427246];[3.5582988262176514, 3.561760902404785, 3.544957160949707, 3.583004951477051, 3.5749645233154297];[0.7583283173937921, 0.9964033588466968, 0.9960838225458869, 0.9970424314483168, 0.9969904139109756];[0.6003511326167944, 0.9942472489437376, 0.9915399239543726, 0.9946596733818095, 0.9935055666571511];[0.6692763032270383, 0.9941997851772287, 0.9959183673469387, 0.9958467597565341, 0.9968492660221984];[0.6329428229611069, 0.9942235164940086, 0.9937243227150938, 0.9952528625954199, 0.9951746077134789];[0.7339313806396859, 0.995799649804692, 0.9960384930880903, 0.9967148554649949, 0.9969517438824237];[0.7339313806396859, 0.995799649804692, 0.9960384930880902, 0.9967148554649948, 0.9969517438824237]
