protocol;link_layer;link_layer_mode;blocksize;network_setup;data_format;dns_format;randiv_pad;vector_type;k;classifier;classifier_args;job_id;fit_time;score_time;accuracy;precision;recall;f1_score;balanced_accuracy;roc_auc
coap;eth;;64;d1;json;dns_message;0;binvec;5;dt;;20833657;[520.6132459640503, 710.0019581317902, 630.2511823177338, 607.0203130245209, 601.4492664337158];[6.44940447807312, 7.697600841522217, 5.9758076667785645, 5.817446231842041, 5.894624471664429];[0.5410888171904993, 0.9847020933977456, 0.9854489019580387, 0.9857581273775351, 0.9864582604028098];[0.4024203665738503, 0.9818757805598708, 0.9844886606760804, 0.9815157677482017, 0.9755415270464337];[0.3991350531107739, 0.9782701062215478, 0.9775569044006069, 0.9814412965295376, 0.9895901303509916];[0.40077097712971005, 0.9800696270846319, 0.9810105378570994, 0.9814785307262146, 0.9825156124055534];[0.5144485184319332, 0.9834950288444511, 0.9839678432672634, 0.9849479722645034, 0.9870460296578982];[0.5144485184319332, 0.9834950288444511, 0.9839678432672633, 0.9849479722645034, 0.9870460296578982]
