protocol,link_layer,link_layer_mode,blocksize,network_setup,data_format,dns_format,vector_type,run,test_size,classifier,classifier_args,true_dns,false_dns,false_data,true_data,accuracy,precision,recall,f1_score
coaps,schc,,64,p1,cbor,dns_message,binvec,1,0.2,nb,,13530,11832,9418,33326,0.687986374181423,0.5895938643890535,0.5334752779749231,0.5601324777478783
coaps,schc,,64,p1,cbor,dns_message,binvec,1,0.2,lr,max_iter=5000,18814,6548,3142,39602,0.8577217866267289,0.8568956094006194,0.7418184685750335,0.7952153514518788
coaps,schc,,64,p1,cbor,dns_message,binvec,1,0.2,knn,algorithm=brute,19926,5436,3254,39490,0.8724047807828973,0.8596203623813632,0.7856635911994322,0.8209797700959993
coaps,schc,,64,p1,cbor,dns_message,binvec,1,0.2,svm,C=0.01,18732,6630,3026,39718,0.8582210084280386,0.8609247173453443,0.7385852850721552,0.7950764006791171
coaps,schc,,64,p1,cbor,dns_message,binvec,1,0.2,dt,,20213,5149,5701,37043,0.8406895134055736,0.7800030871343675,0.7969797334595063,0.7884000312036821
coaps,schc,,64,p1,cbor,dns_message,binvec,1,0.2,rf,"n_estimators=250,max_depth=9",19032,6330,2658,40086,0.8680292485243591,0.8774550484094052,0.7504140052046369,0.8089773017087478
