protocol;link_layer;link_layer_mode;blocksize;network_setup;data_format;dns_format;randiv_pad;vector_type;k;classifier;classifier_args;job_id;fit_time;score_time;accuracy;precision;recall;f1_score;balanced_accuracy;roc_auc
coaps;schc;;1024;d2;json;dns_message;0;binvec;5;dt;;20833657;[44.35030913352966, 45.229748487472534, 46.401190519332886, 45.35741209983826, 46.85019111633301];[0.3703956604003906, 0.38330912590026855, 0.3705873489379883, 0.37851834297180176, 0.38159632682800293];[0.8861127102923303, 0.8981001727115717, 0.9034990085076441, 0.9051493635258747, 0.9058773860089043];[0.8647310513447433, 0.8719671295324356, 0.8768449357633702, 0.8793500703192795, 0.8831031779533257];[0.8634116570033568, 0.8872139151663107, 0.8956025511916751, 0.896792700418078, 0.8938020690286551];[0.8640708505115284, 0.8795244505619167, 0.8861244885943327, 0.8879857375959388, 0.8884204140441344];[0.8829559661820396, 0.8965863606011089, 0.9024007997829906, 0.9039871511606647, 0.9041980936618108];[0.8829559661820396, 0.8965863606011089, 0.9024007997829907, 0.9039871511606646, 0.9041980936618108]
