protocol,link_layer,link_layer_mode,blocksize,network_setup,data_format,dns_format,vector_type,run,test_size,classifier,classifier_args,true_dns,false_dns,false_data,true_data,accuracy,precision,recall,f1_score
coaps,schc,,1024,d1,cbor,dns_cbor,word2vec,1,0.2,nb,,9000,2419,6080,15866,0.7452719916079724,0.596816976127321,0.7881600840704089,0.6792709158836182
coaps,schc,,1024,d1,cbor,dns_cbor,word2vec,1,0.2,lr,max_iter=5000,9774,1645,873,21073,0.9245316948898546,0.9180050718512257,0.8559418513004642,0.8858877911719387
coaps,schc,,1024,d1,cbor,dns_cbor,word2vec,1,0.2,knn,algorithm=brute,8682,2737,2837,19109,0.8329387082271842,0.7537112596579564,0.7603117610999212,0.7569971226785247
coaps,schc,,1024,d1,cbor,dns_cbor,word2vec,1,0.2,svm,C=0.01,9169,2250,1767,20179,0.8796043758429491,0.8384235552304315,0.8029599789823978,0.8203086557817043
coaps,schc,,1024,d1,cbor,dns_cbor,word2vec,1,0.2,dt,,10718,701,796,21150,0.9551326240071931,0.930866770887615,0.9386110867851826,0.9347228884140758
coaps,schc,,1024,d1,cbor,dns_cbor,word2vec,1,0.2,rf,"n_estimators=250,max_depth=9",10430,989,195,21751,0.964513711973625,0.9816470588235294,0.9133899640949295,0.9462892397024134
