protocol,link_layer,link_layer_mode,blocksize,network_setup,data_format,dns_format,vector_type,run,test_size,classifier,classifier_args,true_dns,false_dns,false_data,true_data,accuracy,precision,recall,f1_score
coaps,schc,,64,p2,cbor,dns_message,binvec,1,0.2,nb,,13325,11824,9187,33762,0.691459367382302,0.591906538734897,0.5298421408405901,0.5591573823461531
coaps,schc,,64,p2,cbor,dns_message,binvec,1,0.2,lr,max_iter=5000,19056,6093,3713,39236,0.8560016446885371,0.8369274012912293,0.7577239651676011,0.7953587378438165
coaps,schc,,64,p2,cbor,dns_message,binvec,1,0.2,knn,algorithm=brute,19854,5295,4274,38675,0.8594819231108108,0.8228614058355438,0.7894548490993678,0.8058120421291881
coaps,schc,,64,p2,cbor,dns_message,binvec,1,0.2,svm,C=0.01,19069,6080,3536,39413,0.8587917413139886,0.8435744304357443,0.7582408843293968,0.7986346693470704
coaps,schc,,64,p2,cbor,dns_message,binvec,1,0.2,dt,,18906,6243,6522,36427,0.8125495609268995,0.743511090136857,0.7517595133007277,0.747612551159618
coaps,schc,,64,p2,cbor,dns_message,binvec,1,0.2,rf,"n_estimators=250,max_depth=9",19354,5795,3477,39472,0.8638432846779641,0.8477070649555429,0.7695733428764563,0.8067528136723635
