protocol;link_layer;link_layer_mode;blocksize;network_setup;data_format;dns_format;randiv_pad;vector_type;k;classifier;classifier_args;job_id;fit_time;score_time;accuracy;precision;recall;f1_score;balanced_accuracy;roc_auc
coaps;schc;min_rules;64;d2;json;dns_message;0;binvec;5;dt;;20833657;[22.116596221923828, 22.534165143966675, 22.601239681243896, 22.312223434448242, 22.743958950042725];[0.6754012107849121, 0.6764838695526123, 0.6967072486877441, 0.6968259811401367, 0.6744966506958008];[0.9983896522168255, 0.998772759149113, 0.9986039323653931, 0.9987337991221007, 0.9987532710401745];[0.9974811495117683, 0.998363070879031, 0.9976126236611887, 0.9979226982023979, 0.9978576568326029];[0.998461009512271, 0.9985428707084268, 0.9988702969972821, 0.998886669504568, 0.9990012770555683];[0.9979708389926197, 0.9984529626992118, 0.9982410641970663, 0.9984044511721147, 0.9984291394629621];[0.9984018795207306, 0.9987333670195349, 0.9986495771838315, 0.9987599953209085, 0.9987957690093553];[0.9984018795207307, 0.9987333670195349, 0.9986495771838315, 0.9987599953209084, 0.9987957690093553]
