protocol,link_layer,link_layer_mode,blocksize,network_setup,data_format,dns_format,vector_type,run,test_size,classifier,classifier_args,true_dns,false_dns,false_data,true_data,accuracy,precision,recall,f1_score
coaps,schc,,1024,p1,cbor,dns_message,binvec,1,0.2,nb,,7074,6807,4493,17747,0.6871625923977741,0.6115673899887611,0.5096174627188242,0.5559572461490098
coaps,schc,,1024,p1,cbor,dns_message,binvec,1,0.2,lr,max_iter=5000,10323,3558,3757,18483,0.7974862268486476,0.7331676136363636,0.7436784093365031,0.7383856085261614
coaps,schc,,1024,p1,cbor,dns_message,binvec,1,0.2,knn,algorithm=brute,10862,3019,4087,18153,0.803272334652972,0.7266037862064352,0.782508464808011,0.7535206382240721
coaps,schc,,1024,p1,cbor,dns_message,binvec,1,0.2,svm,C=0.01,10304,3577,3869,18371,0.7938595276985687,0.7270161574825372,0.7423096318709027,0.734583303628716
coaps,schc,,1024,p1,cbor,dns_message,binvec,1,0.2,dt,,12077,1804,2009,20231,0.8944381384790011,0.8573761181314781,0.8700381816871984,0.8636607430185576
coaps,schc,,1024,p1,cbor,dns_message,binvec,1,0.2,rf,"n_estimators=250,max_depth=9",10973,2908,3199,19041,0.8309293762631157,0.7742732147897262,0.7905050068438874,0.7823049228246534
