protocol;link_layer;link_layer_mode;blocksize;network_setup;data_format;dns_format;randiv_pad;vector_type;k;classifier;classifier_args;job_id;fit_time;score_time;accuracy;precision;recall;f1_score;balanced_accuracy;roc_auc
coaps;eth;;64;p2;json;dns_message;1;binvec;5;dt;;20833657;[699.7196464538574, 720.1708655357361, 773.2154030799866, 715.6148519515991, 768.5103793144226];[6.377870798110962, 6.323143720626831, 6.358269453048706, 6.324150323867798, 6.312770366668701];[0.727993758056856, 0.8953992496047873, 0.7955139121644085, 0.8679277286636045, 0.7879692514366744];[0.8060055661344661, 0.8761785248419002, 0.7092611439039284, 0.8738159553394561, 0.6824950587426495];[0.4511659178118133, 0.8701584073989046, 0.8571217736381227, 0.795693811288577, 0.9116460594929652];[0.5785085736513977, 0.8731580895964458, 0.7762127163509731, 0.8329270804723977, 0.7806008185960306];[0.687264747629173, 0.8916857286337747, 0.804577876183349, 0.8573004221417945, 0.8061650159281577];[0.687264747629173, 0.8916857286337747, 0.804577876183349, 0.8573004221417945, 0.8061650159281578]
