protocol;link_layer;link_layer_mode;blocksize;network_setup;data_format;dns_format;randiv_pad;vector_type;k;classifier;classifier_args;job_id;fit_time;score_time;accuracy;precision;recall;f1_score;balanced_accuracy;roc_auc
coaps;schc;;64;d2;json;dns_message;0;binvec;5;dt;;20833657;[34.79327654838562, 40.780951499938965, 46.72680354118347, 40.77444863319397, 40.71946907043457];[0.6811037063598633, 0.6823909282684326, 0.6806995868682861, 0.7015631198883057, 0.7025096416473389];[0.9984091322303317, 0.9988182125139606, 0.9987662658112776, 0.9987922391626192, 0.9988506792031375];[0.9973999215070644, 0.9985101262299645, 0.9979065811853984, 0.9980859208847299, 0.9980373235635662];[0.9985919874261203, 0.9985101262299645, 0.9989849045482825, 0.9988702969972821, 0.9990667670847113];[0.9979955984979261, 0.9985101262299645, 0.9984454517190031, 0.9984779548950935, 0.9985517800014727];[0.9984404650609213, 0.9987654209304249, 0.9988037322173218, 0.9988056153217046, 0.9988877084890875];[0.9984404650609213, 0.9987654209304249, 0.9988037322173219, 0.9988056153217045, 0.9988877084890875]
