protocol,link_layer,link_layer_mode,blocksize,network_setup,data_format,dns_format,vector_type,run,test_size,classifier,classifier_args,true_dns,false_dns,false_data,true_data,accuracy,precision,recall,f1_score
coap,eth,,64,d1,cbor,dns_message,binvec,1,0.2,nb,,24856,2856,6240,47525,0.8883611325895652,0.7993311036789298,0.8969399538106235,0.8453271663719222
coap,eth,,64,d1,cbor,dns_message,binvec,1,0.2,lr,max_iter=5000,26404,1308,1,53764,0.9839341163764007,0.9999621283847756,0.9528002309468823,0.9758116673134135
coap,eth,,64,d1,cbor,dns_message,binvec,1,0.2,knn,algorithm=brute,26500,1212,218,53547,0.9824490346969084,0.9918407066397186,0.9562644341801386,0.9737277236817932
coap,eth,,64,d1,cbor,dns_message,binvec,1,0.2,svm,C=0.01,26344,1368,77,53688,0.9822649336622605,0.9970856515650429,0.950635103926097,0.9733064858773761
coap,eth,,64,d1,cbor,dns_message,binvec,1,0.2,dt,,26935,777,892,52873,0.9795156915448532,0.9679448018111906,0.9719616050808314,0.9699490448153549
coap,eth,,64,d1,cbor,dns_message,binvec,1,0.2,rf,"n_estimators=250,max_depth=9",26335,1377,0,53765,0.9830995250193306,1.0,0.9503103348729792,0.9745221751438563
