protocol,link_layer,link_layer_mode,blocksize,network_setup,data_format,dns_format,vector_type,run,test_size,classifier,classifier_args,true_dns,false_dns,false_data,true_data,accuracy,precision,recall,f1_score
coap,eth,,64,d1,json,dns_message,binvec,1,0.2,nb,,24414,3230,6889,55118,0.8871289779255112,0.7799252467814587,0.883157285486905,0.8283373199653926
coap,eth,,64,d1,json,dns_message,binvec,1,0.2,lr,max_iter=5000,26298,1346,0,62007,0.9849862243589028,1.0,0.9513095065837072,0.9750472729969226
coap,eth,,64,d1,json,dns_message,binvec,1,0.2,knn,algorithm=brute,26367,1277,174,61833,0.9838150160065141,0.9934441053464451,0.953805527420055,0.9732213712281997
coap,eth,,64,d1,json,dns_message,binvec,1,0.2,svm,C=0.01,26268,1376,91,61916,0.9836365461623406,0.9965476687279488,0.9502242801331211,0.9728348425087495
coap,eth,,64,d1,json,dns_message,binvec,1,0.2,dt,,26791,853,917,61090,0.9802567734883046,0.9669048650209325,0.9691433945883374,0.9680228356698944
coap,eth,,64,d1,json,dns_message,binvec,1,0.2,rf,"n_estimators=250,max_depth=9",26214,1430,0,62007,0.9840492576769919,1.0,0.9482708725220663,0.9734486984292027
