protocol;link_layer;link_layer_mode;blocksize;network_setup;data_format;dns_format;randiv_pad;vector_type;k;classifier;classifier_args;job_id;fit_time;score_time;accuracy;precision;recall;f1_score;balanced_accuracy;roc_auc
coaps;schc;;1024;p2;json;dns_message;1;binvec;5;dt;;20833657;[62.60414457321167, 64.02341103553772, 63.59160351753235, 63.58563303947449, 66.80244445800781];[0.38505983352661133, 0.3967888355255127, 0.3857598304748535, 0.39194273948669434, 0.39488959312438965];[0.6272494881023541, 0.6159813809154383, 0.6387338005061746, 0.5954876125553238, 0.6309202828508929];[0.5620566154693849, 0.5475008738203425, 0.5729878542510122, 0.5168252424233213, 0.5637632259966587];[0.49588308571081335, 0.4759213684562331, 0.5375079755719624, 0.5165739981162458, 0.522893689423632];[0.5269002921663896, 0.5092079384945467, 0.5546811312472565, 0.5166995897280049, 0.5425598991172762];[0.6088545711168468, 0.5963691189118159, 0.6245593950832076, 0.5844381529463434, 0.6157944330307485];[0.6088545711168469, 0.596369118911816, 0.6245593950832076, 0.5844381529463434, 0.6157944330307485]
