protocol;link_layer;link_layer_mode;blocksize;network_setup;data_format;dns_format;randiv_pad;vector_type;k;classifier;classifier_args;job_id;fit_time;score_time;accuracy;precision;recall;f1_score;balanced_accuracy;roc_auc
coap;eth;;64;d1;json;dns_message;0;binvec;5;lr;max_iter=5000;872723;[139.3830063343048, 186.31509494781494, 175.3000671863556, 144.950612783432, 192.06921768188477];[1.6886672973632812, 1.101149559020996, 1.825610637664795, 1.3696837425231934, 1.0593030452728271];[0.6815171794138754, 0.9843520268851081, 0.985775630703167, 0.9857114518425167, 0.9865866181241102];[0.6959911298984789, 0.9866816530147194, 0.987269656019656, 0.9848100492068829, 0.9770333923374637];[0.3048103186646434, 0.9724279210925645, 0.9755842185128983, 0.9779207575228759, 0.9883458019089819];[0.4239507814396218, 0.9795029347028613, 0.9813921538696382, 0.9813533124709716, 0.9826570409094681];[0.6108210384568465, 0.9821142790417703, 0.9838630503347838, 0.9842493443244398, 0.9869167704484102];[0.7949744689213882, 0.9995004465070154, 0.9995820717637836, 0.9995895324018806, 0.9996404709119603]
coap;eth;;64;d1;json;dns_message;0;binvec;5;dt;;20833657;[520.6132459640503, 710.0019581317902, 630.2511823177338, 607.0203130245209, 601.4492664337158];[6.44940447807312, 7.697600841522217, 5.9758076667785645, 5.817446231842041, 5.894624471664429];[0.5410888171904993, 0.9847020933977456, 0.9854489019580387, 0.9857581273775351, 0.9864582604028098];[0.4024203665738503, 0.9818757805598708, 0.9844886606760804, 0.9815157677482017, 0.9755415270464337];[0.3991350531107739, 0.9782701062215478, 0.9775569044006069, 0.9814412965295376, 0.9895901303509916];[0.40077097712971005, 0.9800696270846319, 0.9810105378570994, 0.9814785307262146, 0.9825156124055534];[0.5144485184319332, 0.9834950288444511, 0.9839678432672634, 0.9849479722645034, 0.9870460296578982];[0.5144485184319332, 0.9834950288444511, 0.9839678432672633, 0.9849479722645034, 0.9870460296578982]
