protocol,link_layer,blocksize,network_setup,data_format,dns_format,test_size,classifier,classifier_args,true_data,false_data,false_dns,true_dns,accuracy,precision,recall,f1_score
coap,eth,1024,p1,cbor,dns_cbor,0.2,nb,,8873,16113,1460,22678,0.6422726162364628,0.5846201438477997,0.9395144585301185,0.7207487803715298
coap,eth,1024,p1,cbor,dns_cbor,0.2,lr,max_iter=2600,24981,5,3,24135,0.9998371468121489,0.9997928748964374,0.9998757146408153,0.9998342930527362
coap,eth,1024,p1,cbor,dns_cbor,0.2,knn,"algorithm=brute,n_jobs=-1",24985,1,11,24127,0.9997557202182232,0.9999585543766578,0.9995442870163228,0.9997513777814611
coap,eth,1024,p1,cbor,dns_cbor,0.2,dt,,24984,2,0,24138,0.9999592867030372,0.999917149958575,1.0,0.999958573263184
coap,eth,1024,p1,cbor,dns_cbor,0.2,rf,"n_estimators=250,max_depth=9",24986,0,0,24138,1.0,1.0,1.0,1.0
