protocol;link_layer;link_layer_mode;blocksize;network_setup;data_format;dns_format;randiv_pad;vector_type;k;classifier;classifier_args;job_id;fit_time;score_time;accuracy;precision;recall;f1_score;balanced_accuracy;roc_auc
coaps;schc;;1024;d1;json;dns_cbor;1;binvec;5;dt;;20833657;[42.559937953948975, 44.071863889694214, 42.0672926902771, 41.21624755859375, 41.624794244766235];[0.3849055767059326, 0.9555284976959229, 0.4080231189727783, 0.3851144313812256, 0.39048242568969727];[0.9332076413341837, 0.9317381539911831, 0.930171625031192, 0.9275237751961627, 0.9254720381512186];[0.9058749444362127, 0.898742046368756, 0.8892836635084697, 0.891547397938745, 0.8878073584425962];[0.9148211880891816, 0.9193850067335029, 0.9269761699898994, 0.9158280647936853, 0.9144439040814036];[0.9103260869565217, 0.9089463367728097, 0.9077388039197729, 0.9035246355416129, 0.9009287925696594];[0.9294272452934345, 0.9291982520121855, 0.9295145590164902, 0.9251188426516717, 0.9232043761095959];[0.9294272452934345, 0.9291982520121855, 0.9295145590164899, 0.9251188426516717, 0.9232043761095959]
