protocol;link_layer;link_layer_mode;blocksize;network_setup;data_format;dns_format;randiv_pad;vector_type;k;classifier;classifier_args;job_id;fit_time;score_time;accuracy;precision;recall;f1_score;balanced_accuracy;roc_auc
coaps;schc;;1024;p2;json;dns_cbor;1;binvec;5;dt;;20833657;[66.68585801124573, 65.8980302810669, 67.62319445610046, 67.59800124168396, 67.69873714447021];[0.425548791885376, 0.4427618980407715, 0.42907142639160156, 0.49807024002075195, 0.4302642345428467];[0.6749685916640206, 0.6261234520177267, 0.6283461957947345, 0.6336062292049204, 0.629077906479091];[0.559834679691903, 0.4931607703336304, 0.4959493670886076, 0.5037569944044764, 0.4975097829953753];[0.557467824004789, 0.47616731517509725, 0.43976354384914695, 0.47158304336438805, 0.5232536386425711];[0.5586487449149842, 0.4845150851813077, 0.466169588323947, 0.4871393510734922, 0.5100570782500866];[0.6505750672370516, 0.5949920921133116, 0.5891958513469562, 0.5999669034701431, 0.6071066250360714];[0.6505750672370516, 0.5949920921133117, 0.5891958513469562, 0.599966903470143, 0.6071066250360715]
