protocol,link_layer,blocksize,network_setup,data_format,dns_format,test_size,classifier,classifier_args,true_dns,false_dns,false_data,true_data,accuracy,precision,recall,f1_score
coaps,eth,1024,d1,cbor,dns_cbor,0.2,nb,,21262,2886,15439,9537,0.6269644165784545,0.5793302634805592,0.8804869968527415,0.6988446810958274
coaps,eth,1024,d1,cbor,dns_cbor,0.2,lr,max_iter=2800,21007,3000,5640,19477,0.8241185571207557,0.7883439036289264,0.8750364477027534,0.829431041971019
coaps,eth,1024,d1,cbor,dns_cbor,0.2,knn,"algorithm=brute,n_jobs=-1",20276,3872,6033,18943,0.7983673967917922,0.7706868372039987,0.8396554580089448,0.8036942346948888
coaps,eth,1024,d1,cbor,dns_cbor,0.2,dt,,19113,5035,4608,20368,0.8037008386939174,0.8057417478183888,0.7914941195958257,0.7985543880172972
coaps,eth,1024,d1,cbor,dns_cbor,0.2,rf,"n_estimators=250,max_depth=9",22592,1556,4742,20234,0.8717938278641805,0.8265164264286237,0.9355640218651649,0.877665980342644
