protocol,link_layer,blocksize,network_setup,data_format,dns_format,test_size,classifier,classifier_args,true_dns,false_dns,false_data,true_data,accuracy,precision,recall,f1_score
coaps,eth,1024,p2,json,dns_message,0.2,nb,,23170,1145,18328,6696,0.6053223616206247,0.5583401609716131,0.9529097265062718,0.7041162080440034
coaps,eth,1024,p2,json,dns_message,0.2,lr,max_iter=2800,22484,1899,4708,20248,0.8660897059121587,0.8268608414239482,0.9221178690070951,0.8718952981095492
coaps,eth,1024,p2,json,dns_message,0.2,knn,"algorithm=brute,n_jobs=-1",20608,3707,5858,19166,0.8061371328968969,0.778659412075871,0.8475426691342792,0.8116421496228905
coaps,eth,1024,p2,json,dns_message,0.2,dt,,19834,4481,3991,21033,0.8282899937169379,0.8324868835257083,0.8157104667900473,0.8240132945575405
coaps,eth,1024,p2,json,dns_message,0.2,rf,"n_estimators=250,max_depth=9",23132,1183,4578,20446,0.8832363850098299,0.834788884879105,0.9513469052025498,0.8892647765497357
