protocol,link_layer,link_layer_mode,blocksize,network_setup,data_format,dns_format,vector_type,run,test_size,classifier,classifier_args,true_dns,false_dns,false_data,true_data,accuracy,precision,recall,f1_score
coaps,eth,,64,p2,json,dns_cbor,binvec,1,0.2,nb,,7261,10068,12202,30666,0.6300480090369952,0.37306684478240765,0.419008598303422,0.394705370732768
coaps,eth,,64,p2,json,dns_cbor,binvec,1,0.2,lr,max_iter=5000,9120,8209,3511,39357,0.8053059122547636,0.7220330931834376,0.5262854175082232,0.6088117489986649
coaps,eth,,64,p2,json,dns_cbor,binvec,1,0.2,knn,algorithm=brute,10671,6658,4189,38679,0.8198082960944898,0.7181022880215343,0.6157885625252467,0.6630215290937898
coaps,eth,,64,p2,json,dns_cbor,binvec,1,0.2,svm,C=0.01,9061,8268,3469,39399,0.8050235061547918,0.7231444533120511,0.522880720180045,0.6069191868448374
coaps,eth,,64,p2,json,dns_cbor,binvec,1,0.2,dt,,10516,6813,8099,34769,0.7522800139541838,0.5649207628256783,0.6068440186969819,0.5851324282216782
coaps,eth,,64,p2,json,dns_cbor,binvec,1,0.2,rf,"n_estimators=250,max_depth=9",10297,7032,3237,39631,0.8294101034935296,0.7608245899216788,0.5942062438686595,0.6672714901338171
