protocol;link_layer;link_layer_mode;blocksize;network_setup;data_format;dns_format;randiv_pad;vector_type;k;classifier;classifier_args;job_id;fit_time;score_time;accuracy;precision;recall;f1_score;balanced_accuracy;roc_auc
coaps;eth;;1024;p2;json;dns_cbor;1;binvec;5;dt;;20833657;[116.16078400611877, 114.11445879936218, 117.55827331542969, 110.58584904670715, 116.24419450759888];[1.7357616424560547, 1.752687931060791, 1.7593669891357422, 1.7371482849121094, 1.7355387210845947];[0.7513772200361587, 0.736121155400519, 0.7410345854426341, 0.7808099714978517, 0.8062917428850981];[0.7628430369612597, 0.7494046281734442, 0.7532856504246759, 0.7889346056202399, 0.8218308600035759];[0.7295814190913732, 0.7094907899774535, 0.716850299910665, 0.7667503296890288, 0.782149997872974];[0.7458415776999848, 0.7289017088413968, 0.734616474486126, 0.7776842922788169, 0.8014995967654046];[0.75137768363851, 0.7361211554005189, 0.7410345854426341, 0.7808099714978517, 0.8062917428850981];[0.75137768363851, 0.7361211554005189, 0.7410345854426341, 0.7808099714978517, 0.8062917428850981]
