protocol;link_layer;link_layer_mode;blocksize;network_setup;data_format;dns_format;randiv_pad;vector_type;k;classifier;classifier_args;job_id;fit_time;score_time;accuracy;precision;recall;f1_score;balanced_accuracy;roc_auc
coap;eth;;64;p2;json;dns_message;0;binvec;5;dt;;20833657;[290.99799132347107, 391.66909408569336, 398.70955300331116, 375.9556088447571, 385.0307385921478];[8.808154821395874, 9.442196130752563, 8.808571577072144, 8.783978700637817, 9.366049528121948];[0.9033109437546645, 1.0, 1.0, 1.0, 1.0];[0.8105751465447344, 1.0, 1.0, 1.0, 1.0];[1.0, 1.0, 1.0, 1.0, 1.0];[0.8953786293726829, 1.0, 1.0, 1.0, 1.0];[0.9175365706878993, 1.0, 1.0, 1.0, 1.0];[0.9175365706878993, 1.0, 1.0, 1.0, 1.0]
