protocol,link_layer,blocksize,network_setup,data_format,dns_format,test_size,classifier,classifier_args,true_data,false_data,false_dns,true_dns,accuracy,precision,recall,f1_score
coaps,eth,1024,d1,cbor,dns_cbor,0.2,nb,,9350,15535,2975,21264,0.6231984366093967,0.5778417891790538,0.8772639135277858,0.6967462891968937
coaps,eth,1024,d1,cbor,dns_cbor,0.2,lr,max_iter=2600,19507,5378,3195,21044,0.825482452569009,0.7964574975399289,0.8681876315029498,0.8307771263891356
coaps,eth,1024,d1,cbor,dns_cbor,0.2,knn,"algorithm=brute,n_jobs=-1",19525,5360,3320,20919,0.8233042911814998,0.7960348567297081,0.8630306530797475,0.8281800546339918
coaps,eth,1024,d1,cbor,dns_cbor,0.2,dt,,20231,4654,4876,19363,0.8060011399723149,0.8062205937460966,0.7988365856677255,0.8025116047745358
coaps,eth,1024,d1,cbor,dns_cbor,0.2,rf,"n_estimators=250,max_depth=9",20131,4754,1602,22637,0.8706131422522596,0.8264393413895075,0.9339081645282397,0.8768932791012977
