protocol,link_layer,link_layer_mode,blocksize,network_setup,data_format,dns_format,vector_type,run,test_size,classifier,classifier_args,true_dns,false_dns,false_data,true_data,accuracy,precision,recall,f1_score
coaps,schc,min_rules,1024,d2,cbor,dns_cbor,binvec,1,0.2,nb,,8787,2379,4174,18107,0.8040780937004813,0.677956947766376,0.7869425040300914,0.7283955734239649
coaps,schc,min_rules,1024,d2,cbor,dns_cbor,binvec,1,0.2,lr,max_iter=5000,10191,975,452,21829,0.9573354859927646,0.9575307713990416,0.9126813541106932,0.9345682974918612
coaps,schc,min_rules,1024,d2,cbor,dns_cbor,binvec,1,0.2,knn,algorithm=brute,9408,1758,2145,20136,0.8833079199928244,0.8143339392365619,0.8425577646426652,0.8282054667899116
coaps,schc,min_rules,1024,d2,cbor,dns_cbor,binvec,1,0.2,svm,C=0.01,10002,1164,412,21869,0.952880676891799,0.9604378720952564,0.8957549704459967,0.9269694161260427
coaps,schc,min_rules,1024,d2,cbor,dns_cbor,binvec,1,0.2,dt,,10468,698,959,21322,0.9504589350315424,0.9160759604445611,0.9374888053018091,0.9266586995972204
coaps,schc,min_rules,1024,d2,cbor,dns_cbor,binvec,1,0.2,rf,"n_estimators=250,max_depth=9",9075,2091,1579,20702,0.8902741650970192,0.8517927538952507,0.8127350886620097,0.8318056828597616
