protocol,link_layer,blocksize,network_setup,data_format,dns_format,test_size,classifier,classifier_args,true_dns,false_dns,false_data,true_data,accuracy,precision,recall,f1_score
coaps,eth,1024,d1,json,dns_cbor,0.2,nb,,21187,2921,15047,10184,0.635825614625347,0.5847270519401667,0.8788369006139041,0.7022306188061384
coaps,eth,1024,d1,json,dns_cbor,0.2,lr,max_iter=2800,20980,3245,5727,19387,0.8181560226190235,0.7855618377204479,0.866047471620227,0.8238435561140344
coaps,eth,1024,d1,json,dns_cbor,0.2,knn,"algorithm=brute,n_jobs=-1",18915,5193,7447,17784,0.7438132106447233,0.7175100523480767,0.7845943255350921,0.7495541906082821
coaps,eth,1024,d1,json,dns_cbor,0.2,dt,,18915,5193,4827,20404,0.7969152191977948,0.7966894111700783,0.7845943255350921,0.7905956112852665
coaps,eth,1024,d1,json,dns_cbor,0.2,rf,"n_estimators=250,max_depth=9",22155,1953,5057,20174,0.8579217252072397,0.8141628693223578,0.9189895470383276,0.8634060795011691
