protocol;link_layer;link_layer_mode;blocksize;network_setup;data_format;dns_format;randiv_pad;vector_type;k;classifier;classifier_args;job_id;fit_time;score_time;accuracy;precision;recall;f1_score;balanced_accuracy;roc_auc
coap;eth;;64;p1;json;dns_message;0;binvec;5;knn;algorithm=brute;895868;[35.602381229400635, 36.50204658508301, 28.028692483901978, 39.49949264526367, 27.84594416618347];[209.81076979637146, 208.61814045906067, 246.50142860412598, 223.4896194934845, 235.76787972450256];[0.9447723726168669, 0.9999660763959564, 0.9999389370984266, 0.9999660761657926, 0.9998710894300117];[0.9905495729669513, 0.9999180153147392, 0.9998524372448394, 0.9999344101008445, 0.9999507946661418];[0.8748647141779542, 1.0, 1.0, 0.99998360171854, 0.9997376274966383];[0.9291200083593111, 0.9999590059769285, 0.9999262131783263, 0.9999590053047136, 0.9998441997195595];[0.9344870279527859, 0.9999710674937505, 0.9999479208860393, 0.9999686545863986, 0.9998514540436656];[0.9383922532143889, 0.9999768536154459, 0.9999537074542572, 0.999974439256821, 0.9999884144330038]
coap;eth;;64;p1;json;dns_message;0;binvec;5;dt;;20937591;[719.2042751312256, 788.6393465995789, 568.4325501918793, 498.7154743671417, 449.79952597618103];[7.487408399581909, 6.076873302459717, 5.9059741497039795, 5.681320428848267, 5.647273063659668];[0.7694687563606758, 1.0, 1.0, 0.9999932152331585, 0.9999932152331585];[0.7357028140492983, 1.0, 1.0, 1.0, 0.9999836019874391];[0.69108917385458, 1.0, 1.0, 0.99998360171854, 1.0];[0.7126984932271321, 1.0, 1.0, 0.9999918007920435, 0.9999918009264953];[0.7579369580040421, 1.0, 1.0, 0.99999180085927, 0.9999942134317821];[0.757936958004042, 1.0, 1.0, 0.99999180085927, 0.9999942134317821]
