protocol;link_layer;link_layer_mode;blocksize;network_setup;data_format;dns_format;randiv_pad;vector_type;k;classifier;classifier_args;job_id;fit_time;score_time;accuracy;precision;recall;f1_score;balanced_accuracy;roc_auc
coap;eth;;64;p2;json;dns_cbor;0;binvec;5;knn;algorithm=brute;931197;[25.632654428482056, 19.826712131500244, 133.6412467956543, 123.23566150665283, 14.066277265548706];[153.64740538597107, 154.18701434135437, 188.95869517326355, 156.24643182754517, 155.75337076187134];[0.994205731712085, 0.9997184948859904, 0.9997028557129899, 0.9997106752994902, 0.9995621031559851];[0.9872730317456521, 0.9999758710549175, 1.0, 1.0, 1.0];[0.9949611842422489, 0.999156179179324, 0.9990838516804089, 0.9991079393398751, 0.9986498541360272];[0.991102198633509, 0.9995658570704999, 0.9995417159121059, 0.999553770638108, 0.9993244710366957];[0.9944021378292268, 0.9995723029544746, 0.9995419258402045, 0.9995539696699376, 0.9993249270680136];[0.9964859225066501, 0.9998792111403998, 0.9999153921892151, 0.9998792341803856, 0.9998790673231975]
coap;eth;;64;p2;json;dns_cbor;0;binvec;5;dt;;20833657;[204.80525135993958, 370.85137271881104, 377.5500810146332, 370.9682981967926, 374.364723443985];[6.4316246509552, 6.30317234992981, 6.493553161621094, 6.455907583236694, 6.538660764694214];[0.9003714274543535, 1.0, 1.0, 1.0, 1.0];[0.8273976348349169, 1.0, 1.0, 1.0, 1.0];[0.8754520468682193, 1.0, 1.0, 1.0, 1.0];[0.8507467931822176, 1.0, 1.0, 1.0, 1.0];[0.8938927691838753, 1.0, 1.0, 1.0, 1.0];[0.8938927691838753, 1.0, 1.0, 1.0, 1.0]
coap;eth;;64;p2;json;dns_cbor;0;binvec;5;rf;n_estimators=250,max_depth=9;931197;[46.02238440513611, 35.91643309593201, 25.680102109909058, 759.9786658287048, 44.687138080596924];[40.89615869522095, 37.99404835700989, 82.66236758232117, 7.502965450286865, 50.077826738357544];[0.9578527583375689, 0.9970050983703982, 0.9973960776954115, 0.9976697632229208, 0.9968017891213913];[0.9768246921410073, 1.0, 1.0, 1.0, 1.0];[0.8911953324654034, 0.9907661893051738, 0.9919716476204253, 0.992815295223859, 0.9901391132434844];[0.9320474029248613, 0.9953616799680283, 0.9959696452561635, 0.996394696089818, 0.9950451269004785];[0.9405228459056448, 0.9953830946525869, 0.9959858238102126, 0.9964076476119295, 0.9950695566217422];[0.9885318204831617, 0.999976111540018, 0.9999801473127818, 0.9999797714957162, 0.9999890984776975]
