protocol,link_layer,link_layer_mode,blocksize,network_setup,data_format,dns_format,vector_type,run,test_size,classifier,classifier_args,true_dns,false_dns,false_data,true_data,accuracy,precision,recall,f1_score
coaps,schc,,64,p2,json,dns_cbor,binvec,1,0.2,nb,,7558,9780,10487,38781,0.6957181034741615,0.41884178442781933,0.43592109816587843,0.4272108074499053
coaps,schc,,64,p2,json,dns_cbor,binvec,1,0.2,lr,max_iter=5000,8819,8519,3583,45685,0.8183046572380867,0.7110949846798903,0.5086515168992963,0.5930733019502353
coaps,schc,,64,p2,json,dns_cbor,binvec,1,0.2,knn,algorithm=brute,9082,8256,4226,45042,0.8125994655136174,0.6824466486324016,0.5238205098627292,0.5927037786334268
coaps,schc,,64,p2,json,dns_cbor,binvec,1,0.2,svm,C=0.01,8895,8443,3560,45708,0.8197910098189353,0.7141710156563629,0.5130349521282731,0.5971201288893364
coaps,schc,,64,p2,json,dns_cbor,binvec,1,0.2,dt,,9381,7957,9892,39376,0.7320211392367054,0.4867431121257718,0.5410658668819933,0.5124689301029746
coaps,schc,,64,p2,json,dns_cbor,binvec,1,0.2,rf,"n_estimators=250,max_depth=9",9255,8083,3633,45635,0.8240999309371528,0.7181098696461825,0.5337985926865844,0.6123866869582478
