protocol,link_layer,blocksize,network_setup,data_format,dns_format,test_size,classifier,classifier_args,true_data,false_data,false_dns,true_dns,accuracy,precision,recall,f1_score
coaps,eth,1024,p2,json,dns_message,0.2,nb,,22924,1120,19305,5990,0.5860272806501956,0.8424753867791842,0.2368056928246689,0.3696960345625675
coaps,eth,1024,p2,json,dns_message,0.2,knn,"algorithm=brute,n_jobs=-1",19890,4154,6505,18790,0.7839640041346602,0.8189504881450488,0.74283455228306,0.7790377080785257
coaps,eth,1024,p2,json,dns_message,0.2,dt,,19452,4592,4059,21236,0.8246620320638846,0.8222084559392907,0.8395335046451868,0.830780666236332
coaps,eth,1024,p2,json,dns_message,0.2,lr,max_iter=600,21725,2311,4625,20678,0.859421552929731,0.8994736613162817,0.817215349958503,0.8563737264971424
coaps,eth,1024,p2,json,dns_message,0.2,rf,"n_estimators=250,max_depth=9",22761,1275,4755,20548,0.877784308559152,0.9415754020987032,0.8120776192546338,0.872045155540466
