protocol;link_layer;link_layer_mode;blocksize;network_setup;data_format;dns_format;randiv_pad;vector_type;k;classifier;classifier_args;job_id;fit_time;score_time;accuracy;precision;recall;f1_score;balanced_accuracy;roc_auc
coap;eth;;64;p2;cbor;dns_message;0;binvec;5;dt;;20833657;[154.13219356536865, 204.4375936985016, 205.9298222064972, 205.90975761413574, 205.63731813430786];[5.660391330718994, 5.699280738830566, 5.635116815567017, 5.656985282897949, 5.6360132694244385];[0.80205410054742, 1.0, 1.0, 1.0, 1.0];[0.6918922598652114, 1.0, 1.0, 1.0, 1.0];[1.0, 1.0, 1.0, 1.0, 1.0];[0.8178916309012876, 1.0, 1.0, 1.0, 1.0];[0.8218273911845368, 1.0, 1.0, 1.0, 1.0];[0.8218273911845368, 1.0, 1.0, 1.0, 1.0]
