protocol,link_layer,link_layer_mode,blocksize,network_setup,data_format,dns_format,vector_type,run,test_size,classifier,classifier_args,true_dns,false_dns,false_data,true_data,accuracy,precision,recall,f1_score
coap,eth,,64,d1,cbor,dns_message,word2vec,1,0.2,nb,,25815,1784,1295,52583,0.9622101942879586,0.9522316488380671,0.935359976810754,0.9437204116324553
coap,eth,,64,d1,cbor,dns_message,word2vec,1,0.2,lr,max_iter=5000,26303,1296,9,53869,0.9839832099856402,0.9996579507449073,0.9530417768759738,0.9757934373318988
coap,eth,,64,d1,cbor,dns_message,word2vec,1,0.2,knn,algorithm=brute,26685,914,580,53298,0.9816635369490777,0.9787273060700532,0.966882858074568,0.972769028871391
coap,eth,,64,d1,cbor,dns_message,word2vec,1,0.2,svm,C=0.01,26278,1321,12,53866,0.9836395547209642,0.999543552681628,0.9521359469545998,0.9752639685279
coap,eth,,64,d1,cbor,dns_message,word2vec,1,0.2,dt,,26789,810,792,53086,0.9803380094996134,0.9712845799644683,0.9706511105474837,0.9709677419354839
coap,eth,,64,d1,cbor,dns_message,word2vec,1,0.2,rf,"n_estimators=250,max_depth=9",26295,1304,0,53878,0.98399548338795,1.0,0.9527519113011341,0.9758043567001893
