protocol;link_layer;link_layer_mode;blocksize;network_setup;data_format;dns_format;randiv_pad;vector_type;k;classifier;classifier_args;job_id;fit_time;score_time;accuracy;precision;recall;f1_score;balanced_accuracy;roc_auc
coaps;eth;;64;p2;cbor;dns_cbor;1;binvec;5;dt;;20833657;[556.250834941864, 518.8854863643646, 514.4042644500732, 522.8545758724213, 502.69678497314453];[5.221587657928467, 5.59485387802124, 5.53729248046875, 4.982096910476685, 5.617992877960205];[0.7708204104176403, 0.7740153800399371, 0.779536725468203, 0.7759338567689745, 0.7469834471975799];[0.6673125273914147, 0.6758097668155079, 0.6965754638183705, 0.6851016907620682, 0.6151968023313052];[0.6974781812044939, 0.6896427021553595, 0.6635083658807078, 0.6740844323359935, 0.753284953106541];[0.6820619820584456, 0.6826561660998747, 0.6796399422129478, 0.6795484098338741, 0.6772739096505679];[0.7541086760733979, 0.754790251572385, 0.7530989589422435, 0.7527258147875462, 0.748419347444396];[0.7541086760733979, 0.754790251572385, 0.7530989589422435, 0.7527258147875461, 0.7484193474443961]
