protocol;link_layer;link_layer_mode;blocksize;network_setup;data_format;dns_format;randiv_pad;vector_type;k;classifier;classifier_args;job_id;fit_time;score_time;accuracy;precision;recall;f1_score;balanced_accuracy;roc_auc
coaps;schc;min_rules;1024;d2;json;dns_cbor;1;binvec;5;dt;;20833657;[36.90338373184204, 38.42290449142456, 37.47194147109985, 38.68024659156799, 38.420029640197754];[0.4137904644012451, 0.49251818656921387, 0.4041447639465332, 0.43416762351989746, 0.3952054977416992];[0.9327834765733296, 0.933296368172997, 0.9318408649847518, 0.9271832547823676, 0.9224968463660433];[0.9039320657190327, 0.9032008830022075, 0.8922778117469338, 0.8909031342142623, 0.8868919067315788];[0.9159371492704826, 0.9184062850729517, 0.928095772540217, 0.9156004489337822, 0.9064347175458286];[0.9098950106847533, 0.910740122426266, 0.9098344121907835, 0.9030829689489124, 0.896556828063424];[0.9293184975597073, 0.9302337525342737, 0.9310705684986925, 0.9248008851143257, 0.9191932666325897];[0.9293184975597073, 0.9302337525342738, 0.9310705684986925, 0.9248008851143256, 0.9191932666325896]
