protocol,link_layer,link_layer_mode,blocksize,network_setup,data_format,dns_format,vector_type,run,test_size,classifier,classifier_args,true_dns,false_dns,false_data,true_data,accuracy,precision,recall,f1_score
coaps,eth,,64,p2,cbor,dns_message,word2vec,1,0.2,lr,max_iter=5000,19097,6071,5053,32170,0.821705053613502,0.7907660455486543,0.7587809917355371,0.7744434080862971
coaps,eth,,64,p2,cbor,dns_message,word2vec,1,0.2,knn,algorithm=brute,17165,8003,10014,27209,0.7112243753105416,0.6315537731336693,0.6820168467895741,0.6558159970962997
coaps,eth,,64,p2,cbor,dns_message,word2vec,1,0.2,svm,C=0.01,19082,6086,5659,31564,0.8117516949560033,0.7712703609393314,0.7581849968213604,0.7646717024985473
coaps,eth,,64,p2,cbor,dns_message,word2vec,1,0.2,dt,,20563,4605,4438,32785,0.8550592232854097,0.8224871005159794,0.8170295613477432,0.8197492475433036
coaps,eth,,64,p2,cbor,dns_message,word2vec,1,0.2,rf,"n_estimators=250,max_depth=9",20653,4515,4542,32681,0.8548348319469155,0.8197261361381226,0.8206055308328035,0.8201655977602605
