protocol;link_layer;link_layer_mode;blocksize;network_setup;data_format;dns_format;randiv_pad;vector_type;k;classifier;classifier_args;job_id;fit_time;score_time;accuracy;precision;recall;f1_score;balanced_accuracy;roc_auc
coaps;schc;min_rules;64;d2;cbor;dns_cbor;1;binvec;5;dt;;20833657;[20.456757068634033, 20.10044765472412, 20.602004766464233, 19.65396738052368, 20.824165105819702];[0.6138668060302734, 0.6056256294250488, 0.6251814365386963, 0.5996181964874268, 0.6020059585571289];[0.9995538176980239, 0.9996106045364571, 0.9997404030243048, 0.9996511665639095, 0.9997728508035403];[0.9989163415691374, 0.9992531020358993, 0.9994217842773508, 0.9996142626389257, 0.9995662441563449];[0.9997589838760214, 0.9995902725892363, 0.9998071871008171, 0.999349240780911, 0.9997589780670041];[0.9993374850934146, 0.9994216588751265, 0.9996144485409287, 0.9994817341416674, 0.9996626018219502];[0.9996043534516392, 0.9996055964484512, 0.9997568530243437, 0.99957679456933, 0.9997694336389534];[0.9996043534516393, 0.999605596448451, 0.9997568530243438, 0.99957679456933, 0.9997694336389534]
