protocol;link_layer;link_layer_mode;blocksize;network_setup;data_format;dns_format;randiv_pad;vector_type;k;classifier;classifier_args;job_id;fit_time;score_time;accuracy;precision;recall;f1_score;balanced_accuracy;roc_auc
coaps;eth;;64;p2;cbor;dns_cbor;0;binvec;5;dt;;20833657;[528.5693206787109, 521.8676834106445, 507.0384805202484, 510.36965584754944, 504.02233362197876];[6.046918869018555, 4.896360158920288, 6.634178161621094, 8.589820623397827, 6.0701093673706055];[0.7033606661851552, 0.7115350299528402, 0.7201488732537983, 0.71360592773869, 0.6950137656775772];[0.5738342551373713, 0.5887636740852509, 0.6096734442390634, 0.5964415990471228, 0.5539352969579913];[0.6153382516032596, 0.6020782101354936, 0.5725444814118328, 0.5795018926151844, 0.6914675603346433];[0.5938619758946437, 0.5953465086895368, 0.5905259231629989, 0.5878497358638232, 0.6151074507785356];[0.6833039100078051, 0.6865942377983358, 0.6865163159755803, 0.6830481499765465, 0.6942057053185544];[0.683303910007805, 0.6865942377983358, 0.6865163159755803, 0.6830481499765465, 0.6942057053185545]
