protocol,link_layer,link_layer_mode,blocksize,network_setup,data_format,dns_format,vector_type,run,test_size,classifier,classifier_args,true_dns,false_dns,false_data,true_data,accuracy,precision,recall,f1_score
coap,eth,,64,d1,json,dns_cbor,word2vec,1,0.2,nb,,15314,2152,2968,59126,0.9356460532931121,0.8376545235751012,0.8767891904271156,0.8567752042072284
coap,eth,,64,d1,json,dns_cbor,word2vec,1,0.2,lr,max_iter=5000,17343,123,3,62091,0.9984162895927602,0.9998270494638534,0.9929577464788732,0.9963805584281282
coap,eth,,64,d1,json,dns_cbor,word2vec,1,0.2,knn,algorithm=brute,17291,175,284,61810,0.9942307692307693,0.9838406827880513,0.989980533608153,0.9869010587597385
coap,eth,,64,d1,json,dns_cbor,word2vec,1,0.2,svm,C=0.01,17328,138,232,61862,0.9953494218200101,0.9867881548974943,0.9920989350738578,0.9894364186604236
coap,eth,,64,d1,json,dns_cbor,word2vec,1,0.2,dt,,17362,104,169,61925,0.9965686274509804,0.9903599338314985,0.9940455742585594,0.9921993313712604
coap,eth,,64,d1,json,dns_cbor,word2vec,1,0.2,rf,"n_estimators=250,max_depth=9",17306,160,0,62094,0.9979889391654098,1.0,0.9908393450131684,0.9953985965719544
