protocol,link_layer,link_layer_mode,blocksize,network_setup,data_format,dns_format,vector_type,run,test_size,classifier,classifier_args,true_dns,false_dns,false_data,true_data,accuracy,precision,recall,f1_score
coaps,eth,,1024,p2,cbor,dns_cbor,word2vec,1,0.2,nb,,9067,1058,5463,4575,0.6765858255219958,0.6240192704748796,0.8955061728395062,0.735510038531738
coaps,eth,,1024,p2,cbor,dns_cbor,word2vec,1,0.2,lr,max_iter=5000,8677,1448,2386,7652,0.8098497247433417,0.7843261321522191,0.8569876543209877,0.8190485180290731
coaps,eth,,1024,p2,cbor,dns_cbor,word2vec,1,0.2,knn,algorithm=brute,8661,1464,2823,7215,0.7873828299360214,0.7541797283176593,0.8554074074074074,0.8016104400944051
coaps,eth,,1024,p2,cbor,dns_cbor,word2vec,1,0.2,svm,C=0.01,8671,1454,2691,7347,0.794425432723305,0.7631578947368421,0.8563950617283951,0.8070926606785498
coaps,eth,,1024,p2,cbor,dns_cbor,word2vec,1,0.2,dt,,7876,2249,2166,7872,0.7810345682686108,0.7843059151563434,0.7778765432098765,0.7810779987107651
coaps,eth,,1024,p2,cbor,dns_cbor,word2vec,1,0.2,rf,"n_estimators=250,max_depth=9",9438,687,2739,7299,0.8300848088082131,0.7750677506775068,0.9321481481481482,0.846381490449287
