protocol;link_layer;link_layer_mode;blocksize;network_setup;data_format;dns_format;randiv_pad;vector_type;k;classifier;classifier_args;job_id;fit_time;score_time;accuracy;precision;recall;f1_score;balanced_accuracy;roc_auc
coap;eth;;1024;d2;cbor;dns_cbor;0;binvec;5;knn;algorithm=brute;895868;[15.249322175979614, 15.688049554824829, 12.413129091262817, 15.43048095703125, 16.48358654975891];[26.756904363632202, 48.64658546447754, 49.25146985054016, 36.86772584915161, 49.177377462387085];[0.9996809461011613, 0.9997234866210065, 0.9998298379206194, 0.9998085635887946, 0.9990640886563291];[0.9999148791283623, 0.9998298017190026, 0.9998723675813657, 0.9999149008595013, 1.0];[0.999446973242013, 0.9996171353213936, 0.9997872974007742, 0.9997022163610839, 0.9981281374968093];[0.9996808714337383, 0.9997234572103214, 0.9998298306815281, 0.9998085472994533, 0.9990631919604838];[0.9996809461011613, 0.9997234866210065, 0.9998298379206194, 0.9998085658509239, 0.9990640687484047];[0.9998935084489604, 0.9999148004252328, 0.9999361141178554, 0.999914826661896, 0.9999998570279475]
coap;eth;;1024;d2;cbor;dns_cbor;0;binvec;5;dt;;20833657;[48.51595067977905, 48.499202251434326, 48.33883881568909, 48.56070899963379, 48.56177282333374];[1.9359164237976074, 1.9383983612060547, 1.9229023456573486, 1.9397590160369873, 1.935136079788208];[1.0, 1.0, 1.0, 1.0, 1.0];[1.0, 1.0, 1.0, 1.0, 1.0];[1.0, 1.0, 1.0, 1.0, 1.0];[1.0, 1.0, 1.0, 1.0, 1.0];[1.0, 1.0, 1.0, 1.0, 1.0];[1.0, 1.0, 1.0, 1.0, 1.0]
coap;eth;;1024;d2;cbor;dns_cbor;0;binvec;5;rf;n_estimators=250,max_depth=9;895868;[8144.560922861099, 8096.76109623909, 7825.215505838394, 7986.638185501099, 8708.828286409378];[35.91527605056763, 34.198641777038574, 46.46140933036804, 34.98392200469971, 36.64217185974121];[0.9999574594801548, 0.9999787297400774, 1.0, 0.9999574585752877, 0.9999787292876439];[1.0, 1.0, 1.0, 1.0, 1.0];[0.9999149189603097, 0.9999574594801548, 1.0, 0.9999149189603097, 0.999957457670382];[0.999957457670382, 0.9999787292876439, 1.0, 0.999957457670382, 0.999978728382719];[0.9999574594801548, 0.9999787297400774, 1.0, 0.9999574594801548, 0.999978728835191];[0.999999989141825, 1.0, 1.0, 0.9999999746631806, 1.0]
