protocol,link_layer,blocksize,network_setup,data_format,dns_format,test_size,classifier,classifier_args,true_dns,false_dns,false_data,true_data,accuracy,precision,recall,f1_score
coap,eth,1024,p2,json,dns_cbor,0.2,nb,,24031,81,19837,5390,0.5963031273434808,0.5478024984043038,0.9966406768414068,0.7070020594292439
coap,eth,1024,p2,json,dns_cbor,0.2,lr,max_iter=2800,24341,1,5,24992,0.9998783923468251,0.9997946274542019,0.9999589187412702,0.9998767663489977
coap,eth,1024,p2,json,dns_cbor,0.2,knn,"algorithm=brute,n_jobs=-1",24108,4,0,25227,0.9999189282312166,1.0,0.9998341074983411,0.9999170468685192
coap,eth,1024,p2,json,dns_cbor,0.2,dt,,24112,0,0,25227,1.0,1.0,1.0,1.0
coap,eth,1024,p2,json,dns_cbor,0.2,rf,"n_estimators=250,max_depth=9",24112,0,0,25227,1.0,1.0,1.0,1.0
