protocol;link_layer;link_layer_mode;blocksize;network_setup;data_format;dns_format;randiv_pad;vector_type;k;classifier;classifier_args;job_id;fit_time;score_time;accuracy;precision;recall;f1_score;balanced_accuracy;roc_auc
coaps;schc;;1024;p1;json;dns_cbor;1;binvec;5;dt;;20833657;[65.76411890983582, 62.58035683631897, 69.60490608215332, 68.36864876747131, 62.37346029281616];[0.4495415687561035, 0.39754676818847656, 0.44934582710266113, 0.45885205268859863, 0.45401763916015625];[0.6657831890780083, 0.6691514473847683, 0.6612277577614887, 0.6281336278299282, 0.609152401987852];[0.5466740781915879, 0.5533212397236481, 0.5434964034495092, 0.4958694098022083, 0.4703770197486535];[0.5518892630003741, 0.5363262252151141, 0.5116348671904227, 0.4670781893004115, 0.4705002057690149];[0.5492692916317602, 0.5446911985410057, 0.5270845778814098, 0.48104338444941047, 0.47043860469466003];[0.6421365765462372, 0.6415743265385583, 0.6301693401384942, 0.5946963906467054, 0.5803639704437383];[0.6421365765462372, 0.6415743265385584, 0.6301693401384941, 0.5946963906467054, 0.5803639704437382]
