protocol;link_layer;link_layer_mode;blocksize;network_setup;data_format;dns_format;randiv_pad;vector_type;k;classifier;classifier_args;job_id;fit_time;score_time;accuracy;precision;recall;f1_score;balanced_accuracy;roc_auc
coaps;eth;;64;p2;json;dns_cbor;1;binvec;5;dt;;20833657;[583.9289484024048, 584.3914797306061, 659.0955762863159, 722.3370423316956, 685.182722568512];[5.671361684799194, 5.711169242858887, 7.130335330963135, 6.332593202590942, 6.17141580581665];[0.706882800037534, 0.7376841512620813, 0.7308654718338494, 0.7477010415689218, 0.6748303149729442];[0.5369127516778524, 0.6053274552504382, 0.6137315548682261, 0.6569977503578976, 0.4985843190177556];[0.7001301894980472, 0.5495202275905299, 0.4592555089445007, 0.464715384429925, 0.45427586373170675];[0.6077538847904568, 0.5760754182884295, 0.5253737106293783, 0.5443761914848549, 0.4753999091688954];[0.7051272432109359, 0.6887649282757409, 0.6602517852108565, 0.6741274562387105, 0.6174882507057622];[0.7051272432109359, 0.6887649282757408, 0.6602517852108565, 0.6741274562387106, 0.6174882507057622]
