protocol;link_layer;link_layer_mode;blocksize;network_setup;data_format;dns_format;randiv_pad;vector_type;k;classifier;classifier_args;job_id;fit_time;score_time;accuracy;precision;recall;f1_score;balanced_accuracy;roc_auc
coaps;schc;;1024;p2;cbor;dns_message;0;binvec;5;dt;;20833657;[92.95446968078613, 92.77387118339539, 91.01816391944885, 84.12672924995422, 125.41980481147766];[0.564882755279541, 0.5502476692199707, 0.5543532371520996, 0.5460681915283203, 0.551887035369873];[0.700955824681281, 0.6601837204046634, 0.7091409428092845, 0.7268352343729229, 0.7424157826167876];[0.6628932391018826, 0.6397050439013265, 0.6789734938195503, 0.6946841342822951, 0.7071625344352617];[0.644061616990247, 0.511348099535138, 0.6358774914924648, 0.6702418570734079, 0.7019628099173554];[0.6533417577167866, 0.568369862551079, 0.6567192280536597, 0.6822441468468747, 0.7045530785886371];[0.6946377572070119, 0.6436556144094976, 0.7010042149024602, 0.7205499051379802, 0.737923026324785];[0.694637757207012, 0.6436556144094976, 0.7010042149024602, 0.7205499051379802, 0.737923026324785]
