protocol,link_layer,blocksize,network_setup,data_format,dns_format,test_size,classifier,classifier_args,true_dns,false_dns,false_data,true_data,accuracy,precision,recall,f1_score
coaps,eth,1024,p1,cbor,dns_cbor,0.2,nb,,19519,4793,12921,11890,0.6393949880911182,0.601695437731196,0.8028545574202041,0.687870031012123
coaps,eth,1024,p1,cbor,dns_cbor,0.2,lr,max_iter=5000,21045,3267,5186,19625,0.8279217474502779,0.8022949944721894,0.8656219151036525,0.8327562669410206
coaps,eth,1024,p1,cbor,dns_cbor,0.2,knn,algorithm=brute,20657,3655,6416,18395,0.7949840197056369,0.763011118088132,0.8496627179993419,0.8040089520288022
coaps,eth,1024,p1,cbor,dns_cbor,0.2,dt,,19211,5101,4543,20268,0.8036764855566639,0.8087480003367854,0.790185916419875,0.7993592144135148
coaps,eth,1024,p1,cbor,dns_cbor,0.2,rf,"n_estimators=250,max_depth=9",22764,1548,4811,20000,0.8705494371272113,0.8255303717135086,0.9363277393879565,0.8774452174918573
