protocol;link_layer;link_layer_mode;blocksize;network_setup;data_format;dns_format;randiv_pad;vector_type;k;classifier;classifier_args;job_id;fit_time;score_time;accuracy;precision;recall;f1_score;balanced_accuracy;roc_auc
coaps;schc;;1024;d2;cbor;dns_message;1;binvec;5;dt;;20833657;[70.5130877494812, 70.50421833992004, 73.26173877716064, 71.36101627349854, 71.37578535079956];[0.516150951385498, 0.5224261283874512, 0.5195176601409912, 0.5223033428192139, 0.515552282333374];[0.8786255360649824, 0.878171300316629, 0.8726135923367757, 0.8700618562210257, 0.740297390816422];[0.859492595290119, 0.8576092871394885, 0.8480174892189746, 0.8455403987408184, 0.7301401062875285];[0.8640815205784544, 0.8654849437105288, 0.8639289745858376, 0.8604509259541752, 0.6455136223571407];[0.8617809490483652, 0.8615291169994685, 0.8558992881863108, 0.8529305026311015, 0.685223868512671];[0.8770186563770724, 0.8767696620439795, 0.8716540818168528, 0.8690000030731089, 0.7298253095386027];[0.8770186563770724, 0.8767696620439795, 0.8716540818168528, 0.869000003073109, 0.7298253095386027]
