protocol,link_layer,link_layer_mode,blocksize,network_setup,data_format,dns_format,vector_type,run,test_size,classifier,classifier_args,true_dns,false_dns,false_data,true_data,accuracy,precision,recall,f1_score
coaps,schc,,64,d1,json,dns_cbor,binvec,1,0.2,nb,,11344,6047,17466,31391,0.6450760777683855,0.39375216938563,0.6522914150997643,0.4910716218263674
coaps,schc,,64,d1,json,dns_cbor,binvec,1,0.2,lr,max_iter=5000,8565,8826,4207,44650,0.803269532665137,0.6706075790792358,0.49249611868207693,0.5679143321287671
coaps,schc,,64,d1,json,dns_cbor,binvec,1,0.2,knn,algorithm=brute,8626,8765,4936,43921,0.7931862093950006,0.6360418817283586,0.49600368006440115,0.5573611604690983
coaps,schc,,64,d1,json,dns_cbor,binvec,1,0.2,svm,C=0.01,8594,8797,4194,44663,0.8039035140683493,0.6720362840162653,0.4941636478638376,0.569535107193744
coaps,schc,,64,d1,json,dns_cbor,binvec,1,0.2,dt,,8420,8971,10630,38227,0.704126917039005,0.441994750656168,0.4841584727732735,0.4621168464092643
coaps,schc,,64,d1,json,dns_cbor,binvec,1,0.2,rf,"n_estimators=250,max_depth=9",9067,8324,4592,44265,0.8050356237169424,0.6638114063987115,0.521361623828417,0.5840257648953301
