protocol,link_layer,link_layer_mode,blocksize,network_setup,data_format,dns_format,vector_type,run,test_size,classifier,classifier_args,true_dns,false_dns,false_data,true_data,accuracy,precision,recall,f1_score
coaps,schc,,1024,d2,cbor,dns_cbor,word2vec,1,0.2,nb,,9433,1958,7668,14282,0.7112864041270508,0.5516051692883457,0.8281099113335089,0.6621507791660817
coaps,schc,,1024,d2,cbor,dns_cbor,word2vec,1,0.2,lr,max_iter=5000,10733,658,316,21634,0.9707867190546174,0.9714001267082993,0.9422350978842946,0.9565953654188948
coaps,schc,,1024,d2,cbor,dns_cbor,word2vec,1,0.2,knn,algorithm=brute,10088,1303,457,21493,0.9472121412075223,0.9566619250829778,0.885611447634097,0.9197665937272064
coaps,schc,,1024,d2,cbor,dns_cbor,word2vec,1,0.2,svm,C=0.01,10689,702,258,21692,0.9712066224768303,0.9764318991504521,0.9383723992625758,0.957023905452592
coaps,schc,,1024,d2,cbor,dns_cbor,word2vec,1,0.2,dt,,10817,574,677,21273,0.9624786299151196,0.9410997041934922,0.9496093407075762,0.9453353725147476
coaps,schc,,1024,d2,cbor,dns_cbor,word2vec,1,0.2,rf,"n_estimators=250,max_depth=9",10554,837,151,21799,0.9703668156324046,0.985894441849603,0.9265209375823018,0.9552860246198407
