protocol,link_layer,link_layer_mode,blocksize,network_setup,data_format,dns_format,vector_type,run,test_size,classifier,classifier_args,true_dns,false_dns,false_data,true_data,accuracy,precision,recall,f1_score
coap,eth,,64,p1,json,dns_cbor,word2vec,1,0.2,nb,,17100,33,28009,15056,0.5341705704508456,0.37908177968919726,0.9980738924881807,0.5494682047492048
coap,eth,,64,p1,json,dns_cbor,word2vec,1,0.2,lr,max_iter=5000,17121,12,6,43059,0.9997009867437456,0.999649675950254,0.9992995972684293,0.9994746059544658
coap,eth,,64,p1,json,dns_cbor,word2vec,1,0.2,knn,algorithm=brute,16980,153,510,42555,0.9889863450612977,0.9708404802744426,0.9910698651724742,0.9808508794731826
coap,eth,,64,p1,json,dns_cbor,word2vec,1,0.2,svm,C=0.01,17073,60,1167,41898,0.9796172630319944,0.9360197368421053,0.9964979863421467,0.9653125265032652
coap,eth,,64,p1,json,dns_cbor,word2vec,1,0.2,dt,,17128,5,4,43061,0.9998504933718728,0.999766518795237,0.9997081655285123,0.9997373413103751
coap,eth,,64,p1,json,dns_cbor,word2vec,1,0.2,rf,"n_estimators=250,max_depth=9",17074,59,0,43065,0.9990199009933884,1.0,0.9965563532364443,0.9982752068290116
