protocol,link_layer,blocksize,network_setup,data_format,dns_format,test_size,classifier,classifier_args,true_data,false_data,false_dns,true_dns,accuracy,precision,recall,f1_score
coaps,eth,1024,d1,json,dns_message,0.2,nb,,23067,1081,15435,9756,0.6652546666936906,0.9002491464427425,0.38728117184708827,0.5415787720661708
coaps,eth,1024,d1,json,dns_message,0.2,knn,"algorithm=brute,n_jobs=-1",20821,3327,4602,20589,0.839295486329273,0.8608881083793276,0.8173157079909491,0.838536257560022
coaps,eth,1024,d1,json,dns_message,0.2,dt,,19825,4323,4157,21034,0.8281278501793713,0.8295145324762393,0.8349807470922155,0.8322386642399303
coaps,eth,1024,d1,json,dns_message,0.2,rf,"n_estimators=250,max_depth=9",23018,1130,4722,20469,0.8813920022700096,0.9476827630908838,0.8125521019411694,0.8749305407138277
coaps,eth,1024,d1,json,dns_message,0.2,lr,max_iter=2400,22100,2033,4615,20591,0.8652587202821298,0.9101396746817539,0.8169086725382846,0.861007735730713
