protocol;link_layer;link_layer_mode;blocksize;network_setup;data_format;dns_format;randiv_pad;vector_type;k;classifier;classifier_args;job_id;fit_time;score_time;accuracy;precision;recall;f1_score;balanced_accuracy;roc_auc
coap;eth;;1024;p2;json;dns_cbor;0;binvec;5;dt;;20833657;[160.4217381477356, 171.73070001602173, 149.53491282463074, 192.46963000297546, 189.28211879730225];[2.405292272567749, 2.352918863296509, 2.439768075942993, 2.324781656265259, 2.4379940032958984];[0.9999574603849836, 0.9999787297400774, 1.0, 0.9999787297400774, 1.0];[0.9999149298170991, 1.0, 1.0, 1.0, 1.0];[1.0, 0.9999574594801548, 1.0, 0.9999574594801548, 1.0];[0.9999574630992386, 0.9999787292876439, 1.0, 0.9999787292876439, 1.0];[0.9999574594801548, 0.9999787297400774, 1.0, 0.9999787297400774, 1.0];[0.9999574594801549, 0.9999787297400774, 1.0, 0.9999787297400774, 1.0]
