protocol,link_layer,link_layer_mode,blocksize,network_setup,data_format,dns_format,vector_type,run,test_size,classifier,classifier_args,true_dns,false_dns,false_data,true_data,accuracy,precision,recall,f1_score
coaps,schc,,64,p1,json,dns_message,word2vec,1,0.2,nb,,13060,12345,16234,32907,0.6166259759074934,0.44582508363487405,0.5140720330643574,0.477522440995265
coaps,schc,,64,p1,json,dns_message,word2vec,1,0.2,lr,max_iter=5000,19233,6172,2828,46313,0.8792691760791994,0.8718099814151671,0.7570556976973036,0.8103905953735305
coaps,schc,,64,p1,json,dns_message,word2vec,1,0.2,knn,algorithm=brute,20113,5292,3299,45842,0.8847557212996002,0.8590893558858705,0.7916945483172604,0.8240162238564435
coaps,schc,,64,p1,json,dns_message,word2vec,1,0.2,svm,C=0.01,19226,6179,2769,46372,0.8799667319507418,0.874107751761764,0.756780161385554,0.8112236286919832
coaps,schc,,64,p1,json,dns_message,word2vec,1,0.2,dt,,20597,4808,4915,44226,0.8695704665575618,0.8073455628723738,0.8107459161582365,0.8090421666633933
coaps,schc,,64,p1,json,dns_message,word2vec,1,0.2,rf,"n_estimators=250,max_depth=9",19774,5631,2223,46918,0.8946422343251147,0.8989407646497249,0.7783507183625271,0.8343107885743217
