protocol,link_layer,link_layer_mode,blocksize,network_setup,data_format,dns_format,vector_type,run,test_size,classifier,classifier_args,true_dns,false_dns,false_data,true_data,accuracy,precision,recall,f1_score
coaps,schc,,1024,d1,cbor,dns_message,binvec,1,0.2,nb,,7111,6566,4670,17421,0.685864459852382,0.6035990153637213,0.5199239599327338,0.5586456123811768
coaps,schc,,1024,d1,cbor,dns_message,binvec,1,0.2,lr,max_iter=5000,11671,2006,2212,19879,0.8820733616640573,0.8406684434200101,0.8533304087153616,0.8469521044992743
coaps,schc,,1024,d1,cbor,dns_message,binvec,1,0.2,knn,algorithm=brute,11932,1745,2915,19176,0.869715947215388,0.8036640398733751,0.8724135409812094,0.8366288038143318
coaps,schc,,1024,d1,cbor,dns_message,binvec,1,0.2,svm,C=0.01,11556,2121,2334,19757,0.8754473272198613,0.8319654427645788,0.8449221320465015,0.8383937316356513
coaps,schc,,1024,d1,cbor,dns_message,binvec,1,0.2,dt,,12112,1565,1795,20296,0.906061283829121,0.8709283094844323,0.8855743218542078,0.8781902552204176
coaps,schc,,1024,d1,cbor,dns_message,binvec,1,0.2,rf,"n_estimators=250,max_depth=9",12275,1402,1236,20855,0.9262469246253634,0.9085189845311228,0.8974921400892009,0.902971899367368
