protocol,link_layer,blocksize,network_setup,data_format,dns_format,test_size,classifier,classifier_args,true_data,false_data,false_dns,true_dns,accuracy,precision,recall,f1_score
coaps,eth,1024,p2,json,dns_cbor,0.2,nb,,9178,16059,1280,22837,0.6486809579770637,0.5871297819827231,0.9469254053157524,0.7248345579483598
coaps,eth,1024,p2,json,dns_cbor,0.2,lr,max_iter=2600,19918,5319,3263,20854,0.8261133849333387,0.7967753027929546,0.8647012480822657,0.8293497713263074
coaps,eth,1024,p2,json,dns_cbor,0.2,knn,"algorithm=brute,n_jobs=-1",19798,5439,3985,20132,0.8090529642987397,0.7872981111415275,0.8347638595181822,0.810336499758493
coaps,eth,1024,p2,json,dns_cbor,0.2,dt,,20308,4929,5248,18869,0.7937958422822872,0.7928817547693083,0.7823941617945848,0.7876030470625065
coaps,eth,1024,p2,json,dns_cbor,0.2,rf,"n_estimators=250,max_depth=9",19871,5366,1686,22431,0.8571139117396767,0.8069575853509372,0.9300908073143426,0.8641599568517163
