protocol;link_layer;link_layer_mode;blocksize;network_setup;data_format;dns_format;randiv_pad;vector_type;k;classifier;classifier_args;job_id;fit_time;score_time;accuracy;precision;recall;f1_score;balanced_accuracy;roc_auc
coaps;schc;;1024;d2;json;dns_message;1;binvec;5;dt;;20833657;[47.154643058776855, 47.99644923210144, 47.783631324768066, 47.14037299156189, 47.595014572143555];[0.3725094795227051, 0.38134336471557617, 0.37290239334106445, 0.4336280822753906, 0.38483357429504395];[0.8796136378174375, 0.8420008955414827, 0.8723725452568285, 0.8711699609799782, 0.8688270815209047];[0.8528487704670412, 0.8347980062959076, 0.8383055778193368, 0.8382760573455337, 0.8382405960822017];[0.8614891669209643, 0.7768690875801038, 0.8617901065030974, 0.8582806921175501, 0.8514144465806097];[0.857147194559145, 0.8047924635665287, 0.849885638618033, 0.8481604342581424, 0.8447761645950979];[0.8770933002795152, 0.832943850982474, 0.8709007806284101, 0.8693773713473467, 0.866405538082683];[0.8770933002795152, 0.8329438509824739, 0.8709007806284101, 0.8693773713473467, 0.8664055380826828]
