protocol;link_layer;link_layer_mode;blocksize;network_setup;data_format;dns_format;randiv_pad;vector_type;k;classifier;classifier_args;job_id;fit_time;score_time;accuracy;precision;recall;f1_score;balanced_accuracy;roc_auc
coap;eth;;1024;d2;cbor;dns_cbor;0;binvec;5;dt;;20833657;[48.51595067977905, 48.499202251434326, 48.33883881568909, 48.56070899963379, 48.56177282333374];[1.9359164237976074, 1.9383983612060547, 1.9229023456573486, 1.9397590160369873, 1.935136079788208];[1.0, 1.0, 1.0, 1.0, 1.0];[1.0, 1.0, 1.0, 1.0, 1.0];[1.0, 1.0, 1.0, 1.0, 1.0];[1.0, 1.0, 1.0, 1.0, 1.0];[1.0, 1.0, 1.0, 1.0, 1.0];[1.0, 1.0, 1.0, 1.0, 1.0]
