protocol;link_layer;link_layer_mode;blocksize;network_setup;data_format;dns_format;randiv_pad;vector_type;k;classifier;classifier_args;job_id;fit_time;score_time;accuracy;precision;recall;f1_score;balanced_accuracy;roc_auc
coaps;schc;;64;d1;json;dns_cbor;1;binvec;5;dt;;20833657;[116.08564329147339, 115.05172204971313, 117.02319359779358, 114.52426266670227, 109.28821897506714];[0.7404980659484863, 0.7847552299499512, 0.7447893619537354, 0.7076699733734131, 0.7057483196258545];[0.6652036125039056, 0.6862990157787846, 0.6890738798253249, 0.6680652576606334, 0.6570699518676397];[0.4613097204784246, 0.4915054330096113, 0.4951589273202115, 0.44813979706877116, 0.45305939423586483];[0.5047600684485792, 0.4720541804246704, 0.3747077679496758, 0.32573329155720515, 0.5357306403798414];[0.4820577741972609, 0.48158347676419966, 0.42659386189960075, 0.37725578863626846, 0.490939008094707];[0.6207985382756827, 0.6270041697345563, 0.6020692611404465, 0.5733207510191062, 0.6234878317577675];[0.6207985382756827, 0.6270041697345562, 0.6020692611404463, 0.5733207510191062, 0.6234878317577675]
