protocol;link_layer;link_layer_mode;blocksize;network_setup;data_format;dns_format;randiv_pad;vector_type;k;classifier;classifier_args;job_id;fit_time;score_time;accuracy;precision;recall;f1_score;balanced_accuracy;roc_auc
coaps;schc;;64;d1;cbor;dns_cbor;0;binvec;5;dt;;20833657;[113.72506189346313, 109.54823994636536, 109.06975245475769, 112.26975083351135, 113.708580493927];[0.8169901371002197, 0.7493705749511719, 0.7920570373535156, 0.8002095222473145, 0.7694692611694336];[0.6417783329548036, 0.6553972940527563, 0.659112293566075, 0.6528503293209176, 0.6312305832921002];[0.47058434981725306, 0.48864286204451357, 0.49395275234542785, 0.4850365214205573, 0.46437412549779356];[0.515123761779663, 0.5148586440432865, 0.5266202308934468, 0.5105444554240679, 0.6239184401436456];[0.49184779481986907, 0.5014083184677495, 0.5097636656323635, 0.49746371706354797, 0.532451638779477];[0.610574974919883, 0.6207733734685885, 0.6264707771170375, 0.6177910251641386, 0.629429143780743];[0.6105749749198829, 0.6207733734685886, 0.6264707771170375, 0.6177910251641386, 0.629429143780743]
