protocol;link_layer;link_layer_mode;blocksize;network_setup;data_format;dns_format;randiv_pad;vector_type;k;classifier;classifier_args;job_id;fit_time;score_time;accuracy;precision;recall;f1_score;balanced_accuracy;roc_auc
coaps;schc;;64;d2;json;dns_cbor;0;binvec;5;dt;;20833657;[34.582908630371094, 40.750906467437744, 41.649277210235596, 40.127761363983154, 41.957663774490356];[0.6163921356201172, 0.6389129161834717, 0.6357219219207764, 0.6272540092468262, 0.6657302379608154];[0.9996205667690888, 0.9997172829402574, 0.999694963172383, 0.9997024030950078, 0.9996428837140093];[0.9990606483934679, 0.9993735694494639, 0.9992051257346565, 0.9995179677520426, 0.9990847343320969];[0.9997107806512255, 0.9997107806512255, 0.9998071871008171, 0.9995179677520426, 0.9997589780670041];[0.9993856087894084, 0.9995421466094752, 0.9995060657534907, 0.9995179677520426, 0.9994217424826523];[0.9996455323832968, 0.9997154835250661, 0.99972601953433, 0.9996513632602162, 0.999675012064066];[0.9996455323832968, 0.9997154835250661, 0.99972601953433, 0.9996513632602161, 0.999675012064066]
