protocol;link_layer;link_layer_mode;blocksize;network_setup;data_format;dns_format;randiv_pad;vector_type;k;classifier;classifier_args;job_id;fit_time;score_time;accuracy;precision;recall;f1_score;balanced_accuracy;roc_auc
coaps;schc;;64;d2;cbor;dns_message;0;binvec;5;dt;;20833657;[74.1555323600769, 107.31541156768799, 99.8712375164032, 107.24676275253296, 98.74742031097412];[0.906731128692627, 0.9368648529052734, 0.9047305583953857, 0.9260051250457764, 0.8840718269348145];[0.9982781308620545, 0.998642093695535, 0.9986560927296017, 0.9987540859680683, 0.9987890835532348];[0.9975300564324855, 0.9982324348210341, 0.9978576568326029, 0.9982002617801047, 0.9981678090595298];[0.9984446372730398, 0.9985919874261203, 0.9990012770555683, 0.998886669504568, 0.9990012770555683];[0.9979871373165103, 0.99841217875266, 0.9984291394629621, 0.9985433476816314, 0.998584369144157];[0.9982992116172386, 0.9986357501565482, 0.9986997973388712, 0.9987708726852578, 0.9988159498777212];[0.9982992116172386, 0.9986357501565482, 0.9986997973388713, 0.9987708726852578, 0.9988159498777212]
