protocol,link_layer,link_layer_mode,blocksize,network_setup,data_format,dns_format,vector_type,run,test_size,classifier,classifier_args,true_dns,false_dns,false_data,true_data,accuracy,precision,recall,f1_score
coaps,schc,peer_based,1024,d2,cbor,dns_cbor,binvec,1,0.2,nb,,8945,2451,4593,17385,0.7889374962545694,0.6607327522529177,0.784924534924535,0.7174941846474693
coaps,schc,peer_based,1024,d2,cbor,dns_cbor,binvec,1,0.2,lr,max_iter=5000,8081,3315,2814,19164,0.8163540480613651,0.7417163836622304,0.7091084591084591,0.7250459826835943
coaps,schc,peer_based,1024,d2,cbor,dns_cbor,binvec,1,0.2,knn,algorithm=brute,8426,2970,3266,18712,0.8131479594894229,0.72066370167636,0.7393822393822393,0.7299029799029799
coaps,schc,peer_based,1024,d2,cbor,dns_cbor,binvec,1,0.2,svm,C=0.01,8038,3358,2772,19206,0.8163240846167675,0.7435707678075856,0.7053352053352053,0.7239484823921463
coaps,schc,peer_based,1024,d2,cbor,dns_cbor,binvec,1,0.2,dt,,7735,3661,4019,17959,0.7698807454905016,0.6580738472009529,0.6787469287469288,0.6682505399568035
coaps,schc,peer_based,1024,d2,cbor,dns_cbor,binvec,1,0.2,rf,"n_estimators=250,max_depth=9",8396,3000,2710,19268,0.8289087313477558,0.7559877543670088,0.7367497367497368,0.746244778241934
