protocol;link_layer;link_layer_mode;blocksize;network_setup;data_format;dns_format;randiv_pad;vector_type;k;classifier;classifier_args;job_id;fit_time;score_time;accuracy;precision;recall;f1_score;balanced_accuracy;roc_auc
coaps;schc;peer_based;1024;d2;cbor;dns_message;1;binvec;5;dt;;20833657;[161.81558847427368, 156.25699830055237, 152.36174321174622, 153.862610578537, 97.05990839004517];[0.6367285251617432, 0.5387184619903564, 0.5319609642028809, 0.5394647121429443, 0.6085968017578125];[0.5514955494373313, 0.5140268106547627, 0.47236738348859275, 0.5025059809411796, 0.5590943719009369];[0.47438723900920765, 0.42362793861327214, 0.3643529934915309, 0.4256143162393162, 0.4972294329073482];[0.2232666015625, 0.304107666015625, 0.2750633259071627, 0.3890499588000122, 0.6079592272713401];[0.30363145880888154, 0.3540530457799648, 0.31347384529771843, 0.40651158341172533, 0.5470472738257061];[0.5152572128942476, 0.49085249184309176, 0.4505815511925122, 0.48997844399314827, 0.5644899099213979];[0.5152572128942475, 0.49085249184309176, 0.4505815511925122, 0.48997844399314827, 0.5644899099213979]
