protocol,link_layer,blocksize,network_setup,data_format,dns_format,test_size,classifier,classifier_args,true_data,false_data,false_dns,true_dns,accuracy,precision,recall,f1_score
coaps,eth,1024,p2,cbor,dns_message,0.2,nb,,8708,16273,1122,23021,0.6458960996661509,0.5858655265434927,0.9535269022076792,0.7257909421946183
coaps,eth,1024,p2,cbor,dns_message,0.2,lr,max_iter=2600,20581,4400,1901,22242,0.8717327579187363,0.8348472336911643,0.9212608209418879,0.8759279314758295
coaps,eth,1024,p2,cbor,dns_message,0.2,knn,"algorithm=brute,n_jobs=-1",19494,5487,2764,21379,0.8320372933800179,0.7957641628824537,0.8855154703226608,0.8382442314101433
coaps,eth,1024,p2,cbor,dns_message,0.2,dt,,21102,3879,4421,19722,0.8310398176044296,0.8356425575187492,0.8168827403388146,0.8261561662198391
coaps,eth,1024,p2,cbor,dns_message,0.2,rf,"n_estimators=250,max_depth=9",20397,4584,1037,23106,0.8855752788860842,0.8344528710725894,0.9570475914343702,0.8915555727046476
