protocol;link_layer;link_layer_mode;blocksize;network_setup;data_format;dns_format;randiv_pad;vector_type;k;classifier;classifier_args;job_id;fit_time;score_time;accuracy;precision;recall;f1_score;balanced_accuracy;roc_auc
coaps;schc;min_rules;64;d2;cbor;dns_message;1;binvec;5;dt;;20833657;[30.869961261749268, 31.385384559631348, 31.41458487510681, 31.06585454940796, 31.587255001068115];[0.9404544830322266, 0.9364867210388184, 0.8907127380371094, 0.9481897354125977, 0.947613000869751];[0.9982360599739609, 0.9986350464084222, 0.99893603617477, 0.9986420366650101, 0.998838031373153];[0.9975297735898443, 0.9982486865148862, 0.9986413933084528, 0.9979389874867097, 0.9982657919277522];[0.9983463767641376, 0.9985592193588526, 0.9988702969972821, 0.9988866512762579, 0.999017633479051];[0.9979379081223508, 0.9984039287906691, 0.998755832037325, 0.9984125945079043, 0.9986415711947627];[0.9982500249271142, 0.9986254474961141, 0.9989277142816793, 0.9986730038147894, 0.998860768221478];[0.9982500249271143, 0.9986254474961141, 0.9989277142816793, 0.9986730038147895, 0.998860768221478]
