protocol,link_layer,blocksize,network_setup,data_format,dns_format,test_size,classifier,classifier_args,true_data,false_data,false_dns,true_dns,accuracy,precision,recall,f1_score
coaps,eth,1024,p1,cbor,dns_message,0.2,nb,,10530,14330,1114,23150,0.6856119208533507,0.6176627534685165,0.954088361358391,0.7498704327545996
coaps,eth,1024,p1,cbor,dns_message,0.2,lr,max_iter=2600,20472,4388,1643,22621,0.8772290530087127,0.8375356362693916,0.9322865150016485,0.8823747391414585
coaps,eth,1024,p1,cbor,dns_message,0.2,knn,"algorithm=brute,n_jobs=-1",16632,8228,3570,20694,0.7598322612165133,0.7155106839084434,0.852868447082097,0.7781747076298274
coaps,eth,1024,p1,cbor,dns_message,0.2,dt,,20966,3894,4193,20071,0.8353757837309665,0.837513039849781,0.8271925486317178,0.8323208028364677
coaps,eth,1024,p1,cbor,dns_message,0.2,rf,"n_estimators=250,max_depth=9",20315,4545,1030,23234,0.8865116847162283,0.8363871989632456,0.957550280250577,0.8928770439828603
