protocol,link_layer,link_layer_mode,blocksize,network_setup,data_format,dns_format,vector_type,run,test_size,classifier,classifier_args,true_dns,false_dns,false_data,true_data,accuracy,precision,recall,f1_score
coaps,schc,,64,p1,cbor,dns_cbor,word2vec,1,0.2,nb,,14805,2424,30360,12580,0.4551347039172996,0.3277980737296579,0.8593069824133728,0.4745648620059621
coaps,schc,,64,p1,cbor,dns_cbor,word2vec,1,0.2,lr,max_iter=5000,8799,8430,3795,39145,0.7968222839003474,0.6986660314435446,0.5107086888385861,0.5900814807363445
coaps,schc,,64,p1,cbor,dns_cbor,word2vec,1,0.2,knn,algorithm=brute,9053,8176,5268,37672,0.7765626817796539,0.6321485929753509,0.5254512740147426,0.5738827258320127
coaps,schc,,64,p1,cbor,dns_cbor,word2vec,1,0.2,svm,C=0.01,8611,8618,3628,39312,0.7964732669647161,0.7035705531497671,0.49979685414127345,0.5844305687525452
coaps,schc,,64,p1,cbor,dns_cbor,word2vec,1,0.2,dt,,9103,8126,8563,34377,0.7226312552975784,0.5152835956073815,0.5283533577108364,0.5217366384868892
coaps,schc,,64,p1,cbor,dns_cbor,word2vec,1,0.2,rf,"n_estimators=250,max_depth=9",8890,8339,3858,39082,0.7972876398145224,0.6973642924380294,0.5159904811654769,0.5931213930680188
