protocol,link_layer,link_layer_mode,blocksize,network_setup,data_format,dns_format,vector_type,run,test_size,classifier,classifier_args,true_dns,false_dns,false_data,true_data,accuracy,precision,recall,f1_score
coaps,eth,,64,p1,json,dns_message,word2vec,1,0.2,lr,max_iter=5000,19594,5351,4493,38506,0.8551159778641234,0.8134678457259102,0.785488073762277,0.7992331538587045
coaps,eth,,64,p1,json,dns_message,word2vec,1,0.2,knn,algorithm=brute,20254,4691,6105,36894,0.8411044389497233,0.7683903031222732,0.8119462818200041,0.7895680648682364
coaps,eth,,64,p1,json,dns_message,word2vec,1,0.2,svm,C=0.01,19683,5262,5424,37575,0.8427234192864712,0.7839646313777034,0.7890559230306675,0.7865020378806041
coaps,eth,,64,p1,json,dns_message,word2vec,1,0.2,dt,,21303,3642,3679,39320,0.8922494995878959,0.8527339684572892,0.8539987973541792,0.8533659142347828
coaps,eth,,64,p1,json,dns_message,word2vec,1,0.2,rf,"n_estimators=250,max_depth=9",21429,3516,3236,39763,0.9006240433298011,0.8688019460774377,0.8590499098015635,0.8638984075791171
