protocol,link_layer,link_layer_mode,blocksize,network_setup,data_format,dns_format,vector_type,run,test_size,classifier,classifier_args,true_dns,false_dns,false_data,true_data,accuracy,precision,recall,f1_score
coaps,schc,,64,d1,json,dns_cbor,word2vec,1,0.2,nb,,12594,4693,21316,27645,0.6073994686632049,0.3713948687702743,0.7285243246370104,0.49198195206750395
coaps,schc,,64,d1,json,dns_cbor,word2vec,1,0.2,lr,max_iter=5000,8852,8435,4404,44557,0.8061979229561648,0.667773083886542,0.512061086365477,0.579641816455489
coaps,schc,,64,d1,json,dns_cbor,word2vec,1,0.2,knn,algorithm=brute,8286,9001,5151,43810,0.786378456708127,0.6166555034605938,0.4793197200208249,0.5393828928524932
coaps,schc,,64,d1,json,dns_cbor,word2vec,1,0.2,svm,C=0.01,8588,8699,4172,44789,0.8057148895060983,0.6730407523510972,0.4967894949962399,0.5716377674975871
coaps,schc,,64,d1,json,dns_cbor,word2vec,1,0.2,dt,,8798,8489,9327,39634,0.7310711266755223,0.48540689655172414,0.5089373517672239,0.49689370834745283
coaps,schc,,64,d1,json,dns_cbor,word2vec,1,0.2,rf,"n_estimators=250,max_depth=9",8832,8455,4328,44633,0.807043231493781,0.6711246200607903,0.5109041476253833,0.5801556803625973
