protocol,link_layer,link_layer_mode,blocksize,network_setup,data_format,dns_format,vector_type,run,test_size,classifier,classifier_args,true_dns,false_dns,false_data,true_data,accuracy,precision,recall,f1_score
coaps,schc,,64,d1,json,dns_message,binvec,1,0.2,nb,,15218,9810,9541,39506,0.738764765440432,0.6146451795306758,0.608038996324117,0.6113242412678008
coaps,schc,,64,d1,json,dns_message,binvec,1,0.2,lr,max_iter=5000,18538,6490,3301,45746,0.8678231522105974,0.8488483904940702,0.7406904267220713,0.7910896793052681
coaps,schc,,64,d1,json,dns_message,binvec,1,0.2,knn,algorithm=brute,19604,5424,3144,45903,0.8843334458319271,0.8617900474767013,0.7832827233498482,0.8206630944407234
coaps,schc,,64,d1,json,dns_message,binvec,1,0.2,svm,C=0.01,18475,6553,3243,45804,0.8677556530543368,0.8506768579058845,0.7381732459645197,0.7904419629487015
coaps,schc,,64,d1,json,dns_message,binvec,1,0.2,dt,,20062,4966,5694,43353,0.8560917988525143,0.7789252989594657,0.8015822279047466,0.7900913673597983
coaps,schc,,64,d1,json,dns_message,binvec,1,0.2,rf,"n_estimators=250,max_depth=9",18434,6594,2582,46465,0.8761255484306446,0.877141225732775,0.7365350807096053,0.8007123620884371
