protocol;link_layer;link_layer_mode;blocksize;network_setup;data_format;dns_format;randiv_pad;vector_type;k;classifier;classifier_args;job_id;fit_time;score_time;accuracy;precision;recall;f1_score;balanced_accuracy;roc_auc
coaps;schc;;64;d2;cbor;dns_cbor;0;binvec;5;dt;;20833657;[42.530712842941284, 31.99317169189453, 41.573272705078125, 30.891829013824463, 42.04187893867493];[0.6600196361541748, 0.6748635768890381, 0.6902055740356445, 0.653937816619873, 0.6868076324462891];[0.9996187385925775, 0.9996674102616102, 0.9997972013790306, 0.9995862908132225, 0.9997323058203205];[0.9991809597224899, 0.9992772825825103, 0.9995662859621223, 0.9992530480458773, 0.999469892291752];[0.9996866790388277, 0.9997348822636234, 0.9998312887132149, 0.9995179677520426, 0.9997348758737045];[0.9994337554064311, 0.9995060300478308, 0.9996987697757642, 0.999385490342559, 0.999602366521671];[0.9996354749004175, 0.9996840311738737, 0.9998055983818447, 0.9995694602528187, 0.9997329389455947];[0.9996354749004175, 0.9996840311738737, 0.9998055983818447, 0.9995694602528187, 0.9997329389455947]
