protocol;link_layer;link_layer_mode;blocksize;network_setup;data_format;dns_format;randiv_pad;vector_type;k;classifier;classifier_args;job_id;fit_time;score_time;accuracy;precision;recall;f1_score;balanced_accuracy;roc_auc
coaps;schc;;64;d1;json;dns_message;0;binvec;5;dt;;20833657;[96.66245460510254, 98.26263332366943, 98.76110410690308, 99.03361821174622, 97.852792263031];[0.7805650234222412, 0.7518055438995361, 0.7431900501251221, 0.7532119750976562, 0.7567148208618164];[0.6219547817958755, 0.783782204825612, 0.7444564173136343, 0.8051047698179835, 0.6911627242749202];[0.5262871152274584, 0.7136823027063558, 0.6374359103881999, 0.7702733227919585, 0.5733518029522532];[0.47404063205417607, 0.7600641224870365, 0.825675167258273, 0.7251402679403922, 0.8666350416305433];[0.4987994733173263, 0.7361433471431175, 0.7194464042645686, 0.7470257153449497, 0.690126809824342];[0.5966561278632033, 0.7797253457893641, 0.7583481896408241, 0.7914275258921927, 0.7211757629401331];[0.5966561278632033, 0.7797253457893641, 0.7583481896408241, 0.7914275258921927, 0.721175762940133]
