protocol,link_layer,blocksize,network_setup,data_format,dns_format,test_size,classifier,classifier_args,true_dns,false_dns,false_data,true_data,accuracy,precision,recall,f1_score
coaps,eth,1024,p2,json,dns_cbor,0.2,nb,,23369,682,18518,6785,0.6109737812537991,0.5579057941604794,0.9716435907030893,0.7088173738966909
coaps,eth,1024,p2,json,dns_cbor,0.2,lr,max_iter=2800,20961,3355,5365,19673,0.8233172589861004,0.7962090708804984,0.8620250041125185,0.8278109079420244
coaps,eth,1024,p2,json,dns_cbor,0.2,knn,"algorithm=brute,n_jobs=-1",19448,4603,6200,19103,0.7811119666085828,0.7582657517155333,0.8086150264022286,0.7826314412764844
coaps,eth,1024,p2,json,dns_cbor,0.2,dt,,18941,5110,4918,20385,0.7968148478340155,0.7938723332914204,0.7875348218369299,0.7906908787309539
coaps,eth,1024,p2,json,dns_cbor,0.2,rf,"n_estimators=250,max_depth=9",22098,1953,5187,20116,0.8553308749037566,0.8098955470038482,0.9187975551952102,0.8609163160355306
