protocol;link_layer;link_layer_mode;blocksize;network_setup;data_format;dns_format;randiv_pad;vector_type;k;classifier;classifier_args;job_id;fit_time;score_time;accuracy;precision;recall;f1_score;balanced_accuracy;roc_auc
coaps;eth;;64;p1;json;dns_cbor;1;binvec;5;dt;;20833657;[681.8066198825836, 727.2271990776062, 709.3916027545929, 611.2309877872467, 622.9310531616211];[6.3155882358551025, 6.20221471786499, 5.995094060897827, 5.716261863708496, 5.769660472869873];[0.7475759281849176, 0.7550279941196709, 0.7699243064026774, 0.7360107597510244, 0.7445028306903131];[0.617054855542828, 0.6173953273189915, 0.6637774094503166, 0.6393111167274435, 0.5975185554447768];[0.5844303004002122, 0.6434736486812286, 0.5889628236655576, 0.4269113002386865, 0.6502157822407599];[0.6002996421628716, 0.6301648014355197, 0.6241361249856286, 0.5119553589498945, 0.622754352745578];[0.7051610104412931, 0.7260258783414939, 0.7228775880242471, 0.6556478336229945, 0.7199890928748675];[0.705161010441293, 0.7260258783414938, 0.722877588024247, 0.6556478336229945, 0.7199890928748675]
