protocol,link_layer,blocksize,network_setup,data_format,dns_format,test_size,classifier,classifier_args,true_dns,false_dns,false_data,true_data,accuracy,precision,recall,f1_score
coaps,eth,1024,d1,cbor,dns_message,0.2,nb,,23118,1086,19856,5063,0.5736823891049,0.5379531809931587,0.9551313832424393,0.688261037839769
coaps,eth,1024,d1,cbor,dns_message,0.2,lr,max_iter=5000,22318,1886,4433,20486,0.87136371964253,0.8342865687264027,0.9220789952074038,0.8759886174075164
coaps,eth,1024,d1,cbor,dns_message,0.2,knn,algorithm=brute,21024,3180,6613,18306,0.8006432831871018,0.7607193255418461,0.8686167575607338,0.8110954649794564
coaps,eth,1024,d1,cbor,dns_message,0.2,dt,,19958,4246,3895,21024,0.8342731510697636,0.8367081708799732,0.8245744505040489,0.83059699939655
coaps,eth,1024,d1,cbor,dns_message,0.2,rf,"n_estimators=250,max_depth=9",23001,1203,4461,20458,0.8846975958308735,0.8375573519772777,0.9502974714923154,0.8903727790036
