protocol;link_layer;link_layer_mode;blocksize;network_setup;data_format;dns_format;randiv_pad;vector_type;k;classifier;classifier_args;job_id;fit_time;score_time;accuracy;precision;recall;f1_score;balanced_accuracy;roc_auc
coaps;schc;min_rules;64;d2;cbor;dns_message;0;binvec;5;dt;;20833657;[30.203630924224854, 30.712555646896362, 30.87326741218567, 30.378782510757446, 30.966193914413452];[0.9214892387390137, 0.938164472579956, 0.9378001689910889, 0.9333453178405762, 0.9394285678863525];[0.9982850583080175, 0.998628046646414, 0.9987400428385435, 0.9987260343970713, 0.9988940298611938];[0.9976277342407932, 0.9981345115365734, 0.998167599227774, 0.9981838113781762, 0.9983964656794567];[0.9983627492714234, 0.9986574544025673, 0.998886669504568, 0.9988375329502104, 0.999017633479051];[0.9979951064230244, 0.9983959144924215, 0.9985270049099836, 0.9985105651668658, 0.9987069529920126];[0.9982948931723448, 0.9986317693611193, 0.9987586042426488, 0.9987401496307347, 0.9989096775435948];[0.9982948931723449, 0.9986317693611193, 0.9987586042426488, 0.9987401496307347, 0.9989096775435947]
