protocol;link_layer;link_layer_mode;blocksize;network_setup;data_format;dns_format;randiv_pad;vector_type;k;classifier;classifier_args;job_id;fit_time;score_time;accuracy;precision;recall;f1_score;balanced_accuracy;roc_auc
coaps;schc;;1024;d1;cbor;dns_cbor;1;binvec;5;dt;;20833657;[33.75830602645874, 35.084782123565674, 33.96717381477356, 37.04327058792114, 33.1320366859436];[0.35996532440185547, 0.3395254611968994, 0.33541393280029297, 0.3875088691711426, 0.3509500026702881];[0.9325939062681707, 0.9314600534945924, 0.9218659146412373, 0.9262414234213281, 0.9239871494817636];[0.9079929083253305, 0.9055303783943112, 0.8765562727048284, 0.8949153778815291, 0.890763023010651];[0.9197126716300648, 0.9195225980245435, 0.9298488476504041, 0.9179512122119126, 0.9167913798263992];[0.913815214764976, 0.91247285080473, 0.9024164412410813, 0.906286938534279, 0.9035898003208142];[0.9302459894298483, 0.9292839311918077, 0.9233211526194204, 0.92473017057914, 0.9226754607331602];[0.9302459894298483, 0.9292839311918076, 0.9233211526194204, 0.92473017057914, 0.9226754607331601]
