protocol,link_layer,blocksize,network_setup,data_format,dns_format,test_size,classifier,classifier_args,true_dns,false_dns,false_data,true_data,accuracy,precision,recall,f1_score
coaps,schc,1024,d1,json,dns_message,0.2,nb,,16877,16670,16331,37528,0.62244010708647,0.508220910623946,0.5030852237159805,0.5056400269642723
coaps,schc,1024,d1,json,dns_message,0.2,lr,max_iter=5000,25986,7561,10225,43634,0.7965128252065076,0.7176272403413327,0.7746147196470623,0.7450328277760256
coaps,schc,1024,d1,json,dns_message,0.2,knn,algorithm=brute,25240,8307,9180,44679,0.7999336429993364,0.7332945961650204,0.7523772617521686,0.7427133756087513
coaps,schc,1024,d1,json,dns_message,0.2,svm,C=0.01,26624,6923,11069,42790,0.7941560075967324,0.7063380468522007,0.7936328136644111,0.7474452554744525
