protocol;link_layer;link_layer_mode;blocksize;network_setup;data_format;dns_format;randiv_pad;vector_type;k;classifier;classifier_args;job_id;fit_time;score_time;accuracy;precision;recall;f1_score;balanced_accuracy;roc_auc
coaps;schc;;64;p1;json;dns_message;1;binvec;5;dt;;20833657;[115.53237652778625, 113.04471755027771, 113.43070578575134, 114.37372756004333, 116.81031894683838];[0.7774336338043213, 0.7692115306854248, 0.7870638370513916, 0.7623593807220459, 0.795839786529541];[0.7973138052056336, 0.8140980894025182, 0.8057020605496523, 0.8148413867990383, 0.7373704077147807];[0.7358642208774584, 0.7539857278930685, 0.7356594177746254, 0.7456690898692072, 0.6202041125062548];[0.7618325094219568, 0.7877897965509928, 0.7953240227109574, 0.8083110356979704, 0.8695425177837238];[0.7486232354567972, 0.7705171781001164, 0.7643291129316765, 0.7757274940696609, 0.7240074715571404];[0.7912123242434326, 0.8095741207367746, 0.8039173632993046, 0.8137183710772777, 0.7600998682427782];[0.7912123242434325, 0.8095741207367746, 0.8039173632993047, 0.8137183710772776, 0.7600998682427782]
