protocol;link_layer;link_layer_mode;blocksize;network_setup;data_format;dns_format;randiv_pad;vector_type;k;classifier;classifier_args;job_id;fit_time;score_time;accuracy;precision;recall;f1_score;balanced_accuracy;roc_auc
coaps;eth;;64;p1;cbor;dns_cbor;1;binvec;5;dt;;20833657;[978.3449568748474, 1006.0105376243591, 1007.581609249115, 554.8266730308533, 582.8688497543335];[8.62322211265564, 11.40109634399414, 5.928353548049927, 4.9225852489471436, 6.0463855266571045];[0.7455410630071801, 0.7606321961167524, 0.7633408109853506, 0.7619132592365997, 0.7335576628938514];[0.6411367307974739, 0.6589888177386982, 0.6588117381068923, 0.6648214373193553, 0.5994419226158895];[0.6314913930276291, 0.6649308066927045, 0.6814455856116496, 0.654386768570533, 0.7354678496516142];[0.6362775105669728, 0.6619464778591143, 0.6699375451819722, 0.6595628348905872, 0.6605244353983067];[0.7195537456431597, 0.7388257114545314, 0.7446804864257497, 0.7374116057084954, 0.7339929299040807];[0.7195537456431597, 0.7388257114545312, 0.7446804864257497, 0.7374116057084954, 0.7339929299040807]
