protocol;link_layer;link_layer_mode;blocksize;network_setup;data_format;dns_format;randiv_pad;vector_type;k;classifier;classifier_args;job_id;fit_time;score_time;accuracy;precision;recall;f1_score;balanced_accuracy;roc_auc
coaps;eth;;1024;d2;cbor;dns_cbor;0;binvec;5;dt;;20833657;[150.09778213500977, 150.64515566825867, 142.37601804733276, 147.4453160762787, 147.71303367614746];[3.0675928592681885, 3.1205852031707764, 3.1025922298431396, 3.1019227504730225, 2.978689432144165];[0.7934488992874614, 1.0, 1.0, 1.0, 1.0];[1.0, 1.0, 1.0, 1.0, 1.0];[0.586906584992343, 1.0, 1.0, 1.0, 1.0];[0.739686369119421, 1.0, 1.0, 1.0, 1.0];[0.7934532924961715, 1.0, 1.0, 1.0, 1.0];[0.7934532924961715, 1.0, 1.0, 1.0, 1.0]
