protocol;link_layer;link_layer_mode;blocksize;network_setup;data_format;dns_format;randiv_pad;vector_type;k;classifier;classifier_args;job_id;fit_time;score_time;accuracy;precision;recall;f1_score;balanced_accuracy;roc_auc
coaps;eth;;1024;d1;json;dns_cbor;0;binvec;5;knn;algorithm=brute;931197;[8.075074911117554, 4.794970512390137, 4.787205457687378, 4.788009166717529, 4.782176733016968];[23.75163507461548, 23.820103406906128, 23.54932427406311, 23.770756244659424, 23.84483766555786];[0.8541954695310008, 0.8706768196707364, 0.9037095333304973, 0.9020079125366912, 0.9090696388309865];[0.8296970896852108, 0.8363376693557726, 0.8726830034558593, 0.8685072531586336, 0.8810127585387114];[0.8913561340820146, 0.9217254434849194, 0.9453354319989791, 0.9474624579912366, 0.945888458756966];[0.8594221028238623, 0.8769579471404865, 0.9075575340507648, 0.9062684380785742, 0.9122986973022874];[0.8541946791140069, 0.8706768196707364, 0.9037095333304973, 0.9020079125366911, 0.9090696388309865];[0.9224075594033264, 0.933412745078578, 0.9569532711327968, 0.9558367177616248, 0.959083691209581]
coaps;eth;;1024;d1;json;dns_cbor;0;binvec;5;dt;;20833657;[35.282859325408936, 34.32142448425293, 33.86572527885437, 34.254024267196655, 35.29937744140625];[1.7038671970367432, 1.7042696475982666, 1.6984498500823975, 1.704836130142212, 1.6986267566680908];[1.0, 1.0, 1.0, 1.0, 1.0];[1.0, 1.0, 1.0, 1.0, 1.0];[1.0, 1.0, 1.0, 1.0, 1.0];[1.0, 1.0, 1.0, 1.0, 1.0];[1.0, 1.0, 1.0, 1.0, 1.0];[1.0, 1.0, 1.0, 1.0, 1.0]
coaps;eth;;1024;d1;json;dns_cbor;0;binvec;5;rf;n_estimators=250,max_depth=9;931197;[13.412299156188965, 6.853481769561768, 6.868472099304199, 6.880141735076904, 6.88024377822876];[1.5702641010284424, 1.547393798828125, 1.4989800453186035, 1.5633833408355713, 1.4961869716644287];[0.8628522811868553, 0.8713787382481814, 0.9001786701833496, 0.8983281575700856, 0.9014336155187817];[0.8187117022866537, 0.824149710381702, 0.8564607805987117, 0.857508304379367, 0.864245184699116];[0.9321082184788158, 0.944229378483005, 0.9615008295401369, 0.9554175352022801, 0.9524822393329646];[0.8717377466581795, 0.8801126112730229, 0.9059462492735034, 0.9038190671656807, 0.9062209090541142];[0.8628508080950679, 0.8713787382481814, 0.9001786701833496, 0.8983281575700854, 0.9014336155187817];[0.9593530092177134, 0.9656990062610933, 0.9824853746852787, 0.9806228800759327, 0.9787693497948743]
