protocol;link_layer;link_layer_mode;blocksize;network_setup;data_format;dns_format;randiv_pad;vector_type;k;classifier;classifier_args;job_id;fit_time;score_time;accuracy;precision;recall;f1_score;balanced_accuracy;roc_auc
coap;eth;;1024;d2;json;dns_cbor;0;binvec;5;lr;max_iter=5000;979837;[16.79444694519043, 19.72642731666565, 14.351172685623169, 31.17473340034485, 30.608307123184204];[2.066314220428467, 0.6950678825378418, 0.6099739074707031, 0.6891598701477051, 0.47961878776550293];[1.0, 1.0, 1.0, 1.0, 1.0];[1.0, 1.0, 1.0, 1.0, 1.0];[1.0, 1.0, 1.0, 1.0, 1.0];[1.0, 1.0, 1.0, 1.0, 1.0];[1.0, 1.0, 1.0, 1.0, 1.0];[1.0, 1.0, 1.0, 1.0, 1.0]
coap;eth;;1024;d2;json;dns_cbor;0;binvec;5;knn;algorithm=brute;931197;[7.896733283996582, 4.686500787734985, 4.697326183319092, 4.687729835510254, 4.688865661621094];[22.12363624572754, 22.671381950378418, 22.059202432632446, 22.20155906677246, 22.181878566741943];[0.9998936487003871, 0.9998723784404645, 0.9999149189603097, 0.9998723757258631, 0.9990853593686853];[1.0, 1.0, 1.0, 1.0, 1.0];[0.9997872974007742, 0.9997447568809291, 0.9998298379206194, 0.9997447568809291, 0.9981706798264273];[0.9998936373885852, 0.9998723621511232, 0.9999149117209104, 0.9998723621511232, 0.9990845025442313];[0.9998936487003871, 0.9998723784404646, 0.9999149189603097, 0.9998723784404646, 0.9990853399132136];[0.9999361892202323, 0.9999787297400774, 1.0, 0.9999361892202323, 0.9995533055390113]
coap;eth;;1024;d2;json;dns_cbor;0;binvec;5;dt;;20833657;[57.834471464157104, 57.7934947013855, 57.550350189208984, 56.705291986465454, 58.76976180076599];[2.302886486053467, 2.2681288719177246, 2.2131683826446533, 2.2282469272613525, 2.303795337677002];[1.0, 1.0, 1.0, 1.0, 1.0];[1.0, 1.0, 1.0, 1.0, 1.0];[1.0, 1.0, 1.0, 1.0, 1.0];[1.0, 1.0, 1.0, 1.0, 1.0];[1.0, 1.0, 1.0, 1.0, 1.0];[1.0, 1.0, 1.0, 1.0, 1.0]
coap;eth;;1024;d2;json;dns_cbor;0;binvec;5;rf;n_estimators=250,max_depth=9;931197;[13.082761764526367, 6.614338636398315, 6.644184112548828, 6.6362855434417725, 6.641472101211548];[1.546229362487793, 1.4999511241912842, 1.4558157920837402, 1.5159294605255127, 1.5038833618164062];[0.9999787297400774, 1.0, 1.0, 0.9999787292876439, 1.0];[1.0, 1.0, 1.0, 1.0, 1.0];[0.9999574594801548, 1.0, 1.0, 0.9999574594801548, 1.0];[0.9999787292876439, 1.0, 1.0, 0.9999787292876439, 1.0];[0.9999787297400774, 1.0, 1.0, 0.9999787297400774, 1.0];[1.0, 1.0, 1.0, 1.0, 0.9999999999999999]
