protocol;link_layer;link_layer_mode;blocksize;network_setup;data_format;dns_format;randiv_pad;vector_type;k;classifier;classifier_args;job_id;fit_time;score_time;accuracy;precision;recall;f1_score;balanced_accuracy;roc_auc
coaps;eth;;1024;p1;json;dns_cbor;0;binvec;5;dt;;20833657;[114.50305080413818, 113.40827298164368, 112.90921187400818, 107.51321172714233, 110.10808062553406];[1.7511069774627686, 1.7433803081512451, 1.7399530410766602, 1.738316535949707, 1.7333519458770752];[0.7011804743167074, 0.739332964648828, 0.7147232739184073, 0.7717701110307568, 0.7472029608201812];[0.7259567149204529, 0.7515425198962711, 0.7531470986508852, 0.7884849853240009, 0.7872750642673522];[0.6463757018887187, 0.7150635980771685, 0.6388309865146552, 0.7428000170162079, 0.6774577785340536];[0.6838587726996557, 0.7328493885292002, 0.6912949408461078, 0.7649610093752738, 0.7282496856064936];[0.701181640028462, 0.739332964648828, 0.7147232739184073, 0.7717701110307568, 0.7472029608201812];[0.7011816400284621, 0.739332964648828, 0.7147232739184073, 0.7717701110307568, 0.7472029608201812]
