protocol;link_layer;link_layer_mode;blocksize;network_setup;data_format;dns_format;randiv_pad;vector_type;k;classifier;classifier_args;job_id;fit_time;score_time;accuracy;precision;recall;f1_score;balanced_accuracy;roc_auc
coaps;schc;;64;p1;json;dns_cbor;0;binvec;5;dt;;20833657;[108.81504917144775, 113.6367290019989, 112.63286280632019, 114.32082629203796, 109.5494294166565];[0.7383923530578613, 0.7545433044433594, 0.6983575820922852, 0.7611973285675049, 0.764636754989624];[0.5978963441752898, 0.6732810507901681, 0.6645195244166395, 0.6844738636700566, 0.5702595121083412];[0.3909120482133991, 0.45622213904107256, 0.4087839479181849, 0.48138288556516867, 0.3622987275736954];[0.5501156515034695, 0.32302910562837317, 0.20272744795682343, 0.33112471087124135, 0.5220701619121049];[0.4570467716267478, 0.3782426542156268, 0.2710390258830351, 0.3923600702325382, 0.4277521690635765];[0.584621655994551, 0.5759721777553026, 0.5362219741604168, 0.5863045078059689, 0.5568714031298584];[0.584621655994551, 0.5759721777553026, 0.5362219741604168, 0.5863045078059689, 0.5568714031298584]
