protocol;link_layer;link_layer_mode;blocksize;network_setup;data_format;dns_format;randiv_pad;vector_type;k;classifier;classifier_args;job_id;fit_time;score_time;accuracy;precision;recall;f1_score;balanced_accuracy;roc_auc
coap;eth;;64;p2;cbor;dns_cbor;0;binvec;5;knn;algorithm=brute;931197;[86.81590557098389, 43.89129018783569, 60.81938648223877, 131.19027280807495, 63.518941164016724];[299.53470492362976, 244.06796669960022, 359.29270195961, 149.3751997947693, 252.30402421951294];[0.977465267451247, 0.9990907932191868, 0.9990058206228491, 0.9990822881615172, 0.9987593895516808];[0.9511503602138043, 0.9986500494178339, 0.998625678119349, 0.9987942800646266, 0.9984082193763114];[0.986739958532234, 0.9987704325184436, 0.9985534500216983, 0.9986016346408854, 0.9980712201943246];[0.9686183556586359, 0.9987102373404371, 0.998589562764457, 0.9986979480625949, 0.9982396913431396];[0.9795785952725207, 0.9990177959435027, 0.9989027436180637, 0.9989727634671222, 0.9986025790107791];[0.987939320034877, 0.9997776334591806, 0.9996840537208349, 0.999625062689749, 0.9997987449680977]
coap;eth;;64;p2;cbor;dns_cbor;0;binvec;5;dt;;20833657;[729.7949368953705, 777.4061946868896, 808.4491100311279, 799.865927696228, 835.1299164295197];[4.9441819190979, 5.016323804855347, 4.981827974319458, 4.954456329345703, 5.102512359619141];[0.7180439308323066, 0.9995921315375791, 0.9997280876917194, 0.9996686040583257, 0.9998300533632439];[0.5943070207348127, 0.9995418153757114, 0.9995179096562696, 0.999445569376145, 0.9997589025242906];[0.6302136072134625, 0.9993008341771542, 0.9997106900043397, 0.9996142440388649, 0.9997589025242906];[0.6117338700241043, 0.9994213102500422, 0.999614290535654, 0.9995298995913743, 0.9997589025242906];[0.6980309444336894, 0.9995257566243153, 0.9997241234608416, 0.999656217246905, 0.9998138404914811];[0.6980309444336894, 0.9995257566243154, 0.9997241234608416, 0.999656217246905, 0.9998138404914811]
