protocol;link_layer;link_layer_mode;blocksize;network_setup;data_format;dns_format;randiv_pad;vector_type;k;classifier;classifier_args;job_id;fit_time;score_time;accuracy;precision;recall;f1_score;balanced_accuracy;roc_auc
coaps;schc;;64;p2;json;dns_cbor;0;binvec;5;dt;;20833657;[107.35625052452087, 114.74023175239563, 113.68730998039246, 115.08822774887085, 116.66511130332947];[0.7768912315368652, 0.7204055786132812, 0.797630786895752, 0.8598308563232422, 0.8616237640380859];[0.6579526671953868, 0.6569198612469981, 0.7014586854042515, 0.6845741053692668, 0.6516054433869963];[0.4504982115482882, 0.4373282382809433, 0.5229092275887991, 0.4824360632898796, 0.4439308477061231];[0.5098799942165888, 0.40264591064629623, 0.3352531508301805, 0.35048316745788854, 0.5253632792732005];[0.47835326566138403, 0.41927106204127723, 0.40856362515050954, 0.4060074814359891, 0.4812264088470962];[0.6168042859574578, 0.5862594771925951, 0.5996907165426981, 0.5917307347581782, 0.6165229353045051];[0.6168042859574578, 0.5862594771925951, 0.5996907165426981, 0.5917307347581782, 0.6165229353045051]
