protocol,link_layer,link_layer_mode,blocksize,network_setup,data_format,dns_format,vector_type,run,test_size,classifier,classifier_args,true_dns,false_dns,false_data,true_data,accuracy,precision,recall,f1_score
coaps,eth,,64,d1,cbor,dns_message,binvec,1,0.2,nb,,9383,15739,7445,29824,0.6284079434533827,0.5575826004278583,0.37349733301488736,0.44734207389749703
coaps,eth,,64,d1,cbor,dns_message,binvec,1,0.2,lr,max_iter=5000,20534,4588,3153,34116,0.8759276177653829,0.8668890108498333,0.8173712284053818,0.841402200413858
coaps,eth,,64,d1,cbor,dns_message,binvec,1,0.2,knn,algorithm=brute,21273,3849,3624,33645,0.8802231091022744,0.8544402940113267,0.8467876761404347,0.8505967732261741
coaps,eth,,64,d1,cbor,dns_message,binvec,1,0.2,svm,C=0.01,20406,4716,2959,34310,0.8769854626468561,0.8733575861331051,0.8122760926677812,0.8417101491121332
coaps,eth,,64,d1,cbor,dns_message,binvec,1,0.2,dt,,21388,3734,3575,33694,0.882851693353208,0.8567880463085367,0.8513653371546851,0.8540680842567635
coaps,eth,,64,d1,cbor,dns_message,binvec,1,0.2,rf,"n_estimators=250,max_depth=9",19804,5318,3078,34191,0.8654293087143979,0.8654837863823093,0.7883130324018788,0.8250979085076243
