protocol;link_layer;link_layer_mode;blocksize;network_setup;data_format;dns_format;randiv_pad;vector_type;k;classifier;classifier_args;job_id;fit_time;score_time;accuracy;precision;recall;f1_score;balanced_accuracy;roc_auc
coaps;schc;min_rules;1024;d2;json;dns_message;1;binvec;5;dt;;20833657;[53.71642804145813, 53.257439613342285, 51.17882752418518, 52.555484771728516, 52.33733081817627];[0.3717765808105469, 0.3724181652069092, 0.37170958518981934, 0.3736000061035156, 0.38070034980773926];[0.8786813130602693, 0.8770060998222484, 0.8724152482768321, 0.82878078723241, 0.8687178700222512];[0.8528021811572251, 0.8468357842403187, 0.8398616824658678, 0.7630729152533174, 0.8378354042859716];[0.8588120442966534, 0.8625949540864578, 0.8595137130479881, 0.8578924888644823, 0.851638293977668];[0.8557965617352445, 0.8546427276024664, 0.849574067093856, 0.8077094314150713, 0.844680464778504];[0.8759163700127036, 0.8750006914862056, 0.8706199124464951, 0.8328321977567679, 0.8663409435542238];[0.8759163700127036, 0.8750006914862056, 0.8706199124464951, 0.8328321977567679, 0.8663409435542238]
