protocol;link_layer;link_layer_mode;blocksize;network_setup;data_format;dns_format;randiv_pad;vector_type;k;classifier;classifier_args;job_id;fit_time;score_time;accuracy;precision;recall;f1_score;balanced_accuracy;roc_auc
coaps;eth;;1024;p2;cbor;dns_cbor;1;binvec;5;dt;;20833657;[299.6331670284271, 301.8948631286621, 307.2245543003082, 294.85294485092163, 295.85156869888306];[3.183206081390381, 3.161043643951416, 3.2756285667419434, 3.1580448150634766, 3.183889627456665];[0.7231309156652133, 0.771881314474104, 0.7864253201174118, 0.804185987152763, 0.8021865827200408];[0.7448765230381401, 0.7810960591133005, 0.8194325837365974, 0.8247422680412371, 0.8335759567973703];[0.6787476603709376, 0.7554770919300634, 0.7347598587654741, 0.7725358403879695, 0.7551367677713021];[0.7102762135814285, 0.7680730056440975, 0.774789727486823, 0.7977858805957035, 0.792419981250837];[0.7231318597085896, 0.7718809655668694, 0.7864253201174118, 0.804185987152763, 0.8021865827200408];[0.7231318597085895, 0.7718809655668694, 0.786425320117412, 0.804185987152763, 0.8021865827200408]
