protocol;link_layer;link_layer_mode;blocksize;network_setup;data_format;dns_format;randiv_pad;vector_type;k;classifier;classifier_args;job_id;fit_time;score_time;accuracy;precision;recall;f1_score;balanced_accuracy;roc_auc
coaps;schc;;1024;d1;json;dns_message;0;binvec;5;dt;;20833657;[43.808380365371704, 43.63384985923767, 42.10682511329651, 43.245550870895386, 44.517083406448364];[0.3757972717285156, 0.37877964973449707, 0.3739023208618164, 0.37503647804260254, 0.38672399520874023];[0.8895457453614843, 0.8894945617402431, 0.9019961612284069, 0.9015355086372361, 0.9035188739603327];[0.8659549948444228, 0.8643033999637659, 0.8739165400768475, 0.8747869764104405, 0.8827921092564491];[0.8714521149972533, 0.8735884758591222, 0.8954403955319539, 0.8929683208203626, 0.8877494964292254];[0.8686948585336173, 0.8689211341145043, 0.8845475512142179, 0.883784151148566, 0.8852638626818431];[0.8870304819653991, 0.8872833971046008, 0.9010848196591552, 0.9003445517375213, 0.9013267136649916];[0.887030481965399, 0.8872833971046008, 0.9010848196591551, 0.9003445517375213, 0.9013267136649916]
