protocol,link_layer,link_layer_mode,blocksize,network_setup,data_format,dns_format,vector_type,run,test_size,classifier,classifier_args,true_dns,false_dns,false_data,true_data,accuracy,precision,recall,f1_score
coaps,eth,,1024,p1,cbor,dns_message,binvec,1,0.2,nb,,9175,1048,4051,5890,0.7471235865899624,0.6937093603508241,0.8974860608431967,0.7825493624461598
coaps,eth,,1024,p1,cbor,dns_message,binvec,1,0.2,lr,max_iter=5000,9085,1138,2050,7891,0.8418964491172386,0.8158958239784463,0.8886823828621735,0.8507350875550145
coaps,eth,,1024,p1,cbor,dns_message,binvec,1,0.2,knn,algorithm=brute,9158,1065,1888,8053,0.8535508827613568,0.8290783994206048,0.8958231438912256,0.8611594339179087
coaps,eth,,1024,p1,cbor,dns_message,binvec,1,0.2,svm,C=0.01,9200,1023,2075,7866,0.8463598492362626,0.8159645232815964,0.8999315269490364,0.8558935714950228
coaps,eth,,1024,p1,cbor,dns_message,binvec,1,0.2,dt,,8924,1299,1182,8759,0.876958936718905,0.8830397783494953,0.8729335811405654,0.8779575975207832
coaps,eth,,1024,p1,cbor,dns_message,binvec,1,0.2,rf,"n_estimators=250,max_depth=9",9573,650,2348,7593,0.8513191827018449,0.8030366579984901,0.9364178812481659,0.8646134393063584
