protocol,link_layer,link_layer_mode,blocksize,network_setup,data_format,dns_format,vector_type,run,test_size,classifier,classifier_args,true_dns,false_dns,false_data,true_data,accuracy,precision,recall,f1_score
coaps,eth,,64,p1,cbor,dns_message,word2vec,1,0.2,lr,max_iter=5000,19880,5221,3629,33661,0.8581526181660817,0.8456335871368412,0.792000318712402,0.8179386957416169
coaps,eth,,64,p1,cbor,dns_message,word2vec,1,0.2,knn,algorithm=brute,19853,5248,5125,32165,0.833742046128448,0.7948194411081752,0.7909246643560017,0.7928672697138521
coaps,eth,,64,p1,cbor,dns_message,word2vec,1,0.2,svm,C=0.01,19409,5692,4242,33048,0.8407783173855203,0.8206418333262864,0.773236126050755,0.7962340006563833
coaps,eth,,64,p1,cbor,dns_message,word2vec,1,0.2,dt,,21500,3601,3476,33814,0.8865701783911141,0.8608263933376041,0.8565395800964105,0.8586776364398826
coaps,eth,,64,p1,cbor,dns_message,word2vec,1,0.2,rf,"n_estimators=250,max_depth=9",21131,3970,3149,34141,0.8858970043756311,0.8703047775947281,0.8418389705589419,0.8558352402745996
