protocol;link_layer;link_layer_mode;blocksize;network_setup;data_format;dns_format;randiv_pad;vector_type;k;classifier;classifier_args;job_id;fit_time;score_time;accuracy;precision;recall;f1_score;balanced_accuracy;roc_auc
coap;eth;;1024;p1;cbor;dns_cbor;0;binvec;5;dt;;20833657;[42.41875696182251, 72.24122524261475, 71.86446952819824, 67.40198183059692, 72.50348567962646];[1.954780101776123, 1.9389355182647705, 1.9417920112609863, 1.9526097774505615, 1.970287799835205];[0.6223678053345811, 1.0, 1.0, 1.0, 1.0];[1.0, 1.0, 1.0, 1.0, 1.0];[0.24473561066916238, 1.0, 1.0, 1.0, 1.0];[0.39323308270676693, 1.0, 1.0, 1.0, 1.0];[0.6223678053345811, 1.0, 1.0, 1.0, 1.0];[0.6223678053345811, 1.0, 1.0, 1.0, 1.0]
