protocol;link_layer;link_layer_mode;blocksize;network_setup;data_format;dns_format;randiv_pad;vector_type;k;classifier;classifier_args;job_id;fit_time;score_time;accuracy;precision;recall;f1_score;balanced_accuracy;roc_auc
coaps;schc;peer_based;1024;d2;cbor;dns_cbor;0;binvec;5;dt;;20833657;[52.56844520568848, 51.44543147087097, 52.927359104156494, 52.1769232749939, 54.82633924484253];[0.3890841007232666, 0.39851903915405273, 0.40105485916137695, 0.3872096538543701, 0.3976476192474365];[0.6149216410316053, 0.5681534033088128, 0.5833890617276771, 0.5715261826534469, 0.6577451479246929];[0.5120959544622891, 0.43797626483447843, 0.4608018178867067, 0.45419694646309755, 0.5471877131081923];[0.18850557509541271, 0.39354935269026414, 0.4249204864359214, 0.509822263797942, 0.6905519176800748];[0.27557160048134777, 0.41457598391833034, 0.44213436119060134, 0.4804047740775347, 0.6105670614702574];[0.5371914466061942, 0.5363253182852177, 0.5544991866572513, 0.5602771479233166, 0.6637257924111264];[0.5371914466061943, 0.5363253182852177, 0.5544991866572513, 0.5602771479233166, 0.6637257924111263]
