protocol;link_layer;link_layer_mode;blocksize;network_setup;data_format;dns_format;randiv_pad;vector_type;k;classifier;classifier_args;job_id;fit_time;score_time;accuracy;precision;recall;f1_score;balanced_accuracy;roc_auc
coap;eth;;64;p1;cbor;dns_cbor;0;binvec;5;dt;;20833657;[682.8569121360779, 819.1424112319946, 840.8529934883118, 804.2472207546234, 913.9718773365021];[4.899909973144531, 4.901246070861816, 4.894824743270874, 4.904635190963745, 5.024744510650635];[0.9995666397586779, 0.999396689439516, 0.9992097481390844, 0.9993287107848136, 0.999524149417083];[0.9987719424980135, 0.9990599011690973, 0.9987466557400757, 0.9988912991082188, 0.9993490054249548];[1.0, 0.999228506678239, 0.9990115241814937, 0.9992043783301588, 0.9993008173204426];[0.9993855939860493, 0.9991441968106264, 0.9988790724022805, 0.9990478141911845, 0.9993249107917832];[0.9996653850696131, 0.9993583679757623, 0.9991645816062706, 0.9993003796200245, 0.9994732595794282];[0.9996653850696131, 0.9993583679757623, 0.9991645816062705, 0.9993003796200246, 0.9994732595794282]
