protocol,link_layer,link_layer_mode,blocksize,network_setup,data_format,dns_format,vector_type,run,test_size,classifier,classifier_args,true_dns,false_dns,false_data,true_data,accuracy,precision,recall,f1_score
coaps,eth,,64,d1,cbor,dns_message,word2vec,1,0.2,lr,max_iter=5000,19252,5762,4271,33106,0.8391915500633104,0.8184330229987672,0.7696489965619253,0.7932917155984095
coaps,eth,,64,d1,cbor,dns_message,word2vec,1,0.2,knn,algorithm=brute,14820,10194,9921,27456,0.6775977304418906,0.5990056990420759,0.592468217798033,0.5957190232137474
coaps,eth,,64,d1,cbor,dns_message,word2vec,1,0.2,svm,C=0.01,18050,6964,5105,32272,0.8065586382651344,0.7795292593392356,0.7215959062924762,0.749444663580311
coaps,eth,,64,d1,cbor,dns_message,word2vec,1,0.2,dt,,21401,3613,3544,33833,0.8852879421711465,0.8579274403688114,0.8555608859038938,0.8567425288736764
coaps,eth,,64,d1,cbor,dns_message,word2vec,1,0.2,rf,"n_estimators=250,max_depth=9",21317,3697,3164,34213,0.8900322161850267,0.8707569135247744,0.8522027664507875,0.8613799373674108
