protocol,link_layer,link_layer_mode,blocksize,network_setup,data_format,dns_format,vector_type,run,test_size,classifier,classifier_args,true_dns,false_dns,false_data,true_data,accuracy,precision,recall,f1_score
coaps,schc,,64,p1,cbor,dns_cbor,binvec,1,0.2,nb,,7469,9896,9224,33580,0.6822283900347355,0.4474330557718804,0.43011805355600347,0.4386047331023548
coaps,schc,,64,p1,cbor,dns_cbor,binvec,1,0.2,lr,max_iter=5000,8614,8751,3605,39199,0.7946450830161711,0.704967673295687,0.4960552836164699,0.582341806381828
coaps,schc,,64,p1,cbor,dns_cbor,binvec,1,0.2,knn,algorithm=brute,9053,8312,4903,37901,0.780368628363443,0.6486815706506163,0.5213360207313562,0.5780786054085119
coaps,schc,,64,p1,cbor,dns_cbor,binvec,1,0.2,svm,C=0.01,8631,8734,3612,39192,0.7948112815569479,0.7049742710120068,0.49703426432479125,0.5830181032153472
coaps,schc,,64,p1,cbor,dns_cbor,binvec,1,0.2,dt,,8979,8386,9681,33123,0.6997290963785338,0.48118971061093246,0.5170745752951339,0.49848716169326857
coaps,schc,,64,p1,cbor,dns_cbor,binvec,1,0.2,rf,"n_estimators=250,max_depth=9",8736,8629,3656,39148,0.7958250926556865,0.7049709489993544,0.5030809098761877,0.5871559633027523
