protocol,link_layer,link_layer_mode,blocksize,network_setup,data_format,dns_format,vector_type,run,test_size,classifier,classifier_args,true_dns,false_dns,false_data,true_data,accuracy,precision,recall,f1_score
coaps,schc,,1024,d2,cbor,dns_message,binvec,1,0.2,nb,,7125,6664,4230,17813,0.695970082607725,0.6274768824306473,0.5167162230763652,0.5667356029271396
coaps,schc,,1024,d2,cbor,dns_message,binvec,1,0.2,lr,max_iter=5000,12295,1494,1286,20757,0.9224157177941504,0.9053088874162433,0.8916527666980927,0.8984289367921081
coaps,schc,,1024,d2,cbor,dns_message,binvec,1,0.2,knn,algorithm=brute,12478,1311,2325,19718,0.8985264567983925,0.8429372424508546,0.9049242149539488,0.8728315612758814
coaps,schc,,1024,d2,cbor,dns_message,binvec,1,0.2,svm,C=0.01,12251,1538,1308,20735,0.9205737887921411,0.9035327089018365,0.8884618173906738,0.8959338891326605
coaps,schc,,1024,d2,cbor,dns_message,binvec,1,0.2,dt,,12311,1478,1675,20368,0.9120060281312793,0.8802373802373802,0.8928131119007905,0.8864806480648065
coaps,schc,,1024,d2,cbor,dns_message,binvec,1,0.2,rf,"n_estimators=250,max_depth=9",12405,1384,1180,20863,0.9284438490734539,0.9131394920868605,0.8996301399666401,0.906334477971798
