protocol;link_layer;link_layer_mode;blocksize;network_setup;data_format;dns_format;randiv_pad;vector_type;k;classifier;classifier_args;job_id;fit_time;score_time;accuracy;precision;recall;f1_score;balanced_accuracy;roc_auc
coaps;eth;;1024;p1;cbor;dns_cbor;0;binvec;5;dt;;20833657;[286.3693549633026, 293.3145966529846, 279.5615220069885, 278.32411074638367, 278.1267726421356];[3.2888145446777344, 3.1289279460906982, 3.4420576095581055, 3.16991925239563, 3.1989963054656982];[0.6286929703286185, 0.7376369243858343, 0.7363976687795125, 0.7449270430084656, 0.746713744841962];[0.6839321539303301, 0.7535403050108932, 0.7622463426144408, 0.7751493428912783, 0.801633120091538];[0.4785604900459418, 0.7062577104692219, 0.6871144765389033, 0.6900072318883737, 0.6556770323733356];[0.5631053382386065, 0.7291332703836272, 0.7227330693335123, 0.7301044292401873, 0.7213460008424205];[0.628696163685497, 0.7376362569701904, 0.7363976687795125, 0.7449270430084656, 0.746713744841962];[0.628696163685497, 0.7376362569701904, 0.7363976687795125, 0.7449270430084656, 0.746713744841962]
