protocol;link_layer;link_layer_mode;blocksize;network_setup;data_format;dns_format;randiv_pad;vector_type;k;classifier;classifier_args;job_id;fit_time;score_time;accuracy;precision;recall;f1_score;balanced_accuracy;roc_auc
coaps;eth;;64;d1;json;dns_cbor;1;binvec;5;dt;;20833657;[717.6631288528442, 727.5786731243134, 716.1832685470581, 708.5561881065369, 676.0977931022644];[5.5639097690582275, 5.519701719284058, 5.487987041473389, 5.470096826553345, 5.476962327957153];[0.7307325388633449, 0.7590629007538081, 0.7640126990084765, 0.7878155203152857, 0.7377779863000844];[0.5911951314256119, 0.6286796641250845, 0.6521422993025072, 0.7269016580179725, 0.5875068855348683];[0.5503881575775109, 0.6281643280775351, 0.5838275712425864, 0.553873230947272, 0.6428623092316224];[0.5700623025732586, 0.6284218904512675, 0.6160969838826628, 0.6286996620188557, 0.6139393520757063];[0.683846255720913, 0.7250316351403114, 0.7171678189060189, 0.7269927451853492, 0.7131008110093904];[0.683846255720913, 0.7250316351403114, 0.7171678189060189, 0.7269927451853492, 0.7131008110093904]
