protocol;link_layer;link_layer_mode;blocksize;network_setup;data_format;dns_format;randiv_pad;vector_type;k;classifier;classifier_args;job_id;fit_time;score_time;accuracy;precision;recall;f1_score;balanced_accuracy;roc_auc
coaps;schc;peer_based;64;d2;cbor;dns_message;0;binvec;5;dt;;20833657;[134.27135396003723, 134.58053851127625, 135.89810013771057, 135.17958521842957, 134.4769377708435];[1.0938541889190674, 1.052656650543213, 1.0560460090637207, 1.093733549118042, 1.078598976135254];[0.7484321630550422, 0.6548634782426105, 0.8169887520910472, 0.8176886841976329, 0.8279146922748494];[0.7097721772511058, 0.632256759490257, 0.7812017001545595, 0.7813182577412309, 0.7915255320508724];[0.6962458455442951, 0.460567461811752, 0.7944137919743284, 0.7964766941174545, 0.8110940109368349];[0.702943947633767, 0.5329253968855379, 0.7877523520387041, 0.7888246596888352, 0.8011903029126841];[0.7418240952441195, 0.6302617238636226, 0.8141303114801219, 0.8150028228020763, 0.8257846786189316];[0.7418240952441195, 0.6302617238636226, 0.8141303114801219, 0.8150028228020761, 0.8257846786189315]
