protocol;link_layer;link_layer_mode;blocksize;network_setup;data_format;dns_format;randiv_pad;vector_type;k;classifier;classifier_args;job_id;fit_time;score_time;accuracy;precision;recall;f1_score;balanced_accuracy;roc_auc
coaps;schc;;64;p2;cbor;dns_cbor;0;binvec;5;dt;;20833657;[110.66613459587097, 109.87944221496582, 118.45708465576172, 118.78280901908875, 119.07468461990356];[0.7608680725097656, 0.7672357559204102, 0.8109664916992188, 0.7799372673034668, 0.8128230571746826];[0.6531138164750742, 0.6669763383877144, 0.6475720390671073, 0.6670167303513292, 0.6359957022950714];[0.4842830361424772, 0.5032458301743745, 0.4750170151845854, 0.5033193237176425, 0.4669695845697329];[0.535351101257892, 0.5118559930599065, 0.4877461021278647, 0.5079162349085476, 0.6067667542231968];[0.5085382044590945, 0.507514395622775, 0.48129741041067226, 0.5056073309104866, 0.5277675885848434];[0.6239260822917442, 0.6285294377918473, 0.6079573869492161, 0.6275818870496074, 0.6287509794934187];[0.6239260822917442, 0.6285294377918473, 0.6079573869492161, 0.6275818870496074, 0.6287509794934187]
