protocol;link_layer;link_layer_mode;blocksize;network_setup;data_format;dns_format;randiv_pad;vector_type;k;classifier;classifier_args;job_id;fit_time;score_time;accuracy;precision;recall;f1_score;balanced_accuracy;roc_auc
coaps;eth;;64;d2;cbor;dns_message;0;binvec;5;knn;algorithm=brute;895868;[121.4409613609314, 38.3358952999115, 121.30537533760071, 42.39852499961853, 122.47188258171082];[238.98666882514954, 245.148446559906, 224.45670533180237, 227.09275031089783, 223.94308042526245];[0.9283621255193527, 0.988118667541366, 0.9841679422698447, 0.985297655059808, 0.9815509989867992];[0.9449412010298518, 0.9891057124962916, 0.9738003931552318, 0.9937863232116837, 0.9671371257772166];[0.8907382506313338, 0.9841100652651602, 0.9910465383227838, 0.9730084287166705, 0.9922108163064511];[0.9170394881231746, 0.9866015650687183, 0.9823477780306232, 0.983287623561385, 0.9795135375774009];[0.924603588889045, 0.9877182176000376, 0.9848550978407956, 0.9840700547666967, 0.9826158337046841];[0.9626493476152185, 0.998192450967985, 0.9978012098946769, 0.9971629896094234, 0.9971030233533069]
coaps;eth;;64;d2;cbor;dns_message;0;binvec;5;dt;;20833657;[447.63403153419495, 395.0536530017853, 390.48072123527527, 392.6825475692749, 360.0884053707123];[7.195556402206421, 7.112703800201416, 7.08689022064209, 7.096325397491455, 7.149084568023682];[1.0, 1.0, 1.0, 1.0, 1.0];[1.0, 1.0, 1.0, 1.0, 1.0];[1.0, 1.0, 1.0, 1.0, 1.0];[1.0, 1.0, 1.0, 1.0, 1.0];[1.0, 1.0, 1.0, 1.0, 1.0];[1.0, 1.0, 1.0, 1.0, 1.0]
