protocol;link_layer;link_layer_mode;blocksize;network_setup;data_format;dns_format;randiv_pad;vector_type;k;classifier;classifier_args;job_id;fit_time;score_time;accuracy;precision;recall;f1_score;balanced_accuracy;roc_auc
coaps;schc;;64;p1;json;dns_cbor;1;binvec;5;dt;;20833657;[123.5896532535553, 124.6161527633667, 123.39330244064331, 126.66146516799927, 115.25848388671875];[0.8159689903259277, 0.7831771373748779, 0.7402310371398926, 0.8056309223175049, 0.817779541015625];[0.61865864144454, 0.6445207104100572, 0.6739852343819491, 0.6858303436415928, 0.6101833114664176];[0.3950335740529583, 0.4206955880545656, 0.45010470360824745, 0.4849387280071199, 0.3980389631891683];[0.45075173477255204, 0.4123939861218196, 0.26929934464148036, 0.3413405936777178, 0.5213232459521974];[0.42105736985438097, 0.41650342503254695, 0.3369814278822962, 0.40066178342147685, 0.4514150402136382];[0.5720098445178764, 0.5800300194837611, 0.5615532310548415, 0.5901223545665794, 0.5854959430728837];[0.5720098445178764, 0.580030019483761, 0.5615532310548416, 0.5901223545665792, 0.5854959430728837]
