protocol;link_layer;link_layer_mode;blocksize;network_setup;data_format;dns_format;randiv_pad;vector_type;k;classifier;classifier_args;job_id;fit_time;score_time;accuracy;precision;recall;f1_score;balanced_accuracy;roc_auc
coap;eth;;1024;p2;json;dns_message;0;binvec;5;dt;;20833657;[98.28046727180481, 206.94732427597046, 207.48102593421936, 204.97715592384338, 205.93532299995422];[2.642561674118042, 2.622964382171631, 2.704139232635498, 2.7563669681549072, 2.737942934036255];[0.7634797405083484, 1.0, 1.0, 1.0, 1.0];[0.7635071896537055, 1.0, 1.0, 1.0, 1.0];[0.7634422324315127, 1.0, 1.0, 1.0, 1.0];[0.7634747096609521, 1.0, 1.0, 1.0, 1.0];[0.7634797413061549, 1.0, 1.0, 1.0, 1.0];[0.7634797413061549, 1.0, 1.0, 1.0, 1.0]
