protocol;link_layer;link_layer_mode;blocksize;network_setup;data_format;dns_format;randiv_pad;vector_type;k;classifier;classifier_args;job_id;fit_time;score_time;accuracy;precision;recall;f1_score;balanced_accuracy;roc_auc
coap;eth;;1024;p2;cbor;dns_cbor;0;binvec;5;dt;;20833657;[87.25119280815125, 72.1690948009491, 87.00885438919067, 82.46801447868347, 86.63391828536987];[1.9366576671600342, 1.9618902206420898, 1.9478330612182617, 1.9778993129730225, 1.9813957214355469];[1.0, 0.9999574594801548, 1.0, 1.0, 1.0];[1.0, 1.0, 1.0, 1.0, 1.0];[1.0, 0.9999149189603097, 1.0, 1.0, 1.0];[1.0, 0.999957457670382, 1.0, 1.0, 1.0];[1.0, 0.9999574594801548, 1.0, 1.0, 1.0];[1.0, 0.9999574594801548, 1.0, 1.0, 1.0]
