protocol,link_layer,link_layer_mode,blocksize,network_setup,data_format,dns_format,vector_type,run,test_size,classifier,classifier_args,true_dns,false_dns,false_data,true_data,accuracy,precision,recall,f1_score
coaps,schc,min_rules,1024,d2,cbor,dns_message,binvec,1,0.2,nb,,7223,6580,3854,18100,0.7081969963923148,0.6520718606120791,0.5232920379627617,0.5806270096463022
coaps,schc,min_rules,1024,d2,cbor,dns_message,binvec,1,0.2,lr,max_iter=5000,12211,1592,1223,20731,0.9212741561092933,0.9089623343754653,0.8846627544736652,0.8966479421375335
coaps,schc,min_rules,1024,d2,cbor,dns_message,binvec,1,0.2,knn,algorithm=brute,12077,1726,2986,18968,0.8682216069580782,0.8017659164841001,0.8749547199884083,0.836762973740733
coaps,schc,min_rules,1024,d2,cbor,dns_message,binvec,1,0.2,svm,C=0.01,12178,1625,1287,20667,0.9185614005649243,0.9044188637207575,0.8822719698616243,0.8932081560803873
coaps,schc,min_rules,1024,d2,cbor,dns_message,binvec,1,0.2,dt,,12306,1497,1620,20334,0.9128282574041446,0.8836708315381301,0.891545316235601,0.8875906091095964
coaps,schc,min_rules,1024,d2,cbor,dns_message,binvec,1,0.2,rf,"n_estimators=250,max_depth=9",12149,1654,1674,20280,0.9069273149313422,0.8788974896910946,0.8801709773237701,0.8795337725331209
