protocol,link_layer,link_layer_mode,blocksize,network_setup,data_format,dns_format,vector_type,run,test_size,classifier,classifier_args,true_dns,false_dns,false_data,true_data,accuracy,precision,recall,f1_score
coaps,eth,,1024,p2,cbor,dns_message,binvec,1,0.2,nb,,9017,1051,4122,5974,0.7434536798254314,0.6862774944820763,0.8956098529996027,0.7770931184556383
coaps,eth,,1024,p2,cbor,dns_message,binvec,1,0.2,lr,max_iter=5000,8977,1091,2034,8062,0.8450208292005554,0.8152756334574517,0.8916368692888359,0.8517481853977893
coaps,eth,,1024,p2,cbor,dns_message,binvec,1,0.2,knn,algorithm=brute,9122,946,1825,8271,0.8625768696687165,0.8332876587192838,0.9060389352403655,0.8681418034737093
coaps,eth,,1024,p2,cbor,dns_message,binvec,1,0.2,svm,C=0.01,9139,929,2035,8061,0.8530053560801428,0.8178807947019867,0.9077274533174414,0.8604651162790697
coaps,eth,,1024,p2,cbor,dns_message,binvec,1,0.2,dt,,8682,1386,1258,8838,0.868875223170006,0.8734406438631791,0.8623361144219309,0.8678528588564575
coaps,eth,,1024,p2,cbor,dns_message,binvec,1,0.2,rf,"n_estimators=250,max_depth=9",9547,521,2419,7677,0.8541955961118826,0.7978438910245697,0.9482518871672626,0.866569846600708
