protocol;link_layer;link_layer_mode;blocksize;network_setup;data_format;dns_format;randiv_pad;vector_type;k;classifier;classifier_args;job_id;fit_time;score_time;accuracy;precision;recall;f1_score;balanced_accuracy;roc_auc
coaps;eth;;64;d1;cbor;dns_message;0;binvec;5;dt;;20833657;[871.5692667961121, 2179.4239509105682, 2137.2967710494995, 2197.2612493038177, 2174.1536388397217];[5.8175764083862305, 16.147121906280518, 13.743240594863892, 16.524261474609375, 15.00636887550354];[0.7431499610027043, 0.8458039638746546, 0.8545874669251908, 0.8162024652122255, 0.8429673149255037];[0.7287265232146982, 0.8227134245154599, 0.8212378849797235, 0.8286743489367959, 0.7809245672768715];[0.6725263192417434, 0.8325079531665082, 0.8600898625824014, 0.7393821127545833, 0.8989045947984651];[0.6994994073050715, 0.827581710000815, 0.8402149796954721, 0.7814858786928149, 0.8357715148234828];[0.7360951960479716, 0.8444757934767153, 0.8551371144239838, 0.8085286959642062, 0.8485547302785335];[0.7360951960479716, 0.8444757934767152, 0.8551371144239838, 0.8085286959642062, 0.8485547302785333]
