protocol;link_layer;link_layer_mode;blocksize;network_setup;data_format;dns_format;randiv_pad;vector_type;k;classifier;classifier_args;job_id;fit_time;score_time;accuracy;precision;recall;f1_score;balanced_accuracy;roc_auc
coap;eth;;1024;p1;json;dns_cbor;0;binvec;5;dt;;20833657;[64.05693173408508, 149.62104511260986, 147.93448305130005, 150.1815311908722, 147.92173314094543];[2.255798816680908, 2.2565886974334717, 2.3109941482543945, 2.385481595993042, 2.326139450073242];[0.7465915133468042, 1.0, 0.9999787297400774, 1.0, 1.0];[0.6636553554288296, 1.0, 0.9999574612897737, 1.0, 1.0];[1.0, 1.0, 1.0, 1.0, 1.0];[0.7978279314440863, 1.0, 0.9999787301924917, 1.0, 1.0];[0.7465861232824265, 1.0, 0.9999787297400774, 1.0, 1.0];[0.7465861232824265, 1.0, 0.9999787297400774, 1.0, 1.0]
