protocol,link_layer,blocksize,network_setup,data_format,dns_format,test_size,classifier,classifier_args,true_dns,false_dns,false_data,true_data,accuracy,precision,recall,f1_score
coaps,eth,1024,p2,cbor,dns_cbor,0.2,nb,,23686,568,19080,5790,0.6000325706375702,0.5538511901978207,0.9765811824853632,0.7068337809609072
coaps,eth,1024,p2,cbor,dns_cbor,0.2,lr,max_iter=2800,20887,3278,5160,19799,0.8282306001139972,0.80189657158214,0.8643492654665839,0.8319525213096471
coaps,eth,1024,p2,cbor,dns_cbor,0.2,knn,"algorithm=brute,n_jobs=-1",19695,4559,5845,19025,0.7882094291995766,0.7711433046202036,0.8120310051950194,0.7910591637546692
coaps,eth,1024,p2,cbor,dns_cbor,0.2,dt,,19284,4970,4547,20323,0.8062657764025731,0.8091981033108137,0.7950853467469283,0.802079650618696
coaps,eth,1024,p2,cbor,dns_cbor,0.2,rf,"n_estimators=250,max_depth=9",22680,1574,4869,20001,0.8688421138343783,0.8232603724273113,0.9351034880844397,0.8756249638051851
