protocol,link_layer,blocksize,network_setup,data_format,dns_format,test_size,classifier,classifier_args,true_dns,false_dns,false_data,true_data,accuracy,precision,recall,f1_score
coaps,schc,1024,p1,json,dns_message,0.2,nb,,16587,17036,16087,38241,0.6233925708633217,0.5076513435759319,0.49332302293073194,0.500384632788814
coaps,schc,1024,p1,json,dns_message,0.2,lr,max_iter=5000,26222,7401,10812,43516,0.792918784323089,0.7080520602689421,0.7798828183088957,0.7422336074274312
coaps,schc,1024,p1,json,dns_message,0.2,knn,algorithm=brute,25062,8561,9587,44741,0.7936578322020216,0.7233109180640134,0.7453826249888469,0.7341809233653621
coaps,schc,1024,p1,json,dns_message,0.2,svm,C=0.01,26904,6719,11688,42640,0.7907130106536594,0.697139303482587,0.8001665526574071,0.7451083569895451
coaps,schc,1024,p1,json,dns_message,0.2,dt,,23266,10357,10449,43879,0.7634364589373629,0.6900786000296604,0.6919668084347025,0.6910214143574208
coaps,schc,1024,p1,json,dns_message,0.2,rf,"n_estimators=250,max_depth=9",30274,3349,13303,41025,0.8106673033848393,0.6947242811574913,0.9003955625613419,0.784300518134715
