protocol;link_layer;link_layer_mode;blocksize;network_setup;data_format;dns_format;randiv_pad;vector_type;k;classifier;classifier_args;job_id;fit_time;score_time;accuracy;precision;recall;f1_score;balanced_accuracy;roc_auc
coap;eth;;64;p1;json;dns_cbor;0;binvec;5;dt;;20833657;[447.3044636249542, 697.6510863304138, 598.2121407985687, 589.8802049160004, 576.0794680118561];[6.709836721420288, 6.595582723617554, 6.363334894180298, 6.701167821884155, 6.296664714813232];[0.7568440395667982, 0.9999921804134997, 1.0, 0.9999921804134997, 1.0];[0.5840974629815637, 0.9999758914149328, 1.0, 1.0, 1.0];[0.8692318819615218, 1.0, 1.0, 0.9999758902524291, 1.0];[0.6986938490756173, 0.9999879455621588, 1.0, 0.9999879449808928, 1.0];[0.7860631616920459, 0.9999942133648126, 1.0, 0.9999879451262146, 1.0];[0.7860631616920458, 0.9999942133648126, 1.0, 0.9999879451262146, 1.0]
