protocol;link_layer;link_layer_mode;blocksize;network_setup;data_format;dns_format;randiv_pad;vector_type;k;classifier;classifier_args;job_id;fit_time;score_time;accuracy;precision;recall;f1_score;balanced_accuracy;roc_auc
coaps;schc;;1024;d2;cbor;dns_cbor;1;binvec;5;dt;;20833657;[31.609986543655396, 31.145610094070435, 31.987102031707764, 31.788146018981934, 34.550485610961914];[0.3320035934448242, 0.33054161071777344, 0.33596301078796387, 0.3640751838684082, 0.38840484619140625];[0.9337444908289575, 0.9315190039127842, 0.9303698962894006, 0.9261080161165981, 0.9251480021527586];[0.9110031161893456, 0.9051143267425162, 0.8952054794520548, 0.895668715247293, 0.8925658948594728];[0.9192902332197807, 0.9202261071388462, 0.9296222812862651, 0.9165917939502846, 0.91782719377059];[0.9151279136931935, 0.9126076626076626, 0.9120893247387656, 0.9060094730609828, 0.9050203026947213];[0.9311100514276656, 0.9294607555391634, 0.9302336356474146, 0.9243734001271274, 0.9238135659601576];[0.9311100514276656, 0.9294607555391634, 0.9302336356474146, 0.9243734001271274, 0.9238135659601576]
