protocol;link_layer;link_layer_mode;blocksize;network_setup;data_format;dns_format;randiv_pad;vector_type;k;classifier;classifier_args;job_id;fit_time;score_time;accuracy;precision;recall;f1_score;balanced_accuracy;roc_auc
coaps;eth;;64;p2;cbor;dns_cbor;0;binvec;5;knn;algorithm=brute;931197;[19.141070127487183, 18.664106130599976, 35.86438274383545, 43.15474581718445, 17.197393655776978];[142.13225984573364, 164.26293802261353, 172.9538848400116, 135.91163182258606, 138.2266490459442];[0.7702340995029103, 0.777686196201725, 0.7959875599061894, 0.7932769110499304, 0.7941861255565752];[0.68624871001032, 0.6989943088797068, 0.738159509202454, 0.7333260769000517, 0.732535575679172];[0.6412797145474709, 0.6484883552726747, 0.6526833502097498, 0.649733587289341, 0.6553029389782289];[0.6630025673620977, 0.6727948073387611, 0.6927949023070131, 0.6890036560734283, 0.6917702752573778];[0.7408505990691086, 0.7482472219760962, 0.7633348252505328, 0.7605682383938406, 0.7625393406820495];[0.8178912248691759, 0.8254765651883393, 0.8438259584979877, 0.8417848151995886, 0.8444032957048923]
coaps;eth;;64;p2;cbor;dns_cbor;0;binvec;5;dt;;20833657;[528.5693206787109, 521.8676834106445, 507.0384805202484, 510.36965584754944, 504.02233362197876];[6.046918869018555, 4.896360158920288, 6.634178161621094, 8.589820623397827, 6.0701093673706055];[0.7033606661851552, 0.7115350299528402, 0.7201488732537983, 0.71360592773869, 0.6950137656775772];[0.5738342551373713, 0.5887636740852509, 0.6096734442390634, 0.5964415990471228, 0.5539352969579913];[0.6153382516032596, 0.6020782101354936, 0.5725444814118328, 0.5795018926151844, 0.6914675603346433];[0.5938619758946437, 0.5953465086895368, 0.5905259231629989, 0.5878497358638232, 0.6151074507785356];[0.6833039100078051, 0.6865942377983358, 0.6865163159755803, 0.6830481499765465, 0.6942057053185544];[0.683303910007805, 0.6865942377983358, 0.6865163159755803, 0.6830481499765465, 0.6942057053185545]
