protocol;link_layer;link_layer_mode;blocksize;network_setup;data_format;dns_format;randiv_pad;vector_type;k;classifier;classifier_args;job_id;fit_time;score_time;accuracy;precision;recall;f1_score;balanced_accuracy;roc_auc
coaps;schc;peer_based;64;d2;cbor;dns_cbor;1;binvec;5;dt;;20833657;[83.9343957901001, 91.34222269058228, 94.11240196228027, 84.79355883598328, 90.58416295051575];[0.6677320003509521, 0.6648838520050049, 0.6679823398590088, 0.6916618347167969, 0.6353380680084229];[0.5650445744137187, 0.7865944174501326, 0.8915928485674421, 0.6943930692105519, 0.8865391479282261];[0.4173289529288275, 0.6977210574293528, 0.9940628842438082, 0.5387049017420755, 0.9969643308879332];[0.7378467619483744, 0.6456580945265238, 0.681979224410113, 0.6402111301246053, 0.6649072065557966];[0.5331220395653385, 0.6706807200260371, 0.8089656355423409, 0.5850881057268722, 0.7977617443356805];[0.6076133768169965, 0.751875583345232, 0.8399564154085779, 0.6810458352830033, 0.8319400679540042];[0.6076133768169966, 0.751875583345232, 0.8399564154085779, 0.6810458352830033, 0.8319400679540042]
