protocol,link_layer,blocksize,network_setup,data_format,dns_format,test_size,classifier,classifier_args,true_data,false_data,false_dns,true_dns,accuracy,precision,recall,f1_score
coaps,eth,1024,p1,json,dns_message,0.2,nb,,23012,1099,14433,10795,0.6851983218143862,0.9076004708256263,0.4278975741239892,0.5815958191907764
coaps,eth,1024,p1,json,dns_message,0.2,knn,"algorithm=brute,n_jobs=-1",21469,2642,6380,18848,0.817142625509232,0.877059097254537,0.7471063897257016,0.8068838563294661
coaps,eth,1024,p1,json,dns_message,0.2,dt,,19631,4480,4133,21095,0.825432213867326,0.8248289345063539,0.8361740922784208,0.8304627679467748
coaps,eth,1024,p1,json,dns_message,0.2,rf,"n_estimators=250,max_depth=9",22874,1237,4645,20583,0.8807839640041346,0.9433088909257562,0.8158791818614238,0.8749787451113756
coaps,eth,1024,p1,json,dns_message,0.2,lr,max_iter=2400,21746,2161,4636,20796,0.8622387968949513,0.9058674913969595,0.8177099716892104,0.8595341916551282
