protocol;link_layer;link_layer_mode;blocksize;network_setup;data_format;dns_format;randiv_pad;vector_type;k;classifier;classifier_args;job_id;fit_time;score_time;accuracy;precision;recall;f1_score;balanced_accuracy;roc_auc
coaps;eth;;64;p1;cbor;dns_message;1;binvec;5;dt;;20833657;[1047.0891754627228, 1457.8390493392944, 1307.060344696045, 1199.1471519470215, 1329.3728892803192];[7.381566047668457, 7.31152606010437, 7.495006561279297, 7.516109943389893, 7.279432535171509];[0.8793570959982506, 0.9068445221954953, 0.9166186793401804, 0.8849033085743025, 0.9051673239108092];[0.899710322244013, 0.8948523870375832, 0.9029393106364982, 0.8517872711421098, 0.8678270203956449];[0.8199960644124495, 0.8956741333508248, 0.9102686038503165, 0.8971827752451543, 0.9279951461086878];[0.8580056794296549, 0.895263071627602, 0.906589144121706, 0.8738958902359161, 0.8969031317357677];[0.8734270685278708, 0.9057286266166259, 0.9159843550698825, 0.8861299339503423, 0.9074476498189457];[0.8734270685278708, 0.9057286266166258, 0.9159843550698824, 0.8861299339503422, 0.9074476498189457]
