protocol;link_layer;link_layer_mode;blocksize;network_setup;data_format;dns_format;randiv_pad;vector_type;k;classifier;classifier_args;job_id;fit_time;score_time;accuracy;precision;recall;f1_score;balanced_accuracy;roc_auc
coaps;schc;min_rules;64;d2;json;dns_cbor;0;binvec;5;dt;;20833657;[21.539754152297974, 21.211233854293823, 22.00374960899353, 20.426795482635498, 21.77216410636902];[0.7846853733062744, 0.7374224662780762, 0.7168381214141846, 0.6432743072509766, 0.7368099689483643];[0.9996726555815943, 0.9997619313320686, 0.9997098538109586, 0.9996949745192129, 0.9996577737438065];[0.9992531740104555, 0.9994699178372648, 0.9992532639591463, 0.9994938783379929, 0.9991328644378071];[0.9996866790388277, 0.9997589838760214, 0.9998071871008171, 0.9995179677520426, 0.9997589780670041];[0.9994698795180723, 0.9996144299587922, 0.9995301487862177, 0.9995059228998711, 0.9994458231935041];[0.9996765365406355, 0.9997611156304905, 0.9997367905716301, 0.9996459883097522, 0.999685782348469];[0.9996765365406355, 0.9997611156304905, 0.9997367905716302, 0.999645988309752, 0.9996857823484692]
