protocol;link_layer;link_layer_mode;blocksize;network_setup;data_format;dns_format;randiv_pad;vector_type;k;classifier;classifier_args;job_id;fit_time;score_time;accuracy;precision;recall;f1_score;balanced_accuracy;roc_auc
coaps;schc;;64;p2;json;dns_cbor;1;binvec;5;dt;;20833657;[123.06884503364563, 126.32174801826477, 127.84353637695312, 124.97826147079468, 121.85004234313965];[0.8114454746246338, 0.8985352516174316, 0.9409027099609375, 0.7654573917388916, 0.8239827156066895];[0.6654239273034532, 0.6627605324794688, 0.6999614574994811, 0.6721070888552877, 0.6560748910433158];[0.4614456300813008, 0.4458255477022233, 0.5196947984042759, 0.4492614120173263, 0.44784754126254894];[0.5252060340257362, 0.39671791411634294, 0.32334867580788973, 0.2924307781285394, 0.5074101742294623];[0.4912656373267215, 0.41984061204972906, 0.39865708004040645, 0.35426519530565775, 0.4757719205088518];[0.6264583355240917, 0.5888297442726269, 0.5953013302716645, 0.5665956115029599, 0.6147611891924669];[0.6264583355240918, 0.5888297442726269, 0.5953013302716645, 0.5665956115029599, 0.6147611891924669]
