protocol;link_layer;link_layer_mode;blocksize;network_setup;data_format;dns_format;randiv_pad;vector_type;k;classifier;classifier_args;job_id;fit_time;score_time;accuracy;precision;recall;f1_score;balanced_accuracy;roc_auc
coaps;schc;;1024;p1;json;dns_cbor;0;binvec;5;dt;;20833657;[59.168938875198364, 56.489755153656006, 59.45136475563049, 60.49631094932556, 61.228676557540894];[0.4033350944519043, 0.43126702308654785, 0.4754905700683594, 0.49266505241394043, 0.4652285575866699];[0.7121933711572176, 0.68198948109496, 0.715603042475946, 0.7352429596907786, 0.705287134180011];[0.6081105923011876, 0.5692584674243276, 0.6161838313362658, 0.6415794802564968, 0.5990500036821562];[0.6187803965581743, 0.5677890011223344, 0.607931163486719, 0.6400673400673401, 0.6086647461558606];[0.6133990988151088, 0.568522784739001, 0.6120296787314978, 0.6408225181189955, 0.6038191029376287];[0.6927990057871267, 0.658279221963018, 0.693248248935064, 0.7154832434311761, 0.6852253747624264];[0.6927990057871268, 0.658279221963018, 0.693248248935064, 0.7154832434311761, 0.6852253747624264]
