protocol;link_layer;link_layer_mode;blocksize;network_setup;data_format;dns_format;randiv_pad;vector_type;k;classifier;classifier_args;job_id;fit_time;score_time;accuracy;precision;recall;f1_score;balanced_accuracy;roc_auc
coaps;schc;;64;p1;cbor;dns_cbor;0;binvec;5;dt;;20833657;[114.50576424598694, 109.50813913345337, 106.43007373809814, 112.54715919494629, 109.86256170272827];[0.764606237411499, 0.7366437911987305, 0.7222583293914795, 0.7211956977844238, 0.7273569107055664];[0.629383396208125, 0.6600964528923751, 0.6411289996849528, 0.659641328055578, 0.6193634380806204];[0.45416631737781876, 0.4933679621556442, 0.46735533494320725, 0.4929507902298851, 0.452451520027098];[0.5221298638718227, 0.5126129382002168, 0.5036019756655825, 0.5290446934104325, 0.643672898997687];[0.4857824951524865, 0.5028063666119179, 0.48480209674239527, 0.5103603760648003, 0.5313827089279853];[0.6028059328352138, 0.6235499856156761, 0.6070497543301299, 0.6272798359195324, 0.6253874788355471];[0.6028059328352137, 0.6235499856156761, 0.6070497543301298, 0.6272798359195323, 0.6253874788355471]
