protocol,link_layer,link_layer_mode,blocksize,network_setup,data_format,dns_format,vector_type,run,test_size,classifier,classifier_args,true_dns,false_dns,false_data,true_data,accuracy,precision,recall,f1_score
coaps,schc,,1024,p1,json,dns_cbor,binvec,1,0.2,nb,,9007,2452,4735,19691,0.7997213320328829,0.6554358899723476,0.7860197224888734,0.7148129042498313
coaps,schc,,1024,p1,json,dns_cbor,binvec,1,0.2,lr,max_iter=5000,8452,3007,2880,21546,0.8359481677581162,0.7458524532297918,0.7375861768042586,0.7416962836207275
coaps,schc,,1024,p1,json,dns_cbor,binvec,1,0.2,knn,algorithm=brute,8678,2781,2985,21441,0.839320050160234,0.7440624196175941,0.7573086656776333,0.7506271083816279
coaps,schc,,1024,p1,json,dns_cbor,binvec,1,0.2,svm,C=0.01,8428,3031,2832,21594,0.8366169708791974,0.7484902309058614,0.7354917532070862,0.7419340639992957
coaps,schc,,1024,p1,json,dns_cbor,binvec,1,0.2,dt,,9739,1720,1801,22625,0.901881008778041,0.8439341421143848,0.8498996422026355,0.8469063872342276
coaps,schc,,1024,p1,json,dns_cbor,binvec,1,0.2,rf,"n_estimators=250,max_depth=9",8735,2724,2737,21689,0.8478194231573081,0.7614191073919108,0.762282921720918,0.7618507697004056
