protocol;link_layer;link_layer_mode;blocksize;network_setup;data_format;dns_format;randiv_pad;vector_type;k;classifier;classifier_args;job_id;fit_time;score_time;accuracy;precision;recall;f1_score;balanced_accuracy;roc_auc
coaps;schc;;64;d1;json;dns_message;1;binvec;5;dt;;20833657;[104.94709181785583, 106.54624009132385, 106.56104040145874, 107.02165627479553, 106.76839423179626];[0.7986297607421875, 0.7557926177978516, 0.7498044967651367, 0.7556960582733154, 0.7484581470489502];[0.6339506533465755, 0.7395701479360999, 0.7488120894243502, 0.7924986368239296, 0.6695401552722458];[0.5447511935538656, 0.6444808096921025, 0.6456361724500526, 0.7526900351740509, 0.5524956617277105];[0.4722085909641116, 0.7666235911864296, 0.8135376964977998, 0.7105818461387466, 0.88016292346196];[0.5058925582903256, 0.7002659653946149, 0.7199270432239947, 0.7310300725308382, 0.678858454977858];[0.6062869276670771, 0.7441975037292459, 0.7598828507672224, 0.7784874706000182, 0.705565377829948];[0.6062869276670771, 0.7441975037292458, 0.7598828507672223, 0.7784874706000182, 0.705565377829948]
