protocol,link_layer,blocksize,network_setup,data_format,dns_format,test_size,classifier,classifier_args,true_data,false_data,false_dns,true_dns,accuracy,precision,recall,f1_score
coaps,eth,1024,d1,cbor,dns_message,0.2,nb,,11681,13385,1079,22979,0.7055614363651168,0.6319161808381916,0.9551500540360794,0.7606169938102015
coaps,eth,1024,d1,cbor,dns_message,0.2,lr,max_iter=2600,20623,4443,1943,22115,0.8700024427978178,0.8327057760373522,0.9192368442929587,0.8738343606764659
coaps,eth,1024,d1,cbor,dns_message,0.2,knn,"algorithm=brute,n_jobs=-1",20239,4827,4221,19837,0.8158130445403469,0.8042896529354525,0.824549006567462,0.8142933377119166
coaps,eth,1024,d1,cbor,dns_message,0.2,dt,,21235,3831,4308,19750,0.8343172380099341,0.8375386964081252,0.8209327458641617,0.829152585066857
coaps,eth,1024,d1,cbor,dns_message,0.2,rf,"n_estimators=250,max_depth=9",20477,4589,1042,23016,0.8853717124012702,0.8337619996377468,0.9566880039903566,0.8910051681087044
