protocol,link_layer,blocksize,network_setup,data_format,dns_format,test_size,classifier,classifier_args,true_dns,false_dns,false_data,true_data,accuracy,precision,recall,f1_score
coaps,eth,1024,p1,json,dns_message,0.2,nb,,23072,1097,14584,10586,0.6821783984272077,0.6127044826853623,0.9546112789110017,0.7463647391831784
coaps,eth,1024,p1,json,dns_message,0.2,lr,max_iter=2800,22333,1936,4492,20578,0.8697176675652121,0.8325442684063373,0.920227450657217,0.8741926645007242
coaps,eth,1024,p1,json,dns_message,0.2,knn,"algorithm=brute,n_jobs=-1",21517,2652,5413,19757,0.8365390461906402,0.7989974006683995,0.8902726633290579,0.8421691226834185
coaps,eth,1024,p1,json,dns_message,0.2,dt,,19758,4411,4201,20969,0.8254524818095219,0.8246587921031763,0.8174934833878108,0.821060505319149
coaps,eth,1024,p1,json,dns_message,0.2,rf,"n_estimators=250,max_depth=9",22949,1220,4701,20469,0.8799935142584974,0.8299819168173599,0.9495221151061277,0.8857368918736371
