protocol,link_layer,link_layer_mode,blocksize,network_setup,data_format,dns_format,vector_type,run,test_size,classifier,classifier_args,true_dns,false_dns,false_data,true_data,accuracy,precision,recall,f1_score
coaps,eth,,64,p2,cbor,dns_cbor,word2vec,1,0.2,nb,,9372,7818,14087,23367,0.599132567161994,0.3995055202694062,0.5452006980802793,0.46111835469507245
coaps,eth,,64,p2,cbor,dns_cbor,word2vec,1,0.2,lr,max_iter=5000,8781,8409,3872,33582,0.7752543737647317,0.6939856160594325,0.5108202443280977,0.5884797104848708
coaps,eth,,64,p2,cbor,dns_cbor,word2vec,1,0.2,knn,algorithm=brute,10003,7187,5514,31940,0.7675682600102481,0.6446478056325321,0.5819080860965677,0.6116733420980218
coaps,eth,,64,p2,cbor,dns_cbor,word2vec,1,0.2,svm,C=0.01,8852,8338,4550,32904,0.7641461093624186,0.6604984330696911,0.5149505526468877,0.578713389121339
coaps,eth,,64,p2,cbor,dns_cbor,word2vec,1,0.2,dt,,10653,6537,6990,30464,0.7524522362930971,0.6038088760414896,0.6197207678883071,0.6116613556110585
coaps,eth,,64,p2,cbor,dns_cbor,word2vec,1,0.2,rf,"n_estimators=250,max_depth=9",10759,6431,3349,34105,0.821023351145597,0.7626169549191948,0.6258871436881908,0.6875199693271136
