protocol,link_layer,blocksize,network_setup,data_format,dns_format,test_size,classifier,classifier_args,true_dns,false_dns,false_data,true_data,accuracy,precision,recall,f1_score
coaps,eth,1024,p1,cbor,dns_cbor,0.2,nb,,20310,3778,16007,9029,0.5972437097956192,0.5592422281576122,0.8431584191298572,0.672460888999255
coaps,eth,1024,p1,cbor,dns_cbor,0.2,lr,max_iter=2800,21167,3059,5098,19800,0.8339508183372689,0.8059013896820865,0.8737307025509783,0.8384464558040047
coaps,eth,1024,p1,cbor,dns_cbor,0.2,knn,"algorithm=brute,n_jobs=-1",20682,3406,6397,18639,0.8004437749368943,0.7637652793677757,0.8586017934241116,0.8084116715852014
coaps,eth,1024,p1,cbor,dns_cbor,0.2,dt,,19107,4981,4622,20414,0.8045151046331732,0.8052172447216486,0.7932165393556958,0.7991718426501035
coaps,eth,1024,p1,cbor,dns_cbor,0.2,rf,"n_estimators=250,max_depth=9",22460,1628,4743,20293,0.8703077925250386,0.825644230415763,0.9324144802391232,0.8757871751379385
