protocol;link_layer;link_layer_mode;blocksize;network_setup;data_format;dns_format;randiv_pad;vector_type;k;classifier;classifier_args;job_id;fit_time;score_time;accuracy;precision;recall;f1_score;balanced_accuracy;roc_auc
coaps;schc;min_rules;64;d2;json;dns_cbor;1;binvec;5;dt;;20833657;[21.640846490859985, 23.44190812110901, 21.502851963043213, 21.260661602020264, 22.961688995361328];[0.6796600818634033, 0.8557593822479248, 0.673912525177002, 0.6874301433563232, 0.8755202293395996];[0.9995610608935015, 0.99973961239445, 0.9996503366439757, 0.9996131384146114, 0.9996726531462496];[0.9988922069164821, 0.9994458098404896, 0.9990607388854101, 0.9994937441238158, 0.9992050491424167];[0.9996866790388277, 0.9997107806512255, 0.9998071871008171, 0.999252850015666, 0.9997348758737045];[0.9992892850689634, 0.9995782776860699, 0.9994338236179875, 0.9993732825531505, 0.999469892291752];[0.9995958254218718, 0.9997316332768418, 0.9996937446416229, 0.9995134294415637, 0.999689873475572];[0.9995958254218716, 0.9997316332768418, 0.999693744641623, 0.9995134294415638, 0.999689873475572]
