protocol;link_layer;link_layer_mode;blocksize;network_setup;data_format;dns_format;randiv_pad;vector_type;k;classifier;classifier_args;job_id;fit_time;score_time;accuracy;precision;recall;f1_score;balanced_accuracy;roc_auc
coap;eth;;1024;p1;json;dns_message;0;binvec;5;dt;;20833657;[142.80513334274292, 158.44324707984924, 138.03022265434265, 159.7409951686859, 165.6000566482544];[2.5276010036468506, 2.6012327671051025, 2.6650617122650146, 2.562833309173584, 2.6618809700012207];[1.0, 0.9999574603849836, 1.0, 1.0, 1.0];[1.0, 0.9999149298170991, 1.0, 1.0, 1.0];[1.0, 1.0, 1.0, 1.0, 1.0];[1.0, 0.9999574630992386, 1.0, 1.0, 1.0];[1.0, 0.9999574594801548, 1.0, 1.0, 1.0];[1.0, 0.9999574594801549, 1.0, 1.0, 1.0]
