protocol,link_layer,link_layer_mode,blocksize,network_setup,data_format,dns_format,vector_type,run,test_size,classifier,classifier_args,true_dns,false_dns,false_data,true_data,accuracy,precision,recall,f1_score
coaps,schc,,1024,p2,json,dns_message,binvec,1,0.2,nb,,7056,6740,4564,20051,0.7057093020228581,0.6072289156626506,0.5114525949550595,0.5552407932011332
coaps,schc,,1024,p2,json,dns_message,binvec,1,0.2,lr,max_iter=5000,9938,3858,4349,20266,0.7863372471427456,0.6955973962343389,0.7203537257175993,0.7077591425417512
coaps,schc,,1024,p2,json,dns_message,binvec,1,0.2,knn,algorithm=brute,10391,3405,4441,20174,0.7957355965738981,0.7005798274002157,0.7531893302406495,0.7259326533463741
coaps,schc,,1024,p2,json,dns_message,binvec,1,0.2,svm,C=0.01,9920,3876,4357,20258,0.785660357710031,0.6948238425439518,0.7190489997100609,0.7067288854059061
coaps,schc,,1024,p2,json,dns_message,binvec,1,0.2,dt,,10707,3089,3261,21354,0.8346827731639375,0.7665378006872853,0.7760945201507683,0.7712865581328339
coaps,schc,,1024,p2,json,dns_message,binvec,1,0.2,rf,"n_estimators=250,max_depth=9",7956,5840,2241,22374,0.7896175574705162,0.7802294792586054,0.5766888953319803,0.6631934314174968
