protocol;link_layer;link_layer_mode;blocksize;network_setup;data_format;dns_format;randiv_pad;vector_type;k;classifier;classifier_args;job_id;fit_time;score_time;accuracy;precision;recall;f1_score;balanced_accuracy;roc_auc
coaps;schc;;1024;p2;json;dns_message;0;binvec;5;dt;;20833657;[56.27144408226013, 60.65202236175537, 61.4101300239563, 60.92306089401245, 61.89015221595764];[0.38545656204223633, 0.3938169479370117, 0.3857855796813965, 0.3930497169494629, 0.3929884433746338];[0.6839969985628712, 0.6903559755306566, 0.7218965012908723, 0.6974360278781095, 0.7340260467009208];[0.6380691543991783, 0.6396387584767866, 0.6673737802291048, 0.6365268923408458, 0.6836547291092746];[0.5662808008993406, 0.5960866526904263, 0.6690973171695075, 0.6461580530489472, 0.6786072372618722];[0.6000354136149252, 0.6170952268616812, 0.668234437347332, 0.6413063144563054, 0.6811216321302777];[0.6675134864589449, 0.6771556721322461, 0.7145031602909397, 0.6902561018826712, 0.7262663223386907];[0.6675134864589449, 0.6771556721322461, 0.7145031602909397, 0.6902561018826712, 0.7262663223386907]
