protocol;link_layer;link_layer_mode;blocksize;network_setup;data_format;dns_format;randiv_pad;vector_type;k;classifier;classifier_args;job_id;fit_time;score_time;accuracy;precision;recall;f1_score;balanced_accuracy;roc_auc
coaps;eth;;1024;d2;cbor;dns_cbor;1;binvec;5;dt;;20833657;[151.43752717971802, 153.111159324646, 150.01382541656494, 146.5286865234375, 150.10812544822693];[3.0973024368286133, 3.1229450702667236, 3.1705758571624756, 2.915091037750244, 3.1372523307800293];[0.7934488992874614, 1.0, 1.0, 1.0, 1.0];[1.0, 1.0, 1.0, 1.0, 1.0];[0.586906584992343, 1.0, 1.0, 1.0, 1.0];[0.739686369119421, 1.0, 1.0, 1.0, 1.0];[0.7934532924961715, 1.0, 1.0, 1.0, 1.0];[0.7934532924961715, 1.0, 1.0, 1.0, 1.0]
