protocol;link_layer;link_layer_mode;blocksize;network_setup;data_format;dns_format;randiv_pad;vector_type;k;classifier;classifier_args;job_id;fit_time;score_time;accuracy;precision;recall;f1_score;balanced_accuracy;roc_auc
coaps;eth;;64;d1;cbor;dns_cbor;1;binvec;5;dt;;20833657;[843.3287582397461, 1003.809219121933, 1855.3474678993225, 700.7916495800018, 673.9110596179962];[5.600697994232178, 6.097072124481201, 5.718077898025513, 5.630177021026611, 6.283571720123291];[0.6885839316820326, 0.7510217954709606, 0.7528911925903896, 0.7622701471737874, 0.7185853641956426];[0.5683394186408537, 0.6455777921239509, 0.66562458249833, 0.6667819727218818, 0.5816324537588625];[0.48411205940498575, 0.6509474902357877, 0.6005834418245817, 0.650625647949466, 0.7179641729151096];[0.5228553945501179, 0.648251521590377, 0.6314335323118259, 0.6586047419736666, 0.6426475031291813];[0.6419930433626553, 0.7282188997624803, 0.7181864025032207, 0.7368301386571112, 0.7184438156950264];[0.6419930433626553, 0.7282188997624804, 0.7181864025032209, 0.7368301386571112, 0.7184438156950265]
