protocol;link_layer;link_layer_mode;blocksize;network_setup;data_format;dns_format;randiv_pad;vector_type;k;classifier;classifier_args;job_id;fit_time;score_time;accuracy;precision;recall;f1_score;balanced_accuracy;roc_auc
coaps;schc;min_rules;1024;d2;json;dns_message;0;binvec;5;dt;;20833657;[45.89503073692322, 46.36266279220581, 46.173019886016846, 46.04663324356079, 45.646931171417236];[0.36894726753234863, 0.3699052333831787, 0.3692302703857422, 0.36950063705444336, 0.3828737735748291];[0.8887070167137687, 0.8996278724791877, 0.9050115730380184, 0.9019028619657792, 0.9036548249315839];[0.8671689135606662, 0.8738527982724492, 0.8757150902569879, 0.874005660658424, 0.8800891351481571];[0.8673540986607279, 0.8888617712559871, 0.9013087647579243, 0.8949905424370004, 0.8916346329855391];[0.86726149622512, 0.8812933863674173, 0.8883276204221541, 0.8843736339930361, 0.8858242657533416];[0.8857356138393908, 0.8981296967244268, 0.904496302238055, 0.9009408898886895, 0.9019820016534917];[0.8857356138393908, 0.8981296967244268, 0.904496302238055, 0.9009408898886896, 0.9019820016534917]
