protocol;link_layer;link_layer_mode;blocksize;network_setup;data_format;dns_format;randiv_pad;vector_type;k;classifier;classifier_args;job_id;fit_time;score_time;accuracy;precision;recall;f1_score;balanced_accuracy;roc_auc
coap;eth;;64;d2;cbor;dns_cbor;0;binvec;5;dt;;20833657;[154.7390251159668, 159.32033848762512, 159.33783531188965, 158.9734230041504, 158.4587106704712];[3.5457675457000732, 3.53610897064209, 3.5394351482391357, 3.563396692276001, 3.5697200298309326];[0.8030556360582889, 1.0, 1.0, 1.0, 1.0];[0.8305630717691019, 1.0, 1.0, 1.0, 1.0];[0.4615715104067214, 1.0, 1.0, 1.0, 1.0];[0.5933813037941669, 1.0, 1.0, 1.0, 1.0];[0.709501698014259, 1.0, 1.0, 1.0, 1.0];[0.709501698014259, 1.0, 1.0, 1.0, 1.0]
