protocol,link_layer,link_layer_mode,blocksize,network_setup,data_format,dns_format,vector_type,run,test_size,classifier,classifier_args,true_dns,false_dns,false_data,true_data,accuracy,precision,recall,f1_score
coaps,schc,,1024,d2,json,dns_message,word2vec,1,0.2,nb,,9217,4647,8659,15501,0.6500631180307175,0.5156075184605057,0.6648153491055973,0.5807813484562067
coaps,schc,,1024,d2,json,dns_message,word2vec,1,0.2,lr,max_iter=5000,12607,1257,963,23197,0.9416158215863665,0.9290346352247605,0.909333525678015,0.9190785157104323
coaps,schc,,1024,d2,json,dns_message,word2vec,1,0.2,knn,algorithm=brute,11755,2109,1472,22688,0.905822638333684,0.8887124820443033,0.8478793998845932,0.8678158798124839
coaps,schc,,1024,d2,json,dns_message,word2vec,1,0.2,svm,C=0.01,12620,1244,1016,23144,0.9405638544077425,0.9254913464359049,0.9102712060011541,0.9178181818181819
coaps,schc,,1024,d2,json,dns_message,word2vec,1,0.2,dt,,12481,1383,1494,22666,0.9243372606774669,0.8930948121645796,0.9002452394691287,0.8966557706814181
coaps,schc,,1024,d2,json,dns_message,word2vec,1,0.2,rf,"n_estimators=250,max_depth=9",12331,1533,900,23260,0.9360140963601936,0.9319779306174892,0.8894258511252164,0.9102048348403764
