protocol,link_layer,link_layer_mode,blocksize,network_setup,data_format,dns_format,vector_type,run,test_size,classifier,classifier_args,true_dns,false_dns,false_data,true_data,accuracy,precision,recall,f1_score
coaps,eth,,64,d1,json,dns_cbor,word2vec,1,0.2,lr,max_iter=5000,8417,8939,4617,38224,0.7748060534578135,0.6457725947521866,0.48496197280479375,0.553932214544258
coaps,eth,,64,d1,json,dns_cbor,word2vec,1,0.2,knn,algorithm=brute,9255,8101,6202,36639,0.7623967971825838,0.5987578443423691,0.5332449873242683,0.5641056898180599
coaps,eth,,64,d1,json,dns_cbor,word2vec,1,0.2,svm,C=0.01,8240,9116,4451,38390,0.7746233200990083,0.6492790166259554,0.4747637704540217,0.548474057310214
coaps,eth,,64,d1,json,dns_cbor,word2vec,1,0.2,dt,,9626,7730,7980,34861,0.7390235393790389,0.5467454276951039,0.5546208803871859,0.5506549968537269
coaps,eth,,64,d1,json,dns_cbor,word2vec,1,0.2,rf,"n_estimators=250,max_depth=9",11314,6042,5206,37635,0.8131468345598618,0.684866828087167,0.6518783129753399,0.667965521313024
