protocol;link_layer;link_layer_mode;blocksize;network_setup;data_format;dns_format;randiv_pad;vector_type;k;classifier;classifier_args;job_id;fit_time;score_time;accuracy;precision;recall;f1_score;balanced_accuracy;roc_auc
coaps;eth;;1024;p1;cbor;dns_cbor;1;binvec;5;dt;;20833657;[300.7243068218231, 309.588431596756, 308.3475613594055, 294.7736608982086, 288.1476376056671];[3.197645425796509, 3.2138760089874268, 2.784179449081421, 3.1578118801116943, 2.8953707218170166];[0.6751036903116027, 0.7664575135595023, 0.754243416854554, 0.7713659760922279, 0.756455523886502];[0.7293953747561995, 0.7798829259573707, 0.7795238763388055, 0.7984467109572377, 0.8161413812994913];[0.5567891781521185, 0.7424596928574467, 0.7090228442591568, 0.7259965116773727, 0.6620581103501085];[0.6315103852555907, 0.7607113280739223, 0.7426038139369097, 0.7604999888594283, 0.7310691469372417];[0.6751062068920289, 0.7664570031413318, 0.754243416854554, 0.7713659760922278, 0.756455523886502];[0.6751062068920289, 0.7664570031413318, 0.754243416854554, 0.7713659760922279, 0.7564555238865018]
