protocol;link_layer;link_layer_mode;blocksize;network_setup;data_format;dns_format;randiv_pad;vector_type;k;classifier;classifier_args;job_id;fit_time;score_time;accuracy;precision;recall;f1_score;balanced_accuracy;roc_auc
coaps;schc;peer_based;64;d2;cbor;dns_message;1;binvec;5;dt;;20833657;[147.02174377441406, 147.35751748085022, 107.548175573349, 104.13576769828796, 184.4844410419464];[1.1003541946411133, 1.0433189868927002, 0.7137877941131592, 0.8182165622711182, 1.2475948333740234];[0.7433576908001568, 0.6214417201531451, 0.8018702185887969, 0.7982235723134856, 0.8054538709745155];[0.7091716077732461, 0.5795061840669334, 0.7647429476201247, 0.7573615078921748, 0.7652074136639627];[0.6775323761030796, 0.4173120057630282, 0.7749471995284795, 0.7769282404754498, 0.7861423098333279];[0.6929910493749634, 0.4852136337245272, 0.7698112593821408, 0.7670201073252731, 0.7755336073715748];[0.7350225914112405, 0.5955948233040493, 0.7984612269160394, 0.7955271581876466, 0.803008435613056];[0.7350225914112405, 0.5955948233040493, 0.7984612269160395, 0.7955271581876467, 0.803008435613056]
