protocol;link_layer;link_layer_mode;blocksize;network_setup;data_format;dns_format;randiv_pad;vector_type;k;classifier;classifier_args;job_id;fit_time;score_time;accuracy;precision;recall;f1_score;balanced_accuracy;roc_auc
coaps;schc;min_rules;1024;d2;cbor;dns_message;0;binvec;5;dt;;20833657;[114.1315450668335, 113.19410300254822, 106.53244590759277, 68.71574378013611, 113.24343419075012];[0.536862850189209, 0.5395452976226807, 0.5074098110198975, 0.5301294326782227, 0.5240235328674316];[0.8976981414227729, 0.9025302089592095, 0.9092329260965352, 0.9082582281861272, 0.9108618732892716];[0.8799649090964092, 0.8825701846569585, 0.8900597436128374, 0.8889289145052833, 0.896940761464542];[0.8873196473782143, 0.8966232498551079, 0.9043406643687277, 0.9032730378549858, 0.8997315600024404];[0.8836269744835966, 0.8895412177702458, 0.8971433759002603, 0.8960435736439972, 0.89833399323851];[0.8965484803984368, 0.9018759296388001, 0.9086910388712939, 0.9077060478028729, 0.9096287985465625];[0.8965484803984368, 0.9018759296388001, 0.9086910388712941, 0.9077060478028729, 0.9096287985465625]
