protocol;link_layer;link_layer_mode;blocksize;network_setup;data_format;dns_format;randiv_pad;vector_type;k;classifier;classifier_args;job_id;fit_time;score_time;accuracy;precision;recall;f1_score;balanced_accuracy;roc_auc
coaps;schc;min_rules;64;d2;cbor;dns_cbor;0;binvec;5;dt;;20833657;[20.086888074874878, 19.459906578063965, 20.52744436264038, 19.249354362487793, 20.381717920303345];[0.6274411678314209, 0.614396333694458, 0.6319105625152588, 0.6041605472564697, 0.6063473224639893];[0.9995781549144952, 0.9995862673199857, 0.9996917285913619, 0.9997322906188143, 0.9996755011479147];[0.9989885123907232, 0.9990846902399075, 0.9992773348107822, 0.9996866186148543, 0.9992772825825103];[0.9997589838760214, 0.9996866790388277, 0.9998071871008171, 0.9995179561340082, 0.9997589780670041];[0.9993735996337967, 0.9993855939860493, 0.9995421907377958, 0.9996022802598435, 0.9995180722891567];[0.9996226960173973, 0.9996110003531447, 0.9997201678928276, 0.9996794945873396, 0.9996960633759211];[0.9996226960173973, 0.9996110003531445, 0.9997201678928276, 0.9996794945873396, 0.9996960633759211]
