protocol;link_layer;link_layer_mode;blocksize;network_setup;data_format;dns_format;randiv_pad;vector_type;k;classifier;classifier_args;job_id;fit_time;score_time;accuracy;precision;recall;f1_score;balanced_accuracy;roc_auc
coaps;schc;;64;d2;cbor;dns_cbor;1;binvec;5;dt;;20833657;[51.818588972091675, 56.216739892959595, 36.07899069786072, 47.31612229347229, 58.64693760871887];[0.6700618267059326, 0.6812241077423096, 0.6937880516052246, 0.6809196472167969, 0.663872241973877];[0.9995619549787061, 0.9996349624822551, 0.9997728655445143, 0.9996349624822551, 0.9996917460961265];[0.9989403973509934, 0.9991809991809992, 0.9994940368630285, 0.9995901639344262, 0.9993494916397629];[0.9997589838760214, 0.9997348822636234, 0.9998312887132149, 0.9993251548528597, 0.9997348758737045];[0.9993495229835212, 0.9994578639840973, 0.9996626343438239, 0.9994576418266623, 0.9995421466094752];[0.9996104906663683, 0.9996595765128153, 0.9997872573860509, 0.9995586451169316, 0.9997023709930362];[0.9996104906663683, 0.9996595765128153, 0.9997872573860508, 0.9995586451169316, 0.999702370993036]
