protocol;link_layer;link_layer_mode;blocksize;network_setup;data_format;dns_format;randiv_pad;vector_type;k;classifier;classifier_args;job_id;fit_time;score_time;accuracy;precision;recall;f1_score;balanced_accuracy;roc_auc
coaps;schc;peer_based;64;d2;json;dns_cbor;0;binvec;5;dt;;20833657;[87.77547097206116, 90.45247960090637, 82.36159038543701, 89.74700856208801, 85.31820178031921];[0.785942792892456, 0.7791972160339355, 0.7452166080474854, 0.749805212020874, 0.8028583526611328];[0.782890772058003, 0.8664280878228069, 0.7930911336463131, 0.8960619610585758, 0.8025757778670595];[0.6203794249951105, 0.8032622139764997, 0.6552929691933983, 0.8966332295630116, 0.6687123485480924];[0.764503145260418, 0.7513195632787834, 0.6956930418645008, 0.7497228247770548, 0.7143408050132563];[0.6849418598374019, 0.776423118594254, 0.6748889408463876, 0.8166233493476149, 0.6907739101047651];[0.7778023927257791, 0.8345742850618378, 0.7661383113666211, 0.8555646206281391, 0.7781581764099386];[0.7778023927257791, 0.8345742850618378, 0.7661383113666211, 0.8555646206281392, 0.7781581764099388]
