protocol,link_layer,blocksize,network_setup,data_format,dns_format,test_size,classifier,classifier_args,true_dns,false_dns,false_data,true_data,accuracy,precision,recall,f1_score
coaps,eth,1024,p1,json,dns_cbor,0.2,nb,,20496,3572,14440,10844,0.6350299886529421,0.5866727730707579,0.85158716968589,0.6947325605043726
coaps,eth,1024,p1,json,dns_cbor,0.2,lr,max_iter=2800,20664,3414,5535,19739,0.8186699627168098,0.7887323943661971,0.8582108148517319,0.8220060862819978
coaps,eth,1024,p1,json,dns_cbor,0.2,knn,"algorithm=brute,n_jobs=-1",20391,3677,6020,19264,0.8035135354190306,0.7720646700238537,0.8472245304969254,0.807900314982468
coaps,eth,1024,p1,json,dns_cbor,0.2,dt,,18936,5132,5005,20279,0.7945979899497487,0.7909444049956142,0.7867708160212731,0.7888520902330813
coaps,eth,1024,p1,json,dns_cbor,0.2,rf,"n_estimators=250,max_depth=9",22482,1586,5454,19830,0.8573512724914897,0.8047680412371134,0.9341033737743061,0.8646257980155373
