protocol;link_layer;link_layer_mode;blocksize;network_setup;data_format;dns_format;randiv_pad;vector_type;k;classifier;classifier_args;job_id;fit_time;score_time;accuracy;precision;recall;f1_score;balanced_accuracy;roc_auc
coaps;schc;;1024;d2;json;dns_cbor;0;binvec;5;dt;;20833657;[35.629533529281616, 35.52135229110718, 35.19461965560913, 34.98409724235535, 35.506327390670776];[0.3785429000854492, 0.37163567543029785, 0.4301893711090088, 0.3755941390991211, 0.4087493419647217];[0.9411413992956379, 0.9452871523252268, 0.9484068661434791, 0.9476026732481073, 0.9459665566678683];[0.9170098312001485, 0.9183193771117967, 0.9173469757991365, 0.9182066703116457, 0.9200338558916612];[0.9248671705455361, 0.9355683603981142, 0.9460076330165382, 0.9425652922247998, 0.9354911131898971];[0.9209217413982601, 0.9268636245690773, 0.9314568865474239, 0.9302265467772013, 0.9276981020056031];[0.9377948505824869, 0.9432886299303109, 0.9479135001808394, 0.9465668121182154, 0.9438122570377091];[0.937794850582487, 0.9432886299303109, 0.9479135001808393, 0.9465668121182154, 0.9438122570377091]
