protocol,link_layer,blocksize,network_setup,data_format,dns_format,test_size,classifier,classifier_args,true_data,false_data,false_dns,true_dns,accuracy,precision,recall,f1_score
coap,eth,1024,p2,cbor,dns_cbor,0.2,nb,,7969,16939,467,23749,0.6456721765328556,0.5836856075501377,0.9807152296002642,0.7318193023542463
coap,eth,1024,p2,cbor,dns_cbor,0.2,lr,max_iter=2600,24898,10,1,24215,0.9997760768667047,0.9995872033023736,0.9999587049884374,0.9997729196341941
coap,eth,1024,p2,cbor,dns_cbor,0.2,knn,"algorithm=brute,n_jobs=-1",24908,0,18,24198,0.999633580327335,1.0,0.9992566897918731,0.9996282067170653
coap,eth,1024,p2,cbor,dns_cbor,0.2,dt,,24907,1,0,24216,0.9999796433515186,0.999958706693645,1.0,0.9999793529205294
coap,eth,1024,p2,cbor,dns_cbor,0.2,rf,"n_estimators=250,max_depth=9",24908,0,0,24216,1.0,1.0,1.0,1.0
