protocol;link_layer;link_layer_mode;blocksize;network_setup;data_format;dns_format;randiv_pad;vector_type;k;classifier;classifier_args;job_id;fit_time;score_time;accuracy;precision;recall;f1_score;balanced_accuracy;roc_auc
coaps;eth;;64;p2;cbor;dns_message;1;binvec;5;dt;;20833657;[1158.4774360656738, 1141.4402458667755, 1088.136417388916, 1106.4370470046997, 1507.1134209632874];[7.26540207862854, 7.260106086730957, 7.304472208023071, 7.306186199188232, 15.217922687530518];[0.8478168962752387, 0.887039871710766, 0.8945833849652669, 0.8587058729198405, 0.8844732449394631];[0.8740207416250093, 0.8811443127922371, 0.884310356222325, 0.8506828528072837, 0.8413012900981564];[0.7683906726575055, 0.8621724443278345, 0.8776688203076317, 0.8273588927880358, 0.9121708044996885];[0.8178089603295111, 0.8715551466626883, 0.8809770710911395, 0.838858776976025, 0.8753038921802346];[0.8398824033033485, 0.8845556741899512, 0.8928937485348045, 0.8555745478938801, 0.8872400205919913];[0.8398824033033485, 0.8845556741899512, 0.8928937485348044, 0.8555745478938801, 0.8872400205919913]
