protocol;link_layer;link_layer_mode;blocksize;network_setup;data_format;dns_format;randiv_pad;vector_type;k;classifier;classifier_args;job_id;fit_time;score_time;accuracy;precision;recall;f1_score;balanced_accuracy;roc_auc
coap;eth;;64;p1;cbor;dns_message;0;binvec;5;knn;algorithm=brute;881110;[99.8671498298645, 88.7914686203003, 73.8090615272522, 100.50229287147522, 93.82169580459595];[203.21742606163025, 199.40678763389587, 199.52637147903442, 201.54144620895386, 199.07674980163574];[0.9620231942794247, 0.99994897512902, 0.9999125287926057, 0.99994897512902, 0.9998833717234743];[0.9964395072278003, 0.999885225204545, 0.999803259336984, 0.9999016183776871, 0.9999343982681143];[0.917844609884884, 1.0, 1.0, 0.99998360171854, 0.9998032206224787];[0.9555286204482988, 0.9999426093087701, 0.9999016199908178, 0.9999426083677, 0.9998688051428384];[0.9576100895291597, 0.999954071857859, 0.999921266042044, 0.9999524338802919, 0.9998753656585874];[0.9621047506287687, 0.999973755347348, 0.9999409495315329, 0.9999721145723942, 0.9999868581995581]
coap;eth;;64;p1;cbor;dns_message;0;binvec;5;dt;;20833657;[401.70229411125183, 466.73242139816284, 468.64637994766235, 461.3966453075409, 468.4377233982086];[6.168728351593018, 5.647718667984009, 5.652029037475586, 5.671694278717041, 5.659980058670044];[0.887928332446479, 1.0, 1.0, 1.0, 1.0];[0.8626568488684616, 1.0, 1.0, 1.0, 1.0];[0.889491981240366, 1.0, 1.0, 1.0, 1.0];[0.8758689175769613, 1.0, 1.0, 1.0, 1.0];[0.8880845290746557, 1.0, 1.0, 1.0, 1.0];[0.8880845290746556, 1.0, 1.0, 1.0, 1.0]
coap;eth;;64;p1;cbor;dns_message;0;binvec;5;rf;n_estimators=250,max_depth=9;884088;[4238.945942401886, 875.2888679504395, 77.2528223991394, 56.98433566093445, 207.75685286521912];[56.52916502952576, 25.465492010116577, 13.371217250823975, 21.208937644958496, 18.944255113601685];[0.9038406869355414, 0.9999708429308686, 0.99994897512902, 0.9999708429308686, 0.9999854214654343];[0.9998953974895397, 0.9999344111763355, 0.999885225204545, 0.9999508067689886, 0.9999672045126591];[0.783755862385622, 1.0, 1.0, 0.99998360171854, 1.0];[0.8787299369380964, 0.9999672045126591, 0.9999426093087701, 0.9999672039748783, 0.9999836019874391];[0.8918451258074789, 0.999973755347348, 0.999954071857859, 0.999972117369781, 0.999986877673674];[0.9891753861077011, 1.0, 1.0, 0.999999998924082, 1.0]
