protocol;link_layer;link_layer_mode;blocksize;network_setup;data_format;dns_format;randiv_pad;vector_type;k;classifier;classifier_args;job_id;fit_time;score_time;accuracy;precision;recall;f1_score;balanced_accuracy;roc_auc
coaps;schc;;64;p1;cbor;dns_message;0;binvec;5;dt;;20833657;[201.9356029033661, 208.11054515838623, 217.71336770057678, 194.53517079353333, 214.1318187713623];[1.049424171447754, 1.0169677734375, 1.0289723873138428, 1.0160870552062988, 1.0282611846923828];[0.7002166085097196, 0.7764265864309743, 0.7878908181672551, 0.7758345696037666, 0.763797570624617];[0.6641599050069266, 0.7326161447127261, 0.7379214566777255, 0.7263789938711384, 0.68217508184504];[0.602307027132858, 0.7499959210977142, 0.7802287448401886, 0.7618736845540128, 0.836338124683885];[0.6317230521758475, 0.741204166532297, 0.7584855982743307, 0.7437030666443696, 0.7514311053777312];[0.6877259560232261, 0.7730547381294905, 0.786913341868117, 0.774053532844053, 0.7730514831962902];[0.687725956023226, 0.7730547381294905, 0.7869133418681169, 0.7740535328440531, 0.7730514831962902]
