protocol;link_layer;link_layer_mode;blocksize;network_setup;data_format;dns_format;randiv_pad;vector_type;k;classifier;classifier_args;job_id;fit_time;score_time;accuracy;precision;recall;f1_score;balanced_accuracy;roc_auc
coaps;schc;peer_based;1024;d2;json;dns_message;1;binvec;5;dt;;20833657;[62.678382873535156, 60.6003520488739, 67.38886499404907, 67.68966007232666, 69.22804641723633];[0.3780348300933838, 0.38715219497680664, 0.3871185779571533, 0.38504910469055176, 0.39417266845703125];[0.5979088547332319, 0.5025275470635662, 0.6635951777624204, 0.7683969387493921, 0.7530522920985948];[0.5133112306684402, 0.4312238376018364, 0.5942577601770427, 0.78547507788162, 0.7422187038969451];[0.7892551892551892, 0.5848901098901099, 0.622954822954823, 0.6157391861778443, 0.6296590250007631];[0.6220543479568392, 0.49643754695960823, 0.6082680098953831, 0.6903266654117969, 0.6813212221304706];[0.6245136652770139, 0.5139792447685416, 0.6579448626652118, 0.7471697098830339, 0.7358943222141259];[0.6245136652770139, 0.5139792447685416, 0.6579448626652117, 0.747169709883034, 0.7358943222141258]
