protocol;link_layer;link_layer_mode;blocksize;network_setup;data_format;dns_format;randiv_pad;vector_type;k;classifier;classifier_args;job_id;fit_time;score_time;accuracy;precision;recall;f1_score;balanced_accuracy;roc_auc
coaps;eth;;64;p1;json;dns_message;1;binvec;5;dt;;20833657;[932.6887793540955, 881.1761455535889, 869.5959882736206, 867.9186661243439, 887.966315984726];[6.378759384155273, 6.33566951751709, 6.350459814071655, 6.310326337814331, 6.330680847167969];[0.8122871293846258, 0.9172122750001697, 0.8758591211013034, 0.8771957201690764, 0.800683904497622];[0.866493586499747, 0.9027277830983125, 0.8141328505615166, 0.9039222335254888, 0.6927063644013024];[0.6458135187432357, 0.89651044570529, 0.9070381424026762, 0.7868223410186612, 0.9314879800596897];[0.7400524273486606, 0.8996083722767064, 0.8580780776122181, 0.8413171552812456, 0.7945448823303144];[0.7877942697873201, 0.9141665494812746, 0.880446287746294, 0.8638996725982817, 0.8199282575081741];[0.7877942697873201, 0.9141665494812746, 0.8804462877462941, 0.8638996725982817, 0.8199282575081741]
