protocol,link_layer,link_layer_mode,blocksize,network_setup,data_format,dns_format,vector_type,run,test_size,classifier,classifier_args,true_dns,false_dns,false_data,true_data,accuracy,precision,recall,f1_score
coaps,eth,,1024,p1,cbor,dns_message,word2vec,1,0.2,nb,,9694,360,7308,2802,0.6197183098591549,0.5701682155040584,0.9641933558782574,0.7165878178592548
coaps,eth,,1024,p1,cbor,dns_message,word2vec,1,0.2,lr,max_iter=5000,8824,1230,2223,7887,0.8287542154334457,0.7987688965329954,0.8776606325840461,0.8363584664233923
coaps,eth,,1024,p1,cbor,dns_message,word2vec,1,0.2,knn,algorithm=brute,8568,1486,2212,7898,0.8166038484427693,0.7948051948051948,0.8521981300974737,0.8225016799462417
coaps,eth,,1024,p1,cbor,dns_message,word2vec,1,0.2,svm,C=0.01,8994,1060,2268,7842,0.8349533822654235,0.798614810868407,0.8945693256415357,0.8438731469318822
coaps,eth,,1024,p1,cbor,dns_message,word2vec,1,0.2,dt,,7807,2247,1988,8122,0.7899722277325928,0.7970393057682491,0.7765068629401234,0.7866391253967454
coaps,eth,,1024,p1,cbor,dns_message,word2vec,1,0.2,rf,"n_estimators=250,max_depth=9",9378,676,2301,7809,0.8523606427296171,0.8029797071667095,0.9327630793713945,0.8630193714627525
