protocol,link_layer,link_layer_mode,blocksize,network_setup,data_format,dns_format,vector_type,run,test_size,classifier,classifier_args,true_dns,false_dns,false_data,true_data,accuracy,precision,recall,f1_score
coaps,eth,,1024,d1,json,dns_cbor,word2vec,1,0.2,nb,,9006,1031,5221,4906,0.6899424717317992,0.633021719266184,0.8972800637640729,0.7423343224530168
coaps,eth,,1024,d1,json,dns_cbor,word2vec,1,0.2,lr,max_iter=5000,8697,1340,2410,7717,0.8140249950406665,0.7830197172953993,0.8664939723024808,0.822644721906924
coaps,eth,,1024,d1,json,dns_cbor,word2vec,1,0.2,knn,algorithm=brute,8691,1346,3013,7114,0.7838226542352708,0.7425666438824333,0.8658961841187606,0.7995032427211259
coaps,eth,,1024,d1,json,dns_cbor,word2vec,1,0.2,svm,C=0.01,8795,1242,2633,7494,0.8078258282086888,0.7696009800490025,0.8762578459699113,0.8194735616119264
coaps,eth,,1024,d1,json,dns_cbor,word2vec,1,0.2,dt,,9978,59,49,10078,0.9946439198571712,0.995113194375187,0.994121749526751,0.9946172248803827
coaps,eth,,1024,d1,json,dns_cbor,word2vec,1,0.2,rf,"n_estimators=250,max_depth=9",9488,549,2942,7185,0.8268696687165245,0.76331456154465,0.9453023811895985,0.8446165487158944
