protocol,link_layer,link_layer_mode,blocksize,network_setup,data_format,dns_format,vector_type,run,test_size,classifier,classifier_args,true_dns,false_dns,false_data,true_data,accuracy,precision,recall,f1_score
coaps,schc,,1024,p1,cbor,dns_cbor,word2vec,1,0.2,nb,,9093,2114,6886,15554,0.7325170148898862,0.5690593904499656,0.811367895065584,0.6689472522621938
coaps,schc,,1024,p1,cbor,dns_cbor,word2vec,1,0.2,lr,max_iter=5000,8117,3090,2759,19681,0.8261657800101049,0.7463221772710555,0.7242794681895244,0.7351356246886745
coaps,schc,,1024,p1,cbor,dns_cbor,word2vec,1,0.2,knn,algorithm=brute,8332,2875,2831,19609,0.8304157874401878,0.7463943384394875,0.743463906487017,0.7449262405006706
coaps,schc,,1024,p1,cbor,dns_cbor,word2vec,1,0.2,svm,C=0.01,8081,3126,2669,19771,0.8277706779207656,0.7517209302325581,0.721067190149014,0.736075055790864
coaps,schc,,1024,p1,cbor,dns_cbor,word2vec,1,0.2,dt,,8700,2507,2551,19889,0.849674562368116,0.7732645987023375,0.7763005264566789,0.7747795885653219
coaps,schc,,1024,p1,cbor,dns_cbor,word2vec,1,0.2,rf,"n_estimators=250,max_depth=9",8501,2706,2684,19756,0.8398074122507208,0.760035762181493,0.758543767288302,0.7592890317970704
