protocol;link_layer;link_layer_mode;blocksize;network_setup;data_format;dns_format;randiv_pad;vector_type;k;classifier;classifier_args;job_id;fit_time;score_time;accuracy;precision;recall;f1_score;balanced_accuracy;roc_auc
coap;eth;;64;p2;cbor;dns_message;0;binvec;5;knn;algorithm=brute;884088;[77.86270213127136, 115.41435360908508, 1099.234421491623, 69.08644485473633, 55.22011375427246];[274.9133393764496, 250.45271277427673, 250.13983345031738, 272.9190742969513, 258.780118227005];[0.8750628694720423, 0.9999927107327171, 0.9999854214654343, 0.9999927107327171, 1.0];[0.9783737779329609, 0.9999836019874391, 0.9999672045126591, 1.0, 1.0];[0.735184152700797, 1.0, 1.0, 0.99998360171854, 1.0];[0.8395221242252308, 0.9999918009264953, 0.9999836019874391, 0.9999918007920435, 1.0];[0.861090048977585, 0.999993438836837, 0.999986877673674, 0.99999180085927, 1.0];[0.8722016690533968, 1.0, 0.9999868776736739, 0.9999918004289028, 1.0]
coap;eth;;64;p2;cbor;dns_message;0;binvec;5;dt;;20833657;[154.13219356536865, 204.4375936985016, 205.9298222064972, 205.90975761413574, 205.63731813430786];[5.660391330718994, 5.699280738830566, 5.635116815567017, 5.656985282897949, 5.6360132694244385];[0.80205410054742, 1.0, 1.0, 1.0, 1.0];[0.6918922598652114, 1.0, 1.0, 1.0, 1.0];[1.0, 1.0, 1.0, 1.0, 1.0];[0.8178916309012876, 1.0, 1.0, 1.0, 1.0];[0.8218273911845368, 1.0, 1.0, 1.0, 1.0];[0.8218273911845368, 1.0, 1.0, 1.0, 1.0]
coap;eth;;64;p2;cbor;dns_message;0;binvec;5;rf;n_estimators=250,max_depth=9;895868;[1879.570160150528, 99.50862693786621, 72.14773678779602, 44.96762156486511, 1878.2300853729248];[35.69328165054321, 18.819427967071533, 23.989954233169556, 21.151848316192627, 34.28127145767212];[0.6729183826691645, 1.0, 1.0, 0.9999854214654343, 0.9999927107327171];[0.9124423963133641, 1.0, 1.0, 0.9999672045126591, 0.9999836019874391];[0.2922173756190351, 1.0, 1.0, 1.0, 1.0];[0.44266693163751986, 1.0, 1.0, 0.9999836019874391, 0.9999918009264953];[0.6348892460259543, 1.0, 1.0, 0.999986877673674, 0.999993438836837];[0.7425386649849008, 1.0, 1.0, 0.9999999993544492, 1.0]
