protocol;link_layer;link_layer_mode;blocksize;network_setup;data_format;dns_format;randiv_pad;vector_type;k;classifier;classifier_args;job_id;fit_time;score_time;accuracy;precision;recall;f1_score;balanced_accuracy;roc_auc
coap;eth;;64;p2;json;dns_cbor;0;binvec;5;dt;;20833657;[204.80525135993958, 370.85137271881104, 377.5500810146332, 370.9682981967926, 374.364723443985];[6.4316246509552, 6.30317234992981, 6.493553161621094, 6.455907583236694, 6.538660764694214];[0.9003714274543535, 1.0, 1.0, 1.0, 1.0];[0.8273976348349169, 1.0, 1.0, 1.0, 1.0];[0.8754520468682193, 1.0, 1.0, 1.0, 1.0];[0.8507467931822176, 1.0, 1.0, 1.0, 1.0];[0.8938927691838753, 1.0, 1.0, 1.0, 1.0];[0.8938927691838753, 1.0, 1.0, 1.0, 1.0]
