protocol;link_layer;link_layer_mode;blocksize;network_setup;data_format;dns_format;randiv_pad;vector_type;k;classifier;classifier_args;job_id;fit_time;score_time;accuracy;precision;recall;f1_score;balanced_accuracy;roc_auc
coaps;schc;;64;d1;json;dns_cbor;0;binvec;5;dt;;20833657;[110.45842266082764, 107.6837887763977, 111.50041079521179, 107.74978137016296, 107.72698783874512];[0.7859554290771484, 0.7469706535339355, 0.7169101238250732, 0.7224273681640625, 0.7240357398986816];[0.658590111737662, 0.676962676962677, 0.6912089628852635, 0.6685116164884951, 0.6505903095498471];[0.4532696390658174, 0.4758234057463209, 0.4997329647199271, 0.4480844727223501, 0.4434696447371137];[0.5145453230821142, 0.45821985490829337, 0.3833843484129088, 0.31910534814779107, 0.5177749391434286];[0.48196769423530605, 0.4668557466818913, 0.4338943291235918, 0.3727529948338237, 0.477750350256855];[0.6187236305395614, 0.6164229587680389, 0.6060147826213904, 0.571809211252417, 0.6138320515151126];[0.6187236305395614, 0.6164229587680389, 0.6060147826213903, 0.5718092112524169, 0.6138320515151126]
