protocol;link_layer;link_layer_mode;blocksize;network_setup;data_format;dns_format;randiv_pad;vector_type;k;classifier;classifier_args;job_id;fit_time;score_time;accuracy;precision;recall;f1_score;balanced_accuracy;roc_auc
coaps;schc;;64;p2;cbor;dns_message;1;binvec;5;dt;;20833657;[149.97393655776978, 148.70159554481506, 246.95394039154053, 247.02990055084229, 253.6262080669403];[1.055680513381958, 1.114905834197998, 1.0296754837036133, 1.0218653678894043, 1.0419418811798096];[0.7712170181939763, 0.784528154690591, 0.7882811030697324, 0.6726872522864527, 0.7371955169507464];[0.7252127339280904, 0.7399392558845862, 0.7432402621958906, 0.5949010381358748, 0.6440389651712068];[0.7469560959686633, 0.7634405092214787, 0.7698673064681976, 0.730467283618143, 0.8589498767729195];[0.7359238444406924, 0.7515061934675386, 0.7563194984486864, 0.6557509157509157, 0.7361294699369855];[0.7681179974338663, 0.7818344792200669, 0.7859288655217505, 0.6800682591566303, 0.7527488101146538];[0.7681179974338663, 0.7818344792200669, 0.7859288655217503, 0.6800682591566303, 0.7527488101146538]
