protocol;link_layer;link_layer_mode;blocksize;network_setup;data_format;dns_format;randiv_pad;vector_type;k;classifier;classifier_args;job_id;fit_time;score_time;accuracy;precision;recall;f1_score;balanced_accuracy;roc_auc
coaps;eth;;64;d1;json;dns_message;0;binvec;5;dt;;20833657;[1793.3640630245209, 1765.7463295459747, 1635.8262779712677, 1632.2726719379425, 1729.2336769104004];[11.62078046798706, 12.611725807189941, 13.414718389511108, 11.08205533027649, 13.724825143814087];[0.8156646696836263, 0.8385157644057561, 0.837605503840204, 0.8235677260021168, 0.8102287838901403];[0.7875988772646083, 0.7822601460607624, 0.7721042967315461, 0.7692023519995075, 0.7173443590013694];[0.759224033321308, 0.8448722573874258, 0.8619100718244728, 0.8194549211242662, 0.8933455773834902];[0.7731512019170557, 0.8123615436162245, 0.8145393120869073, 0.7935338393622765, 0.7957290799409901];[0.8073609258925449, 0.839450953881487, 0.8411811776153588, 0.8229626525626886, 0.8224568777596339];[0.8073609258925449, 0.8394509538814869, 0.8411811776153588, 0.8229626525626886, 0.8224568777596338]
