protocol;link_layer;link_layer_mode;blocksize;network_setup;data_format;dns_format;randiv_pad;vector_type;k;classifier;classifier_args;job_id;fit_time;score_time;accuracy;precision;recall;f1_score;balanced_accuracy;roc_auc
coaps;schc;;64;p1;cbor;dns_cbor;1;binvec;5;dt;;20833657;[123.5067834854126, 119.5707893371582, 119.39255213737488, 122.04116916656494, 123.03739786148071];[0.7649269104003906, 0.7385044097900391, 0.7271533012390137, 0.7290549278259277, 0.7288718223571777];[0.6336324934769086, 0.6550718549813799, 0.6422518599898216, 0.6403505937474756, 0.613118991841021];[0.4564961787184009, 0.48622773830395866, 0.4686873691084739, 0.46666519297935366, 0.44707890114988236];[0.48642332249126613, 0.5078183351403446, 0.501457655704132, 0.508637513552584, 0.6501301079414032];[0.4709848246258646, 0.49678856375142894, 0.48451904274140983, 0.4867482102302203, 0.529816018378527];[0.5971540086680378, 0.6185823805104051, 0.6073630062056135, 0.607712449429874, 0.6222905844376097];[0.5971540086680379, 0.6185823805104051, 0.6073630062056135, 0.6077124494298741, 0.6222905844376098]
