protocol;link_layer;link_layer_mode;blocksize;network_setup;data_format;dns_format;randiv_pad;vector_type;k;classifier;classifier_args;job_id;fit_time;score_time;accuracy;precision;recall;f1_score;balanced_accuracy;roc_auc
coap;eth;;64;d2;cbor;dns_cbor;0;binvec;5;knn;algorithm=brute;931197;[17.6325900554657, 8.2870192527771, 8.536275386810303, 8.828642129898071, 8.266345739364624];[113.25532102584839, 113.10414218902588, 112.65571808815002, 113.4760901927948, 117.39932894706726];[0.976034955525336, 0.9982314037304005, 0.9987515791038122, 0.9987590101805751, 0.999056253251096];[0.9524088069444769, 0.99964017559431, 0.999832299178266, 0.9996647188428011, 0.9997606968507705];[0.9715724651518045, 0.9946771691132593, 0.996157059314954, 0.9963480128893663, 0.9972073039742213];[0.9618951970225084, 0.9971524969491039, 0.9979912956143288, 0.9980036102377736, 0.9984823679839394];[0.9748123992875288, 0.9972576565825266, 0.9980407632695623, 0.9980984736688536, 0.9985497000043753];[0.9848633475706335, 0.9993171543706337, 0.9996820434968625, 0.9996288393340668, 0.9998378544277119]
coap;eth;;64;d2;cbor;dns_cbor;0;binvec;5;dt;;20833657;[154.7390251159668, 159.32033848762512, 159.33783531188965, 158.9734230041504, 158.4587106704712];[3.5457675457000732, 3.53610897064209, 3.5394351482391357, 3.563396692276001, 3.5697200298309326];[0.8030556360582889, 1.0, 1.0, 1.0, 1.0];[0.8305630717691019, 1.0, 1.0, 1.0, 1.0];[0.4615715104067214, 1.0, 1.0, 1.0, 1.0];[0.5933813037941669, 1.0, 1.0, 1.0, 1.0];[0.709501698014259, 1.0, 1.0, 1.0, 1.0];[0.709501698014259, 1.0, 1.0, 1.0, 1.0]
coap;eth;;64;d2;cbor;dns_cbor;0;binvec;5;rf;n_estimators=250,max_depth=9;931197;[30.97739887237549, 17.363309621810913, 17.872483730316162, 29.625011682510376, 15.20043683052063];[22.688228845596313, 11.9697105884552, 12.05342149734497, 2.739856719970703, 12.069833517074585];[0.733478981355567, 0.9939213792078472, 0.9952738351787174, 0.9956230957865795, 0.9952069554878502];[0.5801520629519353, 0.9995135831894351, 0.9996851156594405, 0.9994679564691656, 0.999612421878785];[0.5208850486919993, 0.9809523809523809, 0.9851294903926483, 0.9864661654135338, 0.9849862752118391];[0.5489234329409397, 0.9901460029875199, 0.9923539312334696, 0.9929244999699681, 0.9922454524688316];[0.6752361580120368, 0.9903682865107197, 0.9924946076187682, 0.9931143883447491, 0.992406814433543];[0.7663453161782443, 0.9997877989126734, 0.9999033479751893, 0.9998809986287284, 0.9999194384022924]
