protocol,link_layer,blocksize,network_setup,data_format,dns_format,test_size,classifier,classifier_args,true_data,false_data,false_dns,true_dns,accuracy,precision,recall,f1_score
coaps,eth,1024,p1,cbor,dns_cbor,0.2,nb,,7325,17655,708,23436,0.6261908639361615,0.5703438709206395,0.9706759443339961,0.7185100022993791
coaps,eth,1024,p1,cbor,dns_cbor,0.2,lr,max_iter=2600,20023,4957,2957,21187,0.8388974839182477,0.8103962668298653,0.877526507620941,0.8426264715240216
coaps,eth,1024,p1,cbor,dns_cbor,0.2,knn,"algorithm=brute,n_jobs=-1",18400,6580,3531,20613,0.794173927204625,0.7580259625638951,0.8537524850894632,0.8030465356370649
coaps,eth,1024,p1,cbor,dns_cbor,0.2,dt,,20411,4569,4954,19190,0.8061436365116847,0.8076939265120586,0.7948144466534128,0.801202429910444
coaps,eth,1024,p1,cbor,dns_cbor,0.2,rf,"n_estimators=250,max_depth=9",20287,4693,1639,22505,0.871101701815813,0.8274505478343996,0.9321156394963552,0.8766701725682677
