protocol,link_layer,link_layer_mode,blocksize,network_setup,data_format,dns_format,vector_type,run,test_size,classifier,classifier_args,true_dns,false_dns,false_data,true_data,accuracy,precision,recall,f1_score
coaps,eth,,64,d1,json,dns_cbor,binvec,1,0.2,nb,,7275,10191,14475,28256,0.5902453610645049,0.33448275862068966,0.41652353143249743,0.37102203182374544
coaps,eth,,64,d1,json,dns_cbor,binvec,1,0.2,lr,max_iter=5000,9189,8277,4354,38377,0.7901722677209828,0.6785055009968249,0.5261078667124699,0.592666645167532
coaps,eth,,64,d1,json,dns_cbor,binvec,1,0.2,knn,algorithm=brute,10331,7135,5236,37495,0.7944914198381979,0.6636474593691783,0.5914920416809802,0.6254957164048073
coaps,eth,,64,d1,json,dns_cbor,binvec,1,0.2,svm,C=0.01,8905,8561,4325,38406,0.7859361762214064,0.6730914588057445,0.5098477041108439,0.5802058900182434
coaps,eth,,64,d1,json,dns_cbor,binvec,1,0.2,dt,,9651,7815,8789,33942,0.7241723009452298,0.5233731019522777,0.552559257986946,0.5375703225087729
coaps,eth,,64,d1,json,dns_cbor,binvec,1,0.2,rf,"n_estimators=250,max_depth=9",10540,6926,4706,38025,0.8067677791252056,0.6913288731470549,0.6034581472575289,0.644411836634874
