protocol;link_layer;link_layer_mode;blocksize;network_setup;data_format;dns_format;randiv_pad;vector_type;k;classifier;classifier_args;job_id;fit_time;score_time;accuracy;precision;recall;f1_score;balanced_accuracy;roc_auc
coaps;eth;;64;d2;cbor;dns_cbor;0;binvec;5;knn;algorithm=brute;931197;[51.982730865478516, 30.657259941101074, 32.91111445426941, 33.89864444732666, 94.44790482521057];[183.07748699188232, 176.65771555900574, 164.6707694530487, 141.4473831653595, 192.52420616149902];[0.8640948294175128, 0.9862769256914645, 0.988639163869652, 0.986625313336449, 0.9450562523367663];[0.7334469238943241, 0.9881223520192002, 0.997521132346744, 0.9790391125837355, 0.9925161072503728];[0.9651622546892329, 0.9727566420753171, 0.9701769612806789, 0.983099066952769, 0.8505195650601538];[0.8334998958983968, 0.9803792931685923, 0.9836590522983659, 0.981064889444939, 0.9160477797974552];[0.8871240171053996, 0.9831961986604492, 0.9844323729336983, 0.9858217883577618, 0.9235145360304116];[0.9557468376584524, 0.9974506469844909, 0.9986665068799694, 0.9977610488992504, 0.9855659223069028]
coaps;eth;;64;d2;cbor;dns_cbor;0;binvec;5;dt;;20833657;[212.73294377326965, 221.0436291694641, 217.86277079582214, 224.83498167991638, 218.59609699249268];[5.3143534660339355, 5.44072699546814, 5.240221261978149, 4.85037636756897, 5.233924627304077];[1.0, 1.0, 1.0, 1.0, 1.0];[1.0, 1.0, 1.0, 1.0, 1.0];[1.0, 1.0, 1.0, 1.0, 1.0];[1.0, 1.0, 1.0, 1.0, 1.0];[1.0, 1.0, 1.0, 1.0, 1.0];[1.0, 1.0, 1.0, 1.0, 1.0]
coaps;eth;;64;d2;cbor;dns_cbor;0;binvec;5;rf;n_estimators=250,max_depth=9;931197;[30.78880214691162, 16.41681218147278, 16.342659950256348, 16.53668475151062, 14.970903873443604];[9.834445476531982, 5.896199941635132, 5.924208164215088, 3.8555493354797363, 6.003014802932739];[0.7467731656540766, 0.9775842290861197, 0.9408335811700727, 0.9456430301227854, 0.9264725876074913];[0.583009881282434, 0.9740979444363068, 0.9895050347468444, 0.9586580199780346, 0.9891803278688525];[0.9886204735040263, 0.961979844736969, 0.8410482665509427, 0.8838874556983388, 0.8001301926368831];[0.7334746406947313, 0.9680009704027172, 0.9092567734872871, 0.9197556416914412, 0.8846681861196636];[0.8018804074712385, 0.9740286196010222, 0.9180965347608991, 0.9315708011223166, 0.8976834253433343];[0.9632925973366566, 0.9963121439877377, 0.9971248924661489, 0.9924465302631165, 0.9924139611141233]
