protocol,link_layer,blocksize,network_setup,data_format,dns_format,test_size,classifier,classifier_args,true_dns,false_dns,false_data,true_data,accuracy,precision,recall,f1_score
coaps,eth,1024,p1,json,dns_message,0.2,nb,,23076,1179,17699,7384,0.6173740321861445,0.5659350091968117,0.9513914656771799,0.7097032139012763
coaps,eth,1024,p1,json,dns_message,0.2,lr,max_iter=5000,22218,2037,4294,20789,0.8716810571972922,0.8380356065178033,0.9160173160173161,0.8752930052987177
coaps,eth,1024,p1,json,dns_message,0.2,knn,algorithm=brute,20817,3438,4406,20677,0.8410150391179213,0.8253181619950045,0.8582560296846011,0.8414648934880149
coaps,eth,1024,p1,json,dns_message,0.2,svm,C=0.01,22158,2097,4352,20731,0.8692893915440432,0.835835533760845,0.913543599257885,0.8729636560622476
coaps,eth,1024,p1,json,dns_message,0.2,dt,,19673,4582,4081,21002,0.8244152580161336,0.8281973562347394,0.8110904968047825,0.8195546668333021
coaps,eth,1024,p1,json,dns_message,0.2,rf,"n_estimators=250,max_depth=9",22957,1298,4532,20551,0.8818355020471037,0.8351340536214485,0.9464852607709751,0.8873299319727891
