protocol,link_layer,link_layer_mode,blocksize,network_setup,data_format,dns_format,vector_type,run,test_size,classifier,classifier_args,true_dns,false_dns,false_data,true_data,accuracy,precision,recall,f1_score
coaps,schc,,1024,p2,json,dns_message,word2vec,1,0.2,nb,,7223,6663,5351,19174,0.6872250136679597,0.5744393192301575,0.5201641941523837,0.5459561602418745
coaps,schc,,1024,p2,json,dns_message,word2vec,1,0.2,lr,max_iter=5000,10515,3371,4412,20113,0.7973757517377834,0.7044282173243116,0.7572375054011234,0.7298788741193212
coaps,schc,,1024,p2,json,dns_message,word2vec,1,0.2,knn,algorithm=brute,10053,3833,3847,20678,0.8000572752596913,0.7232374100719424,0.7239665850496904,0.7236018138630965
coaps,schc,,1024,p2,json,dns_message,word2vec,1,0.2,svm,C=0.01,10818,3068,4748,19777,0.796516622842415,0.6949762302454067,0.7790580440731673,0.7346190411517045
coaps,schc,,1024,p2,json,dns_message,word2vec,1,0.2,dt,,9550,4336,4201,20324,0.7777459581890604,0.694494945822122,0.6877430505545153,0.6911025075080508
coaps,schc,,1024,p2,json,dns_message,word2vec,1,0.2,rf,"n_estimators=250,max_depth=9",11696,2190,5000,19525,0.8128140376454661,0.7005270723526593,0.8422871957367133,0.7648943823163953
