protocol;link_layer;link_layer_mode;blocksize;network_setup;data_format;dns_format;randiv_pad;vector_type;k;classifier;classifier_args;job_id;fit_time;score_time;accuracy;precision;recall;f1_score;balanced_accuracy;roc_auc
coaps;schc;min_rules;1024;d2;json;dns_cbor;0;binvec;5;dt;;20833657;[35.41306233406067, 34.71952223777771, 37.65256476402283, 37.37213659286499, 35.74122977256775];[0.4363992214202881, 0.44742751121520996, 0.4148283004760742, 0.4406602382659912, 0.5143275260925293];[0.9385361796506793, 0.9444413640144164, 0.9466592736345993, 0.9445106736900472, 0.9453416321268662];[0.9123696086409706, 0.9163368513632366, 0.9141088750542927, 0.9128128746321793, 0.9190789715672932];[0.9227459783015338, 0.9354657687991021, 0.944818555929667, 0.9400299289188178, 0.9347923681257014];[0.9175284577040399, 0.925802510274353, 0.9292100518782884, 0.9262215013730947, 0.9268690765435762];[0.9352884262791528, 0.9425952495173665, 0.9462806719309202, 0.943589067079977, 0.943171911341584];[0.9352884262791528, 0.9425952495173665, 0.9462806719309201, 0.9435890670799771, 0.943171911341584]
