protocol;link_layer;link_layer_mode;blocksize;network_setup;data_format;dns_format;randiv_pad;vector_type;k;classifier;classifier_args;job_id;fit_time;score_time;accuracy;precision;recall;f1_score;balanced_accuracy;roc_auc
coaps;schc;;1024;p1;json;dns_message;1;binvec;5;dt;;20833657;[63.756938457489014, 62.372350215911865, 62.65527534484863, 64.65267872810364, 69.01939678192139];[0.3885774612426758, 0.3966693878173828, 0.38610029220581055, 0.3883476257324219, 0.39510059356689453];[0.6544773275752572, 0.6408865743680935, 0.6213387526990982, 0.6098818747618443, 0.6260844161617701];[0.5938742261322907, 0.5772944471906409, 0.5568665656346973, 0.5374550539352777, 0.5562145271347491];[0.5528894281814045, 0.5314282247300085, 0.46817740565465354, 0.48971605387695666, 0.5291833515350078];[0.5726494383787605, 0.5534126269566728, 0.5086851906786645, 0.5124761904761905, 0.5423623418213475];[0.6402707820465637, 0.6255773296005066, 0.5999170470129668, 0.5930750439379976, 0.6125322417021701];[0.6402707820465637, 0.6255773296005065, 0.5999170470129668, 0.5930750439379976, 0.6125322417021702]
