protocol;link_layer;link_layer_mode;blocksize;network_setup;data_format;dns_format;randiv_pad;vector_type;k;classifier;classifier_args;job_id;fit_time;score_time;accuracy;precision;recall;f1_score;balanced_accuracy;roc_auc
coaps;schc;peer_based;64;d2;cbor;dns_cbor;0;binvec;5;dt;;20833657;[74.44385051727295, 84.6404550075531, 89.32222533226013, 77.96275663375854, 88.61503767967224];[0.6944191455841064, 0.6800851821899414, 0.6548268795013428, 0.6889855861663818, 0.6489050388336182];[0.5622459988481225, 0.7834551457287248, 0.8904409617443785, 0.6981326454459911, 0.8860443233070509];[0.41385359116022097, 0.6938374469423046, 0.988206971145459, 0.5437566483921119, 0.9965619571511292];[0.7221566122773614, 0.63823479790798, 0.6826299679448555, 0.640644959147767, 0.663702096890817];[0.5261697588044709, 0.6648756543681033, 0.807475196715703, 0.5882378976486861, 0.7967651398975724];[0.6016390378042469, 0.7476809672908692, 0.8392485903794706, 0.6839710703912705, 0.8312702644481473];[0.6016390378042469, 0.7476809672908691, 0.8392485903794706, 0.6839710703912706, 0.8312702644481473]
