protocol;link_layer;link_layer_mode;blocksize;network_setup;data_format;dns_format;randiv_pad;vector_type;k;classifier;classifier_args;job_id;fit_time;score_time;accuracy;precision;recall;f1_score;balanced_accuracy;roc_auc
coaps;schc;peer_based;1024;d2;cbor;dns_cbor;1;binvec;5;dt;;20833657;[65.67514657974243, 63.804503440856934, 62.71188282966614, 62.37400937080383, 64.78461456298828];[0.3796379566192627, 0.3831353187561035, 0.3816969394683838, 0.3756277561187744, 0.39277195930480957];[0.5768906463524555, 0.5036780740266915, 0.5246707178786381, 0.5093042188817491, 0.5633495674929127];[0.3296073373459444, 0.3444136657433056, 0.39251125112511254, 0.38614567133229655, 0.4528516893624295];[0.08605851979345955, 0.30704183192396917, 0.40793264733395695, 0.4459494855004677, 0.5947988774555659];[0.13648231663897462, 0.3246557999683494, 0.40007339449541285, 0.4138984875583879, 0.5142090025393437];[0.4874182280374811, 0.46783380231481386, 0.5033885913258549, 0.4977542296858749, 0.5690827482855576];[0.4874182280374811, 0.46783380231481386, 0.5033885913258548, 0.49775422968587496, 0.5690827482855576]
