protocol;link_layer;link_layer_mode;blocksize;network_setup;data_format;dns_format;randiv_pad;vector_type;k;classifier;classifier_args;job_id;fit_time;score_time;accuracy;precision;recall;f1_score;balanced_accuracy;roc_auc
coaps;schc;peer_based;1024;d2;json;dns_cbor;1;binvec;5;dt;;20833657;[66.0476005077362, 67.29127788543701, 63.5802698135376, 66.4363443851471, 67.82630014419556];[0.45464611053466797, 0.43743228912353516, 0.49370646476745605, 0.43772315979003906, 0.6447570323944092];[0.6357664537051152, 0.6441509486259129, 0.46251178003215254, 0.5473141526692167, 0.41956316869006044];[0.5085474881232933, 0.5175862754189574, 0.323090481786134, 0.40312561302556726, 0.07632050134288272];[0.5084333744717454, 0.5844646396649089, 0.41130932346011445, 0.461141446630264, 0.05101353878375346];[0.5084904248952723, 0.5489961885022746, 0.3619013145987923, 0.43018630939920455, 0.06115220802510648];[0.6095824012699561, 0.631877394472465, 0.4519831290440586, 0.5295931373360048, 0.34377265516403754];[0.6095824012699561, 0.631877394472465, 0.4519831290440586, 0.5295931373360048, 0.3437726551640375]
