protocol;link_layer;link_layer_mode;blocksize;network_setup;data_format;dns_format;randiv_pad;vector_type;k;classifier;classifier_args;job_id;fit_time;score_time;accuracy;precision;recall;f1_score;balanced_accuracy;roc_auc
coaps;schc;;1024;p2;json;dns_cbor;0;binvec;5;dt;;20833657;[59.932915925979614, 58.48593735694885, 61.50991988182068, 60.1997857093811, 60.545209884643555];[0.4359464645385742, 0.44970154762268066, 0.44088053703308105, 0.45679497718811035, 0.4700605869293213];[0.7127414300111827, 0.6839700136678033, 0.6921706956773847, 0.7338505929617716, 0.7224469509753841];[0.6043274482855834, 0.5738481080873012, 0.5799155935504815, 0.6321072606675416, 0.6154999825607756];[0.6416117928763844, 0.5577671355881473, 0.6015040407063753, 0.6667789127099937, 0.6602686421970292];[0.6224117593684784, 0.565693361413095, 0.5905125709353364, 0.648980335032775, 0.6370988122314885];[0.6979746963506743, 0.657769904081132, 0.6733480164148877, 0.7199251409478293, 0.7095374629179694];[0.6979746963506743, 0.6577699040811319, 0.6733480164148877, 0.7199251409478292, 0.7095374629179694]
