protocol,link_layer,blocksize,network_setup,data_format,dns_format,test_size,classifier,classifier_args,true_data,false_data,false_dns,true_dns,accuracy,precision,recall,f1_score
coaps,eth,1024,d1,cbor,dns_message,0.2,nb,,22986,1071,13953,11114,0.6941617132155362,0.912105047189167,0.4433717636733554,0.5966927950177172
coaps,eth,1024,d1,cbor,dns_message,0.2,lr,max_iter=600,21884,2173,4554,20513,0.8630608256656624,0.9042140527197391,0.8183268839510113,0.8591292693652754
coaps,eth,1024,d1,cbor,dns_message,0.2,knn,"algorithm=brute,n_jobs=-1",18539,5518,4623,20444,0.7935632277501832,0.7874585933287112,0.8155742609805721,0.8012698661545395
coaps,eth,1024,d1,cbor,dns_message,0.2,dt,,19875,4182,3957,21110,0.8343172380099341,0.8346512731298434,0.8421430566082898,0.8383804285232034
coaps,eth,1024,d1,cbor,dns_message,0.2,rf,"n_estimators=250,max_depth=9",22987,1070,4650,20417,0.8835599706864262,0.950202447991809,0.8144971476443132,0.8771319328092108
