protocol,link_layer,link_layer_mode,blocksize,network_setup,data_format,dns_format,vector_type,run,test_size,classifier,classifier_args,true_dns,false_dns,false_data,true_data,accuracy,precision,recall,f1_score
coaps,eth,,64,p2,json,dns_message,word2vec,1,0.2,lr,max_iter=5000,18682,6355,5513,37394,0.8253267396679619,0.7721430047530482,0.7461756600231657,0.7589372765680859
coaps,eth,,64,p2,json,dns_message,word2vec,1,0.2,knn,algorithm=brute,17423,7614,6366,36541,0.794242317202402,0.7323973264954391,0.6958900826776371,0.7136771392290993
coaps,eth,,64,p2,json,dns_message,word2vec,1,0.2,svm,C=0.01,18285,6752,5883,37024,0.8140380313199105,0.756578947368421,0.7303191276910173,0.7432171527283813
coaps,eth,,64,p2,json,dns_message,word2vec,1,0.2,dt,,20462,4575,4531,38376,0.8659778641233957,0.8187092385868043,0.8172704397491712,0.8179892064761143
coaps,eth,,64,p2,json,dns_message,word2vec,1,0.2,rf,"n_estimators=250,max_depth=9",20653,4384,4952,37955,0.8625927234192865,0.8066002733841047,0.8248991492590966,0.8156470913471032
