protocol,link_layer,blocksize,network_setup,data_format,dns_format,test_size,classifier,classifier_args,true_data,false_data,false_dns,true_dns,accuracy,precision,recall,f1_score
coaps,eth,1024,p2,cbor,dns_cbor,0.2,nb,,23472,638,19154,5860,0.5971012132562495,0.90181594336719,0.23426880946669865,0.3719218075653719
coaps,eth,1024,p2,cbor,dns_cbor,0.2,knn,"algorithm=brute,n_jobs=-1",19573,4537,6080,18934,0.7838734630730396,0.8066976268586766,0.756936115775166,0.7810250592966897
coaps,eth,1024,p2,cbor,dns_cbor,0.2,dt,,19334,4776,4649,20365,0.8081385880628613,0.810031422775546,0.8141440793155833,0.812082544113249
coaps,eth,1024,p2,cbor,dns_cbor,0.2,rf,"n_estimators=250,max_depth=9",22576,1534,4993,20021,0.8671321553619412,0.9288332173509627,0.8003917806028624,0.8598423844188194
coaps,eth,1024,p2,cbor,dns_cbor,0.2,lr,max_iter=2400,20893,3262,5036,19933,0.8310805309013924,0.8593662427247252,0.7983099042813088,0.8277136450460926
