protocol,link_layer,link_layer_mode,blocksize,network_setup,data_format,dns_format,vector_type,run,test_size,classifier,classifier_args,true_dns,false_dns,false_data,true_data,accuracy,precision,recall,f1_score
coaps,schc,,64,p1,json,dns_cbor,word2vec,1,0.2,nb,,14092,3350,30938,18238,0.48530427211864663,0.3129469242727071,0.8079348698543745,0.45114611345882955
coaps,schc,,64,p1,json,dns_cbor,word2vec,1,0.2,lr,max_iter=5000,9241,8201,4550,44626,0.8085952745504218,0.6700746863896744,0.5298130948285747,0.5917459097749176
coaps,schc,,64,p1,json,dns_cbor,word2vec,1,0.2,knn,algorithm=brute,8519,8923,4919,44257,0.7922183193731424,0.6339485042417027,0.4884187593165921,0.5517487046632125
coaps,schc,,64,p1,json,dns_cbor,word2vec,1,0.2,svm,C=0.01,9131,8311,4425,44751,0.8088204389204119,0.673576276187666,0.5235064786148378,0.5891347828892186
coaps,schc,,64,p1,json,dns_cbor,word2vec,1,0.2,dt,,8940,8502,8996,40180,0.7373382569275572,0.49843889384478146,0.5125558995528036,0.5053988354344507
coaps,schc,,64,p1,json,dns_cbor,word2vec,1,0.2,rf,"n_estimators=250,max_depth=9",9460,7982,4805,44371,0.8080548800624456,0.6631615842972309,0.5423689943813783,0.5967136594442868
