protocol,link_layer,link_layer_mode,blocksize,network_setup,data_format,dns_format,vector_type,run,test_size,classifier,classifier_args,true_dns,false_dns,false_data,true_data,accuracy,precision,recall,f1_score
coaps,eth,,64,d1,cbor,dns_cbor,word2vec,1,0.2,nb,,8593,8813,15807,21432,0.5494555769054809,0.352172131147541,0.49368034011260487,0.4110893173228723
coaps,eth,,64,d1,cbor,dns_cbor,word2vec,1,0.2,lr,max_iter=5000,8523,8883,4671,32568,0.7519626681306616,0.6459754433833561,0.48965873836608065,0.5570588235294117
coaps,eth,,64,d1,cbor,dns_cbor,word2vec,1,0.2,knn,algorithm=brute,8797,8609,6575,30664,0.7221337725317961,0.5722742648972157,0.5054004366310467,0.536762462627372
coaps,eth,,64,d1,cbor,dns_cbor,word2vec,1,0.2,svm,C=0.01,8604,8802,4818,32421,0.7507548723579468,0.6410371032632991,0.49431230610134436,0.5581938497469833
coaps,eth,,64,d1,cbor,dns_cbor,word2vec,1,0.2,dt,,9928,7478,7760,29479,0.721145575990484,0.561284486657621,0.5703780305641732,0.5657947227446287
coaps,eth,,64,d1,cbor,dns_cbor,word2vec,1,0.2,rf,"n_estimators=250,max_depth=9",10936,6470,4577,32662,0.7978406075578736,0.7049571327273899,0.6282890957141216,0.6644187247486254
