protocol;link_layer;link_layer_mode;blocksize;network_setup;data_format;dns_format;randiv_pad;vector_type;k;classifier;classifier_args;job_id;fit_time;score_time;accuracy;precision;recall;f1_score;balanced_accuracy;roc_auc
coaps;eth;;64;p2;json;dns_cbor;0;binvec;5;dt;;20833657;[525.2169759273529, 530.4639320373535, 659.6980307102203, 666.0306057929993, 656.6369440555573];[6.049203872680664, 5.948238372802734, 5.800894260406494, 5.6868510246276855, 5.834650039672852];[0.6820321541396891, 0.6723436864658597, 0.6622720590535173, 0.6899924931969598, 0.6163554471239561];[0.5087493290391841, 0.4940539630896954, 0.4678122884861247, 0.5323949639270052, 0.399952515366555];[0.5712666955976662, 0.42468296446308884, 0.29994213800086794, 0.3629481399329749, 0.3655278829230658];[0.5381985849431592, 0.4567494684437069, 0.3655247385121636, 0.43163734893122874, 0.3819661392723975];[0.653235134711779, 0.6079563700865545, 0.5680728211935687, 0.6049640649900387, 0.5511426607782549];[0.653235134711779, 0.6079563700865546, 0.5680728211935687, 0.6049640649900387, 0.551142660778255]
