protocol;link_layer;link_layer_mode;blocksize;network_setup;data_format;dns_format;randiv_pad;vector_type;k;classifier;classifier_args;job_id;fit_time;score_time;accuracy;precision;recall;f1_score;balanced_accuracy;roc_auc
coap;eth;;1024;d2;json;dns_cbor;0;binvec;5;dt;;20833657;[57.834471464157104, 57.7934947013855, 57.550350189208984, 56.705291986465454, 58.76976180076599];[2.302886486053467, 2.2681288719177246, 2.2131683826446533, 2.2282469272613525, 2.303795337677002];[1.0, 1.0, 1.0, 1.0, 1.0];[1.0, 1.0, 1.0, 1.0, 1.0];[1.0, 1.0, 1.0, 1.0, 1.0];[1.0, 1.0, 1.0, 1.0, 1.0];[1.0, 1.0, 1.0, 1.0, 1.0];[1.0, 1.0, 1.0, 1.0, 1.0]
