protocol,link_layer,link_layer_mode,blocksize,network_setup,data_format,dns_format,vector_type,run,test_size,classifier,classifier_args,true_dns,false_dns,false_data,true_data,accuracy,precision,recall,f1_score
coaps,schc,,64,d2,cbor,dns_message,binvec,1,0.2,nb,,21225,3820,3410,39124,0.8930141020139393,0.8615790541911914,0.8474745458175285,0.8544685990338164
coaps,schc,,64,d2,cbor,dns_message,binvec,1,0.2,lr,max_iter=5000,24976,69,14,42520,0.9987718078101185,0.9994397759103641,0.9972449590736674,0.998341161187169
coaps,schc,,64,d2,cbor,dns_message,binvec,1,0.2,knn,algorithm=brute,23888,1157,863,41671,0.970109057547463,0.9651327219102258,0.95380315432222,0.9594344927303398
coaps,schc,,64,d2,cbor,dns_message,binvec,1,0.2,svm,C=0.01,24974,71,0,42534,0.9989493777652821,1.0,0.9971651028149331,0.9985805393950299
coaps,schc,,64,d2,cbor,dns_message,binvec,1,0.2,dt,,25017,28,62,42472,0.9986682253362731,0.9975278121137207,0.9988820123777201,0.9982044529566675
coaps,schc,,64,d2,cbor,dns_message,binvec,1,0.2,rf,"n_estimators=250,max_depth=9",24381,664,133,42401,0.9882063954778851,0.9945745288406624,0.9734877221002196,0.9839181581549264
