protocol;link_layer;link_layer_mode;blocksize;network_setup;data_format;dns_format;randiv_pad;vector_type;k;classifier;classifier_args;job_id;fit_time;score_time;accuracy;precision;recall;f1_score;balanced_accuracy;roc_auc
coaps;schc;peer_based;64;d2;json;dns_cbor;1;binvec;5;dt;;20833657;[92.34355592727661, 100.2891275882721, 97.28011465072632, 102.49834489822388, 95.50735855102539];[0.7689416408538818, 0.9605720043182373, 0.8839738368988037, 0.9655294418334961, 0.8430635929107666];[0.7840216655382533, 0.866941453942131, 0.7957770056619075, 0.8909357399540202, 0.8049119830959928];[0.6213862697732409, 0.8047086764591992, 0.6587958565160357, 0.8846517762422227, 0.67347587993365];[0.7687691306548408, 0.7512954616663855, 0.7020317659251404, 0.743649072065558, 0.7143649072065558];[0.6872650097497387, 0.7770853068754051, 0.6797269704217956, 0.808045359906766, 0.6933180505035147];[0.77980085530977, 0.8349389185726563, 0.7698350314407656, 0.8501761832017578, 0.7798545445241096];[0.7798008553097701, 0.8349389185726562, 0.7698350314407656, 0.8501761832017577, 0.7798545445241095]
