protocol,link_layer,link_layer_mode,blocksize,network_setup,data_format,dns_format,vector_type,run,test_size,classifier,classifier_args,true_dns,false_dns,false_data,true_data,accuracy,precision,recall,f1_score
coaps,schc,,64,d2,json,dns_cbor,binvec,1,0.2,nb,,13120,4104,1217,47794,0.9196648297727787,0.915114738090256,0.7617278216442174,0.8314058489908431
coaps,schc,,64,d2,json,dns_cbor,binvec,1,0.2,lr,max_iter=5000,17221,3,0,49011,0.9999547067260511,1.0,0.9998258244310265,0.9999129046305705
coaps,schc,,64,d2,json,dns_cbor,binvec,1,0.2,knn,algorithm=brute,16790,434,727,48284,0.9824715029818072,0.9584974596106639,0.97480260102183,0.966581272847644
coaps,schc,,64,d2,json,dns_cbor,binvec,1,0.2,svm,C=0.01,17221,3,0,49011,0.9999547067260511,1.0,0.9998258244310265,0.9999129046305705
coaps,schc,,64,d2,json,dns_cbor,binvec,1,0.2,dt,,17222,2,9,49002,0.9998339246621877,0.9994776855667111,0.9998838829540176,0.9996807429981135
coaps,schc,,64,d2,json,dns_cbor,binvec,1,0.2,rf,"n_estimators=250,max_depth=9",17015,209,49,48962,0.9961047784404016,0.9971284575714956,0.9878657686948444,0.9924755016332244
