protocol,link_layer,link_layer_mode,blocksize,network_setup,data_format,dns_format,vector_type,run,test_size,classifier,classifier_args,true_dns,false_dns,false_data,true_data,accuracy,precision,recall,f1_score
coaps,schc,peer_based,1024,d2,json,dns_message,binvec,1,0.2,nb,,7186,6606,4794,19486,0.7005673460811095,0.5998330550918197,0.5210266821345708,0.5576594753996585
coaps,schc,peer_based,1024,d2,json,dns_message,binvec,1,0.2,lr,max_iter=5000,10000,3792,4317,19963,0.7870088253834839,0.6984703499336453,0.7250580046403712,0.7115158845921236
coaps,schc,peer_based,1024,d2,json,dns_message,binvec,1,0.2,knn,algorithm=brute,10266,3526,4780,19500,0.7818344189955873,0.682307590057158,0.7443445475638051,0.7119772522366322
coaps,schc,peer_based,1024,d2,json,dns_message,binvec,1,0.2,svm,C=0.01,9937,3855,4256,20024,0.7869562933389368,0.7001338688085676,0.7204901392111369,0.7101661604430946
coaps,schc,peer_based,1024,d2,json,dns_message,binvec,1,0.2,dt,,9111,4681,4593,19687,0.7564089094347552,0.6648423817863398,0.6606003480278422,0.6627145766656968
coaps,schc,peer_based,1024,d2,json,dns_message,binvec,1,0.2,rf,"n_estimators=250,max_depth=9",7847,5945,2170,22110,0.7868512292498424,0.7833682739343116,0.5689530162412993,0.6591625015750346
