protocol,link_layer,blocksize,network_setup,data_format,dns_format,test_size,classifier,classifier_args,true_data,false_data,false_dns,true_dns,accuracy,precision,recall,f1_score
coaps,eth,1024,p2,cbor,dns_message,0.2,nb,,23147,1113,19423,5441,0.5819558667860923,0.8301800427220019,0.21883043758043758,0.34636195811318354
coaps,eth,1024,p2,cbor,dns_message,0.2,knn,"algorithm=brute,n_jobs=-1",20840,3420,5690,19174,0.8145509323345005,0.8486323802779498,0.7711550836550837,0.8080407939651902
coaps,eth,1024,p2,cbor,dns_message,0.2,dt,,20123,4137,3978,20886,0.8348057975734875,0.8346721016664669,0.8400096525096525,0.837332371158819
coaps,eth,1024,p2,cbor,dns_message,0.2,rf,"n_estimators=250,max_depth=9",23264,996,4690,20174,0.8842520967347935,0.9529522909777988,0.8113738738738738,0.8764825998175262
coaps,eth,1024,p2,cbor,dns_message,0.2,lr,max_iter=2400,22286,1849,4465,20524,0.8714681214884782,0.9173557412953113,0.8213213814078194,0.866686373041679
