protocol,link_layer,blocksize,network_setup,data_format,dns_format,test_size,classifier,classifier_args,true_dns,false_dns,false_data,true_data,accuracy,precision,recall,f1_score
coaps,schc,1024,d1,json,dns_message,0.2,nb,,16795,16622,16368,37621,0.6225659565704872,0.5064378976570274,0.5025885028578269,0.5045058576148994
coaps,schc,1024,d1,json,dns_message,0.2,lr,max_iter=5000,25655,7762,10237,43752,0.7940759215614489,0.714783238604703,0.7677230152317682,0.7403078965213753
coaps,schc,1024,d1,json,dns_message,0.2,knn,algorithm=brute,25043,8374,9150,44839,0.7995103310985516,0.7324013687011961,0.7494089834515366,0.7408075728442538
coaps,schc,1024,d1,json,dns_message,0.2,dt,,23375,10042,9975,44014,0.7709882616753999,0.7008995502248876,0.6994942693838465,0.7001962047119086
coaps,schc,1024,d1,json,dns_message,0.2,rf,"n_estimators=250,max_depth=9",29861,3556,12540,41449,0.8158478822964098,0.7042522582014575,0.893587096388066,0.7877021287820835
