protocol;link_layer;link_layer_mode;blocksize;network_setup;data_format;dns_format;randiv_pad;vector_type;k;classifier;classifier_args;job_id;fit_time;score_time;accuracy;precision;recall;f1_score;balanced_accuracy;roc_auc
coaps;eth;;1024;p1;json;dns_cbor;1;binvec;5;dt;;20833657;[115.99901056289673, 115.04745554924011, 117.00863862037659, 110.30311727523804, 115.14590167999268];[1.7350316047668457, 1.7553341388702393, 1.7322649955749512, 1.7357664108276367, 1.7323048114776611];[0.7348505796022546, 0.7561364699876633, 0.7355468583826095, 0.7855106989407411, 0.7748330284596078];[0.7546116952591773, 0.766109785202864, 0.7721954576737784, 0.8047219069239501, 0.8071309721892085];[0.696060915433044, 0.7373973709958735, 0.6682264857276556, 0.7539881737354831, 0.7222529459309993];[0.7241547176491414, 0.7514794182038887, 0.716458756186002, 0.7785293859263814, 0.7623366710071393];[0.7348514046684937, 0.7561364699876633, 0.7355468583826095, 0.7855106989407411, 0.7748330284596078];[0.7348514046684939, 0.7561364699876633, 0.7355468583826096, 0.7855106989407411, 0.7748330284596078]
