protocol,link_layer,link_layer_mode,blocksize,network_setup,data_format,dns_format,vector_type,run,test_size,classifier,classifier_args,true_dns,false_dns,false_data,true_data,accuracy,precision,recall,f1_score
coaps,schc,,1024,d1,json,dns_message,word2vec,1,0.2,nb,,7947,5983,6144,17969,0.6812291354519885,0.5639770065999574,0.5704953338119167,0.5672174440598123
coaps,schc,,1024,d1,json,dns_message,word2vec,1,0.2,lr,max_iter=5000,11479,2451,3134,20979,0.8531924401335331,0.7855334291384384,0.824048815506102,0.8043303086571139
coaps,schc,,1024,d1,json,dns_message,word2vec,1,0.2,knn,algorithm=brute,10963,2967,4207,19906,0.8114239150435034,0.7226763348714568,0.7870064608758076,0.7534707903780069
coaps,schc,,1024,d1,json,dns_message,word2vec,1,0.2,svm,C=0.01,11685,2245,4007,20106,0.8356596482927214,0.7446469538618404,0.8388370423546303,0.7889406522179461
coaps,schc,,1024,d1,json,dns_message,word2vec,1,0.2,dt,,12503,1427,1578,22535,0.9210104355597614,0.8879340955898019,0.8975592246949031,0.8927207168612331
coaps,schc,,1024,d1,json,dns_message,word2vec,1,0.2,rf,"n_estimators=250,max_depth=9",12479,1451,1751,22362,0.9158320847462083,0.8769501054111033,0.8958363244795405,0.8862926136363637
