protocol,link_layer,link_layer_mode,blocksize,network_setup,data_format,dns_format,vector_type,run,test_size,classifier,classifier_args,true_dns,false_dns,false_data,true_data,accuracy,precision,recall,f1_score
coaps,schc,,1024,d2,json,dns_cbor,word2vec,1,0.2,nb,,9425,1903,8208,16164,0.7167787114845938,0.5345091589633074,0.8320091807909604,0.6508753150788992
coaps,schc,,1024,d2,json,dns_cbor,word2vec,1,0.2,lr,max_iter=5000,10581,747,311,24061,0.9703641456582633,0.9714469335291958,0.9340572033898306,0.9523852385238524
coaps,schc,,1024,d2,json,dns_cbor,word2vec,1,0.2,knn,algorithm=brute,10021,1307,430,23942,0.9513445378151261,0.9588556119031671,0.884622175141243,0.9202442720051426
coaps,schc,,1024,d2,json,dns_cbor,word2vec,1,0.2,svm,C=0.01,10505,823,211,24161,0.9710364145658263,0.9803098170959313,0.927348163841808,0.9530938123752495
coaps,schc,,1024,d2,json,dns_cbor,word2vec,1,0.2,dt,,10657,671,769,23603,0.9596638655462185,0.9326973569053036,0.9407662429378532,0.936714423837567
coaps,schc,,1024,d2,json,dns_cbor,word2vec,1,0.2,rf,"n_estimators=250,max_depth=9",10318,1010,89,24283,0.9692156862745098,0.9914480638032094,0.910840395480226,0.9494363929146538
