protocol;link_layer;link_layer_mode;blocksize;network_setup;data_format;dns_format;randiv_pad;vector_type;k;classifier;classifier_args;job_id;fit_time;score_time;accuracy;precision;recall;f1_score;balanced_accuracy;roc_auc
coaps;schc;;64;p2;cbor;dns_message;0;binvec;5;dt;;20833657;[137.9115867614746, 136.59079122543335, 130.06567096710205, 172.65708684921265, 190.27881693840027];[0.991936206817627, 1.0220420360565186, 1.0122723579406738, 0.9870796203613281, 0.9551525115966797];[0.7859630548048258, 0.7970591513192722, 0.8103620013513231, 0.6846819863056637, 0.7813085544325488];[0.7487133550488599, 0.7601560855556095, 0.7703277855418625, 0.6091339398982389, 0.6951641775443272];[0.7503019422229477, 0.7662477558348294, 0.7916891086846529, 0.728835136855506, 0.8683510421257079];[0.7495068068802478, 0.7631897651811332, 0.7808623839918865, 0.6636300138209812, 0.7721658611631181];[0.7814078063607022, 0.7931233918552474, 0.8079766660394125, 0.6903222516367354, 0.792427641509059];[0.7814078063607022, 0.7931233918552473, 0.8079766660394125, 0.6903222516367354, 0.7924276415090591]
