protocol;link_layer;link_layer_mode;blocksize;network_setup;data_format;dns_format;randiv_pad;vector_type;k;classifier;classifier_args;job_id;fit_time;score_time;accuracy;precision;recall;f1_score;balanced_accuracy;roc_auc
coap;eth;;64;d1;cbor;dns_message;0;binvec;5;dt;;20833657;[237.19962859153748, 349.3091194629669, 350.50039505958557, 344.26199650764465, 347.4552721977234];[4.246899127960205, 4.257812023162842, 4.185609340667725, 4.2147276401519775, 4.17237114906311];[0.8426548951600189, 0.9837993618121508, 0.9850227653965972, 0.9856786106171251, 0.9862903124093483];[0.7998828268033688, 0.9830224079808411, 0.9786031793867249, 0.981388451761288, 0.9819545915203218];[0.8287101669195751, 0.9779059180576631, 0.9855083459787557, 0.9842030986813154, 0.9851135829071761];[0.8140413638904416, 0.9804574879998783, 0.9820436245416398, 0.9827937599915143, 0.983531550640103];[0.8406404894484576, 0.9829480385549123, 0.985092908772877, 0.9854654554642077, 0.9861203199132589];[0.8406404894484576, 0.9829480385549122, 0.985092908772877, 0.9854654554642078, 0.9861203199132589]
