protocol,link_layer,link_layer_mode,blocksize,network_setup,data_format,dns_format,vector_type,run,test_size,classifier,classifier_args,true_dns,false_dns,false_data,true_data,accuracy,precision,recall,f1_score
coaps,schc,,64,p2,cbor,dns_message,word2vec,1,0.2,nb,,19994,5269,17768,25067,0.6617081265235396,0.5294740744663948,0.7914341131298738,0.6344783815946053
coaps,schc,,64,p2,cbor,dns_message,word2vec,1,0.2,lr,max_iter=5000,19409,5854,3837,38998,0.8576903873828894,0.8349393444033382,0.7682777184024067,0.8002226390978994
coaps,schc,,64,p2,cbor,dns_message,word2vec,1,0.2,knn,algorithm=brute,20065,5198,4321,38514,0.8602161590648771,0.8228081686213401,0.7942445473617543,0.8082740840701726
coaps,schc,,64,p2,cbor,dns_message,word2vec,1,0.2,svm,C=0.01,19020,6243,3421,39414,0.8580868747980851,0.8475558130208102,0.7528797054981594,0.797417407345296
coaps,schc,,64,p2,cbor,dns_message,word2vec,1,0.2,dt,,19755,5508,5808,37027,0.8338277188757379,0.7727966201150099,0.7819736373352334,0.7773580450950301
coaps,schc,,64,p2,cbor,dns_message,word2vec,1,0.2,rf,"n_estimators=250,max_depth=9",19718,5545,3600,39235,0.8657082440012922,0.8456128312891329,0.7805090448481969,0.8117576830448118
