protocol;link_layer;link_layer_mode;blocksize;network_setup;data_format;dns_format;randiv_pad;vector_type;k;classifier;classifier_args;job_id;fit_time;score_time;accuracy;precision;recall;f1_score;balanced_accuracy;roc_auc
coaps;schc;;1024;p1;cbor;dns_message;0;binvec;5;dt;;20833657;[89.808189868927, 91.66346192359924, 90.6676709651947, 88.73858213424683, 96.00303483009338];[0.565495491027832, 0.5429964065551758, 0.5431520938873291, 0.514249324798584, 0.5569307804107666];[0.6960647502093218, 0.692365965816964, 0.7046463411392573, 0.701243986071609, 0.7221498631083704];[0.6617283157116689, 0.6594441367176045, 0.667752545027408, 0.6613376130366346, 0.6899077933560692];[0.6252201372441853, 0.6145320944920143, 0.6472945891783567, 0.6506346025384101, 0.6633873808222506];[0.6429563941234329, 0.636196463654224, 0.6573644367011517, 0.6559424504476926, 0.6763877279341197];[0.6882157317197788, 0.6837433092295564, 0.6982927517131265, 0.6956373353053211, 0.7156399889834992];[0.6882157317197788, 0.6837433092295564, 0.6982927517131267, 0.6956373353053211, 0.7156399889834992]
