protocol;link_layer;link_layer_mode;blocksize;network_setup;data_format;dns_format;randiv_pad;vector_type;k;classifier;classifier_args;job_id;fit_time;score_time;accuracy;precision;recall;f1_score;balanced_accuracy;roc_auc
coap;eth;;64;d1;json;dns_cbor;0;binvec;5;dt;;20833657;[264.04561734199524, 495.82518911361694, 393.60079884529114, 411.39238262176514, 481.903706073761];[4.880485534667969, 4.329243421554565, 3.968230962753296, 4.000286340713501, 4.908539056777954];[0.707786039947894, 0.9967094550586192, 0.9966212548849327, 0.9963363004776379, 0.9947079536742406];[0.48841294907224636, 0.9941291585127201, 0.9923173893394858, 0.9910936943355896, 0.9839905826957034];[0.5905814397555853, 0.9942952619644349, 0.9958228905597326, 0.9960615825277479, 0.9976130803198472];[0.5346600976705994, 0.9942122033008342, 0.9940670494889084, 0.9935714285714285, 0.9907550077041603];[0.6724566787767082, 0.9959817210511294, 0.9963805960614052, 0.9962534895396543, 0.9955836691505962];[0.6724566787767082, 0.9959817210511294, 0.996380596061405, 0.9962534895396543, 0.9955836691505962]
