protocol;link_layer;link_layer_mode;blocksize;network_setup;data_format;dns_format;randiv_pad;vector_type;k;classifier;classifier_args;job_id;fit_time;score_time;accuracy;precision;recall;f1_score;balanced_accuracy;roc_auc
coaps;schc;;64;d1;cbor;dns_message;1;binvec;5;dt;;20833657;[209.5958971977234, 221.03789973258972, 223.74324107170105, 244.71173453330994, 224.55881357192993];[1.039365530014038, 1.0223920345306396, 1.0233733654022217, 1.034320592880249, 0.9826796054840088];[0.6322469598802144, 0.7954548634919747, 0.7718110004827842, 0.7747007087831739, 0.7176132268875812];[0.5816291557180395, 0.7442946852504212, 0.7044076542678994, 0.725844976972914, 0.6211340206185567];[0.49965649229561293, 0.7948931854614454, 0.803857100794975, 0.7605384980288878, 0.87123157705331];[0.5375356350966107, 0.768762260330317, 0.7508537116402723, 0.7427868485797361, 0.7252265439369285];[0.615505362595207, 0.7953839429532492, 0.7758571698602383, 0.7729124240523468, 0.7370108587080997];[0.615505362595207, 0.7953839429532492, 0.7758571698602383, 0.7729124240523467, 0.7370108587080997]
