protocol,link_layer,blocksize,network_setup,data_format,dns_format,test_size,classifier,classifier_args,true_data,false_data,false_dns,true_dns,accuracy,precision,recall,f1_score
coaps,eth,1024,p1,cbor,dns_message,0.2,nb,,23040,1075,14527,10482,0.6823955703932905,0.906982780998529,0.4191291135191331,0.5733194771098835
coaps,eth,1024,p1,cbor,dns_message,0.2,lr,max_iter=600,22304,1811,4446,20563,0.8726284504519176,0.9190578349870385,0.8222239993602303,0.8679484203195239
coaps,eth,1024,p1,cbor,dns_message,0.2,knn,"algorithm=brute,n_jobs=-1",21383,2732,6171,18838,0.818764758570149,0.873342605470561,0.7532488304210484,0.8088623628673866
coaps,eth,1024,p1,cbor,dns_message,0.2,dt,,19855,4260,3816,21193,0.8355997068642619,0.832632695556516,0.847414930624975,0.8399587808648091
coaps,eth,1024,p1,cbor,dns_message,0.2,rf,"n_estimators=250,max_depth=9",23030,1085,4489,20520,0.8865320413647098,0.9497801434853044,0.8205046183373985,0.8804221907581413
