protocol;link_layer;link_layer_mode;blocksize;network_setup;data_format;dns_format;randiv_pad;vector_type;k;classifier;classifier_args;job_id;fit_time;score_time;accuracy;precision;recall;f1_score;balanced_accuracy;roc_auc
coaps;schc;;1024;d1;cbor;dns_cbor;0;binvec;5;dt;;20833657;[38.440269947052, 34.434218645095825, 36.13041853904724, 36.551730155944824, 38.6015989780426];[0.4017527103424072, 0.3554985523223877, 0.3561270236968994, 0.3419175148010254, 0.3887927532196045];[0.936635073845796, 0.942638678916153, 0.9487876497267124, 0.9431183858588208, 0.9455015917779942];[0.910037392770731, 0.916459491079263, 0.9245179466539827, 0.919902823278242, 0.9261209806030486];[0.9287290957387108, 0.937855432505238, 0.9453756360371146, 0.9350119724633343, 0.9342636935049387];[0.9192882404132797, 0.9270340236686391, 0.9348304630126344, 0.927395862324891, 0.9301745171444004];[0.9351940179499487, 0.9417667234797016, 0.948165661304978, 0.9416406381905869, 0.943453079189528];[0.9351940179499488, 0.9417667234797016, 0.9481656613049779, 0.941640638190587, 0.943453079189528]
