protocol;link_layer;link_layer_mode;blocksize;network_setup;data_format;dns_format;randiv_pad;vector_type;k;classifier;classifier_args;job_id;fit_time;score_time;accuracy;precision;recall;f1_score;balanced_accuracy;roc_auc
coaps;eth;;1024;d2;json;dns_cbor;1;binvec;5;dt;;20833657;[93.6528947353363, 63.84730243682861, 52.518733739852905, 76.86681008338928, 54.75102877616882];[1.7002296447753906, 1.7589197158813477, 1.6987428665161133, 1.7053606510162354, 1.6985554695129395];[0.9999574603849836, 1.0, 1.0, 1.0, 1.0];[1.0, 1.0, 1.0, 1.0, 1.0];[0.9999149225795474, 1.0, 1.0, 1.0, 1.0];[0.9999574594801548, 1.0, 1.0, 1.0, 1.0];[0.9999574612897737, 1.0, 1.0, 1.0, 1.0];[0.9999574612897737, 1.0, 1.0, 1.0, 1.0]
