protocol,link_layer,link_layer_mode,blocksize,network_setup,data_format,dns_format,vector_type,run,test_size,classifier,classifier_args,true_dns,false_dns,false_data,true_data,accuracy,precision,recall,f1_score
coaps,schc,,64,d1,cbor,dns_message,word2vec,1,0.2,nb,,24047,1275,34042,8250,0.4776673469991422,0.41396822117784776,0.949648526972593,0.5765906175444486
coaps,schc,,64,d1,cbor,dns_message,word2vec,1,0.2,lr,max_iter=5000,18593,6729,3086,39206,0.8548377554944242,0.8576502606208773,0.7342626964694732,0.791174655858386
coaps,schc,,64,d1,cbor,dns_message,word2vec,1,0.2,knn,algorithm=brute,19772,5550,3131,39161,0.8716094299997043,0.8632930183818713,0.7808229997630519,0.8199896319336444
coaps,schc,,64,d1,cbor,dns_message,word2vec,1,0.2,svm,C=0.01,18083,7239,2972,39320,0.8489809802703582,0.8588458798385181,0.7141221072585104,0.7798262069560342
coaps,schc,,64,d1,cbor,dns_message,word2vec,1,0.2,dt,,20803,4519,4631,37661,0.8646729967166563,0.8179208932924432,0.821538583050312,0.8197257467097486
coaps,schc,,64,d1,cbor,dns_message,word2vec,1,0.2,rf,"n_estimators=250,max_depth=9",18636,6686,2021,40271,0.8712248942526696,0.9021639153797744,0.7359608245794171,0.8106309402118358
