protocol,link_layer,blocksize,network_setup,data_format,dns_format,test_size,classifier,classifier_args,true_dns,false_dns,false_data,true_data,accuracy,precision,recall,f1_score
coaps,eth,1024,d1,json,dns_message,0.2,nb,,22975,1070,19635,5658,0.5803437512667721,0.5391926777751701,0.9555001039717197,0.6893706398619759
coaps,eth,1024,d1,json,dns_message,0.2,lr,max_iter=5000,21886,2159,4675,20618,0.8614860756414934,0.8239900606151876,0.9102100228737783,0.8649567244990712
coaps,eth,1024,d1,json,dns_message,0.2,knn,algorithm=brute,21089,2956,6939,18354,0.7994446471279744,0.7524261452832881,0.877063838635891,0.8099782996946594
coaps,eth,1024,d1,json,dns_message,0.2,dt,,19445,4600,4269,21024,0.8202399772994446,0.8199797587922746,0.8086920357662716,0.814296781758412
coaps,eth,1024,d1,json,dns_message,0.2,rf,"n_estimators=250,max_depth=9",22696,1349,4588,20705,0.8796667882767847,0.8318428382935054,0.9438968600540653,0.8843343918642482
