protocol,link_layer,link_layer_mode,blocksize,network_setup,data_format,dns_format,vector_type,run,test_size,classifier,classifier_args,true_dns,false_dns,false_data,true_data,accuracy,precision,recall,f1_score
coaps,schc,,1024,p2,json,dns_cbor,binvec,1,0.2,nb,,8873,2412,4738,19952,0.8012508686587908,0.6518991991771361,0.7862649534780682,0.7128052699228792
coaps,schc,,1024,p2,json,dns_cbor,binvec,1,0.2,lr,max_iter=5000,8304,2981,2937,21753,0.835496872828353,0.7387243127835602,0.7358440407620735,0.7372813637574358
coaps,schc,,1024,p2,json,dns_cbor,binvec,1,0.2,knn,algorithm=brute,8608,2677,3057,21633,0.8406115357887421,0.7379339905700815,0.7627824545857332,0.750152505446623
coaps,schc,,1024,p2,json,dns_cbor,binvec,1,0.2,svm,C=0.01,8307,2978,2865,21825,0.8375816539263378,0.7435553168635876,0.7361098803721755,0.739813866500423
coaps,schc,,1024,p2,json,dns_cbor,binvec,1,0.2,dt,,9696,1589,1903,22787,0.9029325920778318,0.8359341322527805,0.8591936198493576,0.8474042999475616
coaps,schc,,1024,p2,json,dns_cbor,binvec,1,0.2,rf,"n_estimators=250,max_depth=9",8585,2700,2732,21958,0.8490062543432939,0.758593266766811,0.7607443509082853,0.7596672860808777
