protocol,link_layer,blocksize,network_setup,data_format,dns_format,test_size,classifier,classifier_args,true_dns,false_dns,false_data,true_data,accuracy,precision,recall,f1_score
coaps,eth,1024,p2,cbor,dns_message,0.2,nb,,22896,1107,15972,9149,0.6523288005862715,0.5890707008335906,0.953880764904387,0.7283485231664838
coaps,eth,1024,p2,cbor,dns_message,0.2,lr,max_iter=2800,22236,1806,4553,20529,0.8705520723068154,0.8300421814924036,0.9248814574494635,0.8748991756998682
coaps,eth,1024,p2,cbor,dns_message,0.2,knn,"algorithm=brute,n_jobs=-1",20970,3033,5420,19701,0.8279252503867763,0.7946191739295188,0.8736407949006374,0.8322584485940507
coaps,eth,1024,p2,cbor,dns_message,0.2,dt,,19776,4227,3938,21183,0.8337879651494178,0.8339377582862444,0.8238970128733908,0.828886979483203
coaps,eth,1024,p2,cbor,dns_message,0.2,rf,"n_estimators=250,max_depth=9",22975,1028,4684,20437,0.8837228238742774,0.830651867384938,0.9571720201641462,0.889435174789981
