protocol,link_layer,link_layer_mode,blocksize,network_setup,data_format,dns_format,vector_type,run,test_size,classifier,classifier_args,true_dns,false_dns,false_data,true_data,accuracy,precision,recall,f1_score
coaps,eth,,1024,p1,json,dns_cbor,word2vec,1,0.2,nb,,8902,1169,4684,5409,0.7097302122594723,0.6552333284263212,0.8839241386158276,0.7525890856828845
coaps,eth,,1024,p1,json,dns_cbor,word2vec,1,0.2,lr,max_iter=5000,8756,1315,2731,7362,0.7993453679825432,0.7622529816314094,0.8694270678184888,0.8123202523425178
coaps,eth,,1024,p1,json,dns_cbor,word2vec,1,0.2,knn,algorithm=brute,8394,1677,2946,7147,0.7707300138861337,0.7402116402116402,0.8334822758415251,0.7840829480173742
coaps,eth,,1024,p1,json,dns_cbor,word2vec,1,0.2,svm,C=0.01,8723,1348,2887,7206,0.7899722277325928,0.7513350559862187,0.8661503326382683,0.8046676813800101
coaps,eth,,1024,p1,json,dns_cbor,word2vec,1,0.2,dt,,7710,2361,2300,7793,0.7688454671692124,0.7702297702297702,0.765564492106047,0.7678900453164683
coaps,eth,,1024,p1,json,dns_cbor,word2vec,1,0.2,rf,"n_estimators=250,max_depth=9",9428,643,3011,7082,0.8187859551676254,0.7579387410563551,0.9361533114884322,0.8376721457130164
