protocol;link_layer;link_layer_mode;blocksize;network_setup;data_format;dns_format;randiv_pad;vector_type;k;classifier;classifier_args;job_id;fit_time;score_time;accuracy;precision;recall;f1_score;balanced_accuracy;roc_auc
coaps;schc;;1024;d2;cbor;dns_message;0;binvec;5;dt;;20833657;[66.18089461326599, 66.89975142478943, 67.67871236801147, 65.49503922462463, 66.7132158279419];[0.5071589946746826, 0.5137975215911865, 0.5144064426422119, 0.5106732845306396, 0.5112311840057373];[0.8887122416534181, 0.899132944115643, 0.90812413995805, 0.9076966239595997, 0.9107426754485578];[0.8736131063361555, 0.8762865069657827, 0.8876781223805532, 0.8869906049907247, 0.8958017351210338];[0.8720139121945266, 0.8961771974250237, 0.9046587546145163, 0.9044451902248528, 0.9009671415931904];[0.8728127767429077, 0.886120244954599, 0.8960880010879255, 0.8956328645447816, 0.8983770135223522];[0.8868673449359761, 0.8988063816663551, 0.9077412706380563, 0.9073373928497463, 0.9096626362526963];[0.8868673449359761, 0.8988063816663551, 0.9077412706380562, 0.9073373928497462, 0.9096626362526963]
