protocol,link_layer,blocksize,network_setup,data_format,dns_format,test_size,classifier,classifier_args,true_data,false_data,false_dns,true_dns,accuracy,precision,recall,f1_score
coaps,eth,1024,p2,json,dns_cbor,0.2,nb,,23620,517,19027,6190,0.6040037281679297,0.9229163560459221,0.24546932624816592,0.38779601553690013
coaps,eth,1024,p2,json,dns_cbor,0.2,lr,max_iter=600,20669,3468,5465,19752,0.8190014993718847,0.8506459948320414,0.7832811198794464,0.8155748704502757
coaps,eth,1024,p2,json,dns_cbor,0.2,knn,"algorithm=brute,n_jobs=-1",19828,4309,7120,18097,0.7684280909348786,0.8076854413996251,0.7176507911329658,0.7600109190937152
coaps,eth,1024,p2,json,dns_cbor,0.2,dt,,19027,5110,4794,20423,0.7993273088300847,0.7998668389926762,0.8098901534678986,0.8048472906403941
coaps,eth,1024,p2,json,dns_cbor,0.2,rf,"n_estimators=250,max_depth=9",22356,1781,5247,19970,0.8576001945131094,0.9181187071858765,0.7919260816116113,0.8503662067790836
