protocol,link_layer,link_layer_mode,blocksize,network_setup,data_format,dns_format,vector_type,run,test_size,classifier,classifier_args,true_dns,false_dns,false_data,true_data,accuracy,precision,recall,f1_score
https,eth,,1024,p1,json,dns_message,binvec,1,0.2,nb,,12385,7552,6462,13929,0.6524995040666535,0.6571337613413275,0.6212068014244871,0.6386654290429042
https,eth,,1024,p1,json,dns_message,binvec,1,0.2,lr,max_iter=5000,19638,299,370,20021,0.9834110295576275,0.9815073970411835,0.9850027586898731,0.9832519714607585
https,eth,,1024,p1,json,dns_message,binvec,1,0.2,knn,algorithm=brute,16043,3894,5572,14819,0.7652747470739932,0.7422160536664354,0.8046847569845011,0.7721890643049673
https,eth,,1024,p1,json,dns_message,binvec,1,0.2,svm,C=0.01,19551,386,276,20115,0.9835846062289229,0.9860795884400061,0.9806390128906054,0.9833517754753043
https,eth,,1024,p1,json,dns_message,binvec,1,0.2,dt,,19937,0,1,20390,0.9999752033326721,0.9999498445180058,1.0,0.999974921630094
https,eth,,1024,p1,json,dns_message,binvec,1,0.2,rf,"n_estimators=250,max_depth=9",18071,1866,3790,16601,0.8597500495933347,0.8266319015598554,0.9064051763053619,0.86468252069477
