protocol,link_layer,link_layer_mode,blocksize,network_setup,data_format,dns_format,vector_type,run,test_size,classifier,classifier_args,true_dns,false_dns,false_data,true_data,accuracy,precision,recall,f1_score
https,eth,,1024,d1,cbor,dns_message,word2vec,1,0.2,nb,,19107,1026,17260,2935,0.5465681412418171,0.5253939010641515,0.9490388913723737,0.676353982300885
https,eth,,1024,d1,cbor,dns_message,word2vec,1,0.2,lr,max_iter=5000,12445,7688,7077,13118,0.6338772069033922,0.6374859133285524,0.6181393731684299,0.627663598537385
https,eth,,1024,d1,cbor,dns_message,word2vec,1,0.2,knn,algorithm=brute,13357,6776,7961,12234,0.6345715135885737,0.6265597147950089,0.6634381363929867,0.6444717859641504
https,eth,,1024,d1,cbor,dns_message,word2vec,1,0.2,svm,C=0.01,11766,8367,6479,13716,0.6318686768498314,0.6448890106878596,0.5844136492326032,0.6131637917556934
https,eth,,1024,d1,cbor,dns_message,word2vec,1,0.2,dt,,16881,3252,3100,17095,0.8424915691331085,0.8448526099794805,0.8384741469229623,0.841651293812634
https,eth,,1024,d1,cbor,dns_message,word2vec,1,0.2,rf,"n_estimators=250,max_depth=9",12876,7257,4389,15806,0.7112180122991469,0.7457862728062554,0.6395470123677545,0.6885929728862507
