protocol;link_layer;link_layer_mode;blocksize;network_setup;data_format;dns_format;randiv_pad;vector_type;k;classifier;classifier_args;job_id;fit_time;score_time;accuracy;precision;recall;f1_score;balanced_accuracy;roc_auc
https;eth;;1024;d1;json;dns_cbor;0;binvec;5;dt;;20833657;[445.6628360748291, 453.36837124824524, 458.55146074295044, 447.28827595710754, 465.5487651824951];[5.0030436515808105, 5.6667070388793945, 5.03818941116333, 5.570299386978149, 5.83126425743103];[0.7033397846260732, 0.5805543149223363, 0.5898663821445852, 0.6023224941999678, 0.8237162388496706];[0.8556605806829028, 0.7447187013564599, 0.7213270743466126, 0.6907773923689043, 0.8462561482763716];[0.5911092204615548, 0.42739551207061577, 0.4837282511592292, 0.5760837197430553, 0.8526821797762368];[0.6991974237049337, 0.5431030987742747, 0.5791041735631891, 0.628238732574053, 0.8494570111776235];[0.7257698592706416, 0.6111641884983166, 0.611077260832227, 0.6075661088816202, 0.8179276211930099];[0.7257698592706416, 0.6111641884983167, 0.611077260832227, 0.6075661088816202, 0.8179276211930099]
