protocol;link_layer;link_layer_mode;blocksize;network_setup;data_format;dns_format;randiv_pad;vector_type;k;classifier;classifier_args;job_id;fit_time;score_time;accuracy;precision;recall;f1_score;balanced_accuracy;roc_auc
https;eth;;1024;p1;json;dns_cbor;0;binvec;5;dt;;20833657;[658.0631775856018, 655.3108718395233, 361.33158016204834, 538.0342423915863, 523.6626536846161];[5.45270562171936, 6.15293550491333, 5.635775327682495, 5.094039440155029, 5.2202372550964355];[0.9999875936678081, 1.0, 0.962681752766612, 1.0, 1.0];[1.0, 1.0, 0.9680095290764453, 1.0, 1.0];[0.9999787301924917, 1.0, 0.9680095290764453, 1.0, 1.0];[0.9999893649831435, 1.0, 0.9680095290764453, 1.0, 1.0];[0.9999893650962459, 1.0, 0.9616171491765079, 1.0, 1.0];[0.9999893650962459, 1.0, 0.9616171491765078, 1.0, 1.0]
