protocol;link_layer;link_layer_mode;blocksize;network_setup;data_format;dns_format;randiv_pad;vector_type;k;classifier;classifier_args;job_id;fit_time;score_time;accuracy;precision;recall;f1_score;balanced_accuracy;roc_auc
https;eth;;1024;p2;cbor;dns_cbor;0;binvec;5;dt;;20833657;[165.57433032989502, 156.77800917625427, 155.0364682674408, 173.55443930625916, 150.45212197303772];[3.387892723083496, 3.394305944442749, 3.3832314014434814, 3.3790950775146484, 3.4540441036224365];[0.9141233685673168, 1.0, 1.0, 1.0, 1.0];[0.9483973426980115, 1.0, 1.0, 1.0, 1.0];[0.9018398383494629, 1.0, 1.0, 1.0, 1.0];[0.9245328274568806, 1.0, 1.0, 1.0, 1.0];[0.9165783192461834, 1.0, 1.0, 1.0, 1.0];[0.9165783192461835, 1.0, 1.0, 1.0, 1.0]
