protocol;link_layer;link_layer_mode;blocksize;network_setup;data_format;dns_format;randiv_pad;vector_type;k;classifier;classifier_args;job_id;fit_time;score_time;accuracy;precision;recall;f1_score;balanced_accuracy;roc_auc
https;eth;;1024;d2;cbor;dns_cbor;0;binvec;5;dt;;20937591;[111.57007455825806, 89.8754072189331, 92.74847841262817, 116.72754287719727, 101.61238026618958];[4.376999139785767, 3.351325750350952, 3.588700532913208, 5.982199430465698, 4.170537233352661];[1.0, 1.0, 1.0, 1.0, 0.8816793419599767];[1.0, 1.0, 1.0, 1.0, 1.0];[1.0, 1.0, 1.0, 1.0, 0.7971455311183903];[1.0, 1.0, 1.0, 1.0, 0.887124072386408];[1.0, 1.0, 1.0, 1.0, 0.8985727655591951];[1.0, 1.0, 1.0, 1.0, 0.8985727655591951]
