protocol,link_layer,link_layer_mode,blocksize,network_setup,data_format,dns_format,vector_type,run,test_size,classifier,classifier_args,true_dns,false_dns,false_data,true_data,accuracy,precision,recall,f1_score
https,eth,,1024,p2,json,dns_message,binvec,1,0.2,nb,,13897,6275,6424,13732,0.6851071216028566,0.6838738251070321,0.6889252429109657,0.6863902402884449
https,eth,,1024,p2,json,dns_message,binvec,1,0.2,lr,max_iter=5000,19878,294,371,19785,0.9835102162269391,0.9816781075608672,0.9854253420582987,0.983548155661661
https,eth,,1024,p2,json,dns_message,binvec,1,0.2,knn,algorithm=brute,16155,4017,5406,14750,0.7663410037690934,0.7492695144010018,0.8008625817965497,0.7742074617209402
https,eth,,1024,p2,json,dns_message,binvec,1,0.2,svm,C=0.01,19785,387,273,19883,0.9836341995635787,0.9863894705354472,0.9808149910767401,0.9835943325876212
https,eth,,1024,p2,json,dns_message,binvec,1,0.2,dt,,20172,0,0,20156,1.0,1.0,1.0,1.0
https,eth,,1024,p2,json,dns_message,binvec,1,0.2,rf,"n_estimators=250,max_depth=9",17325,2847,3757,16399,0.836242808966475,0.8217911014135282,0.858863771564545,0.8399185533524022
