protocol,link_layer,link_layer_mode,blocksize,network_setup,data_format,dns_format,vector_type,run,test_size,classifier,classifier_args,true_dns,false_dns,false_data,true_data,accuracy,precision,recall,f1_score
https,eth,,1024,p1,cbor,dns_message,word2vec,1,0.2,nb,,9363,10971,6157,13837,0.5752826820075382,0.6032860824742268,0.4604603127766303,0.5222848217772076
https,eth,,1024,p1,cbor,dns_message,word2vec,1,0.2,lr,max_iter=5000,11953,8381,5203,14791,0.6631620710176552,0.6967241781301002,0.587833185797187,0.6376633769005068
https,eth,,1024,p1,cbor,dns_message,word2vec,1,0.2,knn,algorithm=brute,13004,7330,7253,12741,0.6383902003570721,0.6419509305425285,0.639520015737189,0.6407331674509128
https,eth,,1024,p1,cbor,dns_message,word2vec,1,0.2,svm,C=0.01,11896,8438,5291,14703,0.6595665542551081,0.6921510443940188,0.5850299990164257,0.6340982383198742
https,eth,,1024,p1,cbor,dns_message,word2vec,1,0.2,dt,,20208,126,152,19842,0.9931065264828407,0.9925343811394892,0.993803481853054,0.9931685260726397
https,eth,,1024,p1,cbor,dns_message,word2vec,1,0.2,rf,"n_estimators=250,max_depth=9",13762,6572,4418,15576,0.7274846260662567,0.756985698569857,0.6767974820497689,0.7146492184660124
