protocol;link_layer;link_layer_mode;blocksize;network_setup;data_format;dns_format;randiv_pad;vector_type;k;classifier;classifier_args;job_id;fit_time;score_time;accuracy;precision;recall;f1_score;balanced_accuracy;roc_auc
https;eth;;1024;p1;cbor;dns_cbor;0;binvec;5;dt;;20937591;[183.5331311225891, 339.6528232097626, 295.9934079647064, 228.56362390518188, 224.2189519405365];[3.920485258102417, 4.213182210922241, 5.049930095672607, 4.296185255050659, 4.526900768280029];[0.9999875936678081, 1.0, 0.9694183911468414, 1.0, 1.0];[1.0, 1.0, 0.9737944823772148, 1.0, 1.0];[0.9999787301924917, 1.0, 0.9737737695154635, 1.0, 1.0];[0.9999893649831435, 1.0, 0.973784125836196, 1.0, 1.0];[0.9999893650962459, 1.0, 0.9685480934507951, 1.0, 1.0];[0.9999893650962459, 1.0, 0.9685480934507951, 1.0, 1.0]
