protocol,link_layer,link_layer_mode,blocksize,network_setup,data_format,dns_format,vector_type,run,test_size,classifier,classifier_args,true_dns,false_dns,false_data,true_data,accuracy,precision,recall,f1_score
https,eth,,1024,d1,json,dns_message,binvec,1,0.2,nb,,9697,10634,6347,13650,0.5789277921047411,0.6044003989030167,0.4769563720426934,0.5331683848797251
https,eth,,1024,d1,json,dns_message,binvec,1,0.2,lr,max_iter=5000,15428,4903,5741,14256,0.736064272961714,0.7288015494354954,0.7588411784958929,0.7435180722891567
https,eth,,1024,d1,json,dns_message,binvec,1,0.2,knn,algorithm=brute,14604,5727,6894,13103,0.6870412616544337,0.6793190064192017,0.7183119374354434,0.6982715341031341
https,eth,,1024,d1,json,dns_message,binvec,1,0.2,svm,C=0.01,15535,4796,5856,14141,0.7358658996230907,0.7262400074797812,0.7641040775170921,0.7446910502852212
https,eth,,1024,d1,json,dns_message,binvec,1,0.2,dt,,18974,1357,1094,18903,0.9392233683792898,0.9454853498106438,0.9332546357778762,0.9393301814401347
https,eth,,1024,d1,json,dns_message,binvec,1,0.2,rf,"n_estimators=250,max_depth=9",14941,5390,4094,15903,0.7648284070620909,0.7849225111636459,0.7348876100536127,0.7590814408372707
