protocol,link_layer,link_layer_mode,blocksize,network_setup,data_format,dns_format,vector_type,run,test_size,classifier,classifier_args,true_dns,false_dns,false_data,true_data,accuracy,precision,recall,f1_score
https,eth,,1024,p2,json,dns_cbor,binvec,1,0.2,nb,,17460,2845,14191,5832,0.577563975401706,0.5516413383463398,0.8598867274070426,0.6721071676033566
https,eth,,1024,p2,json,dns_cbor,binvec,1,0.2,lr,max_iter=5000,18169,2136,3000,17023,0.8726443166038484,0.8582833388445368,0.8948042354099975,0.8761633794666538
https,eth,,1024,p2,json,dns_cbor,binvec,1,0.2,knn,algorithm=brute,16452,3853,5798,14225,0.7606873636183297,0.7394157303370786,0.8102437823196257,0.7732111385266126
https,eth,,1024,p2,json,dns_cbor,binvec,1,0.2,svm,C=0.01,18204,2101,3006,17017,0.8733634199563579,0.8582743988684582,0.8965279487810884,0.8769842225701554
https,eth,,1024,p2,json,dns_cbor,binvec,1,0.2,dt,,20305,0,1,20022,0.9999752033326721,0.9999507534718802,1.0,0.9999753761296201
https,eth,,1024,p2,json,dns_cbor,binvec,1,0.2,rf,"n_estimators=250,max_depth=9",19720,585,5192,14831,0.8567496528466574,0.7915863840719332,0.9711893622260527,0.8722383174469779
