protocol;link_layer;link_layer_mode;blocksize;network_setup;data_format;dns_format;randiv_pad;vector_type;k;classifier;classifier_args;job_id;fit_time;score_time;accuracy;precision;recall;f1_score;balanced_accuracy;roc_auc
https;eth;;1024;p2;json;dns_message;0;binvec;5;knn;algorithm=brute;836617;[52.66845154762268, 68.75928092002869, 49.72955799102783, 52.81042838096619, 73.9208710193634];[84.97745537757874, 80.62629914283752, 76.47238874435425, 85.12266135215759, 81.0096366405487];[0.7416505384348171, 0.7346905860751327, 0.7403478735546623, 0.7309157227398484, 0.7543639814895228];[0.7520934798929678, 0.7453382854079719, 0.7475186457404209, 0.7405535819449458, 0.7527161296313493];[0.8309901095395087, 0.8280761459108795, 0.8378142680903561, 0.8291572723018675, 0.8620836346620155];[0.7895757967704775, 0.7845318340738949, 0.7900949782863791, 0.7823547710555628, 0.803696249219207];[0.7237953911894155, 0.7160268192711978, 0.7208720045423498, 0.7112829143372448, 0.7328370479124482];[0.7929466278130416, 0.7832878036245787, 0.7897368890377463, 0.7782863775970734, 0.8073779617206321]
https;eth;;1024;p2;json;dns_message;0;binvec;5;dt;;20833657;[372.4958407878876, 275.8280563354492, 309.37689900398254, 308.95001435279846, 321.3651919364929];[5.266919851303101, 4.60855770111084, 4.588482618331909, 4.594621419906616, 4.633072376251221];[0.9999875936678081, 1.0, 1.0, 1.0, 1.0];[1.0, 1.0, 1.0, 1.0, 1.0];[0.9999787301924917, 1.0, 1.0, 1.0, 1.0];[0.9999893649831435, 1.0, 1.0, 1.0, 1.0];[0.9999893650962459, 1.0, 1.0, 1.0, 1.0];[0.9999893650962459, 1.0, 1.0, 1.0, 1.0]
