protocol;link_layer;link_layer_mode;blocksize;network_setup;data_format;dns_format;randiv_pad;vector_type;k;classifier;classifier_args;job_id;fit_time;score_time;accuracy;precision;recall;f1_score;balanced_accuracy;roc_auc
https;eth;;1024;d2;json;dns_cbor;0;binvec;5;dt;;20833657;[165.47338151931763, 169.07323050498962, 174.08340764045715, 170.84348249435425, 165.33557033538818];[5.16323709487915, 5.225764513015747, 5.106747388839722, 4.9119651317596436, 5.110520601272583];[1.0, 1.0, 1.0, 1.0, 1.0];[1.0, 1.0, 1.0, 1.0, 1.0];[1.0, 1.0, 1.0, 1.0, 1.0];[1.0, 1.0, 1.0, 1.0, 1.0];[1.0, 1.0, 1.0, 1.0, 1.0];[1.0, 1.0, 1.0, 1.0, 1.0]
