protocol;link_layer;link_layer_mode;blocksize;network_setup;data_format;dns_format;randiv_pad;vector_type;k;classifier;classifier_args;job_id;fit_time;score_time;accuracy;precision;recall;f1_score;balanced_accuracy;roc_auc
https;eth;;1024;d1;cbor;dns_cbor;0;binvec;5;dt;;20833657;[235.23717188835144, 234.14116668701172, 235.93185091018677, 227.75809597969055, 229.05332684516907];[3.459660530090332, 3.428746223449707, 3.4140334129333496, 3.4112284183502197, 3.4276320934295654];[0.7118257158453675, 0.7232023224653863, 0.6286288521661456, 0.679714154560004, 0.7663734600449115];[0.8502517890272993, 0.8352149370386452, 0.678713430711924, 0.8146410971917117, 0.850578430153004];[0.6141018823779645, 0.6545995958736573, 0.6898583400689157, 0.5836984727953376, 0.7272089164929595];[0.7131354048312997, 0.7339589568701335, 0.6842405063291139, 0.6800991325898389, 0.7840704514442317];[0.7313565174192957, 0.7369130641847075, 0.616393891677804, 0.6989021406222662, 0.7742001889916642];[0.7313565174192957, 0.7369130641847074, 0.6163938916778041, 0.6989021406222662, 0.7742001889916641]
