protocol;link_layer;link_layer_mode;blocksize;network_setup;data_format;dns_format;randiv_pad;vector_type;k;classifier;classifier_args;job_id;fit_time;score_time;accuracy;precision;recall;f1_score;balanced_accuracy;roc_auc
https;eth;;1024;p2;cbor;dns_cbor;0;binvec;5;knn;algorithm=brute;895868;[25.274391889572144, 19.37650203704834, 25.12880849838257, 28.610411405563354, 23.290415287017822];[93.57055521011353, 93.83180522918701, 96.27895760536194, 93.90667343139648, 92.84917950630188];[0.7335616098456652, 0.7276561957222967, 0.7028063123418192, 0.7174422788233689, 0.7209036884483208];[0.7398703860242322, 0.72815657715066, 0.7113139421931416, 0.7242566104768425, 0.7247955403968167];[0.8377539083271296, 0.8506646814846326, 0.8254987875951844, 0.8325392436295571, 0.840728293699749];[0.7857755610972569, 0.784657641750049, 0.7641644105340881, 0.7746321382981881, 0.7784692953086225];[0.7127380396379761, 0.7030720769654846, 0.6782897331843144, 0.6944410469837327, 0.6969576744928528];[0.7836966064246602, 0.7740215406494317, 0.7380448598077105, 0.7583143441165431, 0.7646017988174404]
https;eth;;1024;p2;cbor;dns_cbor;0;binvec;5;dt;;20833657;[165.57433032989502, 156.77800917625427, 155.0364682674408, 173.55443930625916, 150.45212197303772];[3.387892723083496, 3.394305944442749, 3.3832314014434814, 3.3790950775146484, 3.4540441036224365];[0.9141233685673168, 1.0, 1.0, 1.0, 1.0];[0.9483973426980115, 1.0, 1.0, 1.0, 1.0];[0.9018398383494629, 1.0, 1.0, 1.0, 1.0];[0.9245328274568806, 1.0, 1.0, 1.0, 1.0];[0.9165783192461834, 1.0, 1.0, 1.0, 1.0];[0.9165783192461835, 1.0, 1.0, 1.0, 1.0]
https;eth;;1024;p2;cbor;dns_cbor;0;binvec;5;rf;n_estimators=250,max_depth=9;895868;[5592.211966514587, 7192.105160474777, 7440.420770406723, 7594.934076547623, 6963.782649517059];[25.96123242378235, 40.24996829032898, 40.842365980148315, 40.18468761444092, 36.65459179878235];[0.6986625973897077, 0.6914172993896085, 0.7111185549104263, 0.7048745083929878, 0.6981253799486371];[0.6677690831241695, 0.6620130535311851, 0.6761121584111387, 0.6723559618866692, 0.6668039417561407];[0.9619908539827715, 0.9622035520578539, 0.9688390692134258, 0.9635853150125494, 0.9643085038499171];[0.788321931238834, 0.7843674414169174, 0.7964295393546243, 0.7920483949926568, 0.7884247504434628];[0.6460345767130208, 0.637298745274811, 0.6596204872711964, 0.6531731689832463, 0.6449307561376472];[0.8971591679967367, 0.8969334027534493, 0.8734870079112069, 0.8580408873756638, 0.8881671782347083]
