protocol;link_layer;link_layer_mode;blocksize;network_setup;data_format;dns_format;randiv_pad;vector_type;k;classifier;classifier_args;job_id;fit_time;score_time;accuracy;precision;recall;f1_score;balanced_accuracy;roc_auc
https;eth;;1024;p2;json;dns_cbor;0;binvec;5;dt;;20833657;[314.6424832344055, 335.87814354896545, 350.07829117774963, 351.00645685195923, 585.7445063591003];[4.758234977722168, 5.08295202255249, 4.820006370544434, 6.160970211029053, 6.0141801834106445];[0.9999875936678081, 1.0, 1.0, 1.0, 1.0];[1.0, 1.0, 1.0, 1.0, 1.0];[0.9999787301924917, 1.0, 1.0, 1.0, 1.0];[0.9999893649831435, 1.0, 1.0, 1.0, 1.0];[0.9999893650962459, 1.0, 1.0, 1.0, 1.0];[0.9999893650962459, 1.0, 1.0, 1.0, 1.0]
