protocol,link_layer,link_layer_mode,blocksize,network_setup,data_format,dns_format,vector_type,run,test_size,classifier,classifier_args,true_dns,false_dns,false_data,true_data,accuracy,precision,recall,f1_score
https,eth,,1024,p1,cbor,dns_cbor,binvec,1,0.2,nb,,18945,1327,14653,5403,0.6037492560999802,0.5638728495743794,0.9345402525651144,0.7033599405977353
https,eth,,1024,p1,cbor,dns_cbor,binvec,1,0.2,lr,max_iter=5000,20272,0,0,20056,1.0,1.0,1.0,1.0
https,eth,,1024,p1,cbor,dns_cbor,binvec,1,0.2,knn,algorithm=brute,16101,4171,6037,14019,0.7468756199166832,0.7273014725810824,0.7942482241515391,0.759302051402971
https,eth,,1024,p1,cbor,dns_cbor,binvec,1,0.2,svm,C=0.01,20272,0,0,20056,1.0,1.0,1.0,1.0
https,eth,,1024,p1,cbor,dns_cbor,binvec,1,0.2,dt,,20272,0,1,20055,0.9999752033326721,0.9999506733093276,1.0,0.9999753360463682
https,eth,,1024,p1,cbor,dns_cbor,binvec,1,0.2,rf,"n_estimators=250,max_depth=9",19719,553,5629,14427,0.8467070025788535,0.7779311977276314,0.9727209944751382,0.8644892590968873
