protocol;link_layer;link_layer_mode;blocksize;network_setup;data_format;dns_format;randiv_pad;vector_type;k;classifier;classifier_args;job_id;fit_time;score_time;accuracy;precision;recall;f1_score;balanced_accuracy;roc_auc
https;eth;;1024;d2;json;dns_cbor;0;binvec;5;lr;max_iter=5000;931197;[33.48399305343628, 13.55084776878357, 15.055381774902344, 15.09363055229187, 73.60370326042175];[4.07472825050354, 1.0107719898223877, 0.8546731472015381, 1.0155484676361084, 0.9753785133361816];[1.0, 1.0, 1.0, 1.0, 1.0];[1.0, 1.0, 1.0, 1.0, 1.0];[1.0, 1.0, 1.0, 1.0, 1.0];[1.0, 1.0, 1.0, 1.0, 1.0];[1.0, 1.0, 1.0, 1.0, 1.0];[1.0, 1.0, 1.0, 1.0, 1.0]
https;eth;;1024;d2;json;dns_cbor;0;binvec;5;knn;algorithm=brute;931197;[15.134445667266846, 8.684415578842163, 8.933560132980347, 8.887456178665161, 8.792136192321777];[69.21774244308472, 69.02161741256714, 69.2291522026062, 69.18781900405884, 69.14463210105896];[0.9992308074040991, 0.9999875936678081, 0.9999627810034242, 0.9999751870277781, 0.9999131545972234];[1.0, 1.0, 1.0, 1.0, 1.0];[0.998681271934489, 0.9999787301924917, 0.9999361892202323, 0.9999574594801548, 0.999851108180542];[0.999340200919462, 0.9999893649831435, 0.9999680935921298, 0.9999787292876439, 0.9999255485476649];[0.9993406359672445, 0.9999893650962459, 0.9999680946101162, 0.9999787297400774, 0.999925554090271];[0.999989146629379, 0.9999893587638731, 0.9999999911347532, 0.9999786974442884, 0.9999786068894291]
https;eth;;1024;d2;json;dns_cbor;0;binvec;5;dt;;20833657;[165.47338151931763, 169.07323050498962, 174.08340764045715, 170.84348249435425, 165.33557033538818];[5.16323709487915, 5.225764513015747, 5.106747388839722, 4.9119651317596436, 5.110520601272583];[1.0, 1.0, 1.0, 1.0, 1.0];[1.0, 1.0, 1.0, 1.0, 1.0];[1.0, 1.0, 1.0, 1.0, 1.0];[1.0, 1.0, 1.0, 1.0, 1.0];[1.0, 1.0, 1.0, 1.0, 1.0];[1.0, 1.0, 1.0, 1.0, 1.0]
https;eth;;1024;d2;json;dns_cbor;0;binvec;5;rf;n_estimators=250,max_depth=9;931197;[22.871462106704712, 10.165033102035522, 10.164516687393188, 10.147414207458496, 10.176121950149536];[2.6604714393615723, 2.5756728649139404, 2.5662691593170166, 2.608766555786133, 2.572618246078491];[1.0, 1.0, 1.0, 1.0, 1.0];[1.0, 1.0, 1.0, 1.0, 1.0];[1.0, 1.0, 1.0, 1.0, 1.0];[1.0, 1.0, 1.0, 1.0, 1.0];[1.0, 1.0, 1.0, 1.0, 1.0];[1.0, 1.0, 1.0, 1.0, 1.0]
