protocol,link_layer,link_layer_mode,blocksize,network_setup,data_format,dns_format,vector_type,run,test_size,classifier,classifier_args,true_dns,false_dns,false_data,true_data,accuracy,precision,recall,f1_score
https,eth,,1024,p2,cbor,dns_cbor,word2vec,1,0.2,nb,,18792,1482,15579,4474,0.5769335680809383,0.5467399842890809,0.9269014501331755,0.6877847927532253
https,eth,,1024,p2,cbor,dns_cbor,word2vec,1,0.2,lr,max_iter=5000,12748,7526,7642,12411,0.6238748233193642,0.6252084355076017,0.6287856367761665,0.6269919338973048
https,eth,,1024,p2,cbor,dns_cbor,word2vec,1,0.2,knn,algorithm=brute,13427,6847,9370,10683,0.5978624742728197,0.5889810062727552,0.6622768077340436,0.6234821573680667
https,eth,,1024,p2,cbor,dns_cbor,word2vec,1,0.2,svm,C=0.01,13193,7081,8259,11794,0.6196096907778907,0.6150009323140033,0.6507349314392818,0.6323635143555577
https,eth,,1024,p2,cbor,dns_cbor,word2vec,1,0.2,dt,,20210,64,66,19987,0.996776353311677,0.9967449201025843,0.996843247509125,0.9967940813810111
https,eth,,1024,p2,cbor,dns_cbor,word2vec,1,0.2,rf,"n_estimators=250,max_depth=9",17844,2430,9830,10223,0.695985320008927,0.6447929464479295,0.8801420538620893,0.7443063318595144
