protocol;link_layer;link_layer_mode;blocksize;network_setup;data_format;dns_format;randiv_pad;vector_type;k;classifier;classifier_args;job_id;fit_time;score_time;accuracy;precision;recall;f1_score;balanced_accuracy;roc_auc
https;eth;;1024;d2;cbor;dns_cbor;0;binvec;5;knn;algorithm=brute;895868;[62.58785557746887, 107.8818187713623, 31.95201849937439, 105.86285948753357, 33.40254187583923];[123.33930730819702, 113.74523591995239, 108.88249015808105, 120.96331334114075, 105.93834400177002];[0.9999007493424644, 0.9999875936678081, 0.9999751873356161, 0.9999751870277781, 0.9999503740555562];[1.0, 1.0, 1.0, 1.0, 1.0];[0.999829841539934, 0.9999787301924917, 0.9999574594801548, 0.9999574594801548, 0.9999149189603097];[0.9999149135308758, 0.9999893649831435, 0.9999787292876439, 0.9999787292876439, 0.999957457670382];[0.999914920769967, 0.9999893650962459, 0.9999787297400774, 0.9999787297400774, 0.9999574594801548];[0.9999998448568628, 0.9999999724541776, 0.99998935537156, 0.9999787265738236, 0.9999786360189643]
https;eth;;1024;d2;cbor;dns_cbor;0;binvec;5;dt;;20937591;[111.57007455825806, 89.8754072189331, 92.74847841262817, 116.72754287719727, 101.61238026618958];[4.376999139785767, 3.351325750350952, 3.588700532913208, 5.982199430465698, 4.170537233352661];[1.0, 1.0, 1.0, 1.0, 0.8816793419599767];[1.0, 1.0, 1.0, 1.0, 1.0];[1.0, 1.0, 1.0, 1.0, 0.7971455311183903];[1.0, 1.0, 1.0, 1.0, 0.887124072386408];[1.0, 1.0, 1.0, 1.0, 0.8985727655591951];[1.0, 1.0, 1.0, 1.0, 0.8985727655591951]
