protocol,link_layer,link_layer_mode,blocksize,network_setup,data_format,dns_format,vector_type,run,test_size,classifier,classifier_args,true_dns,false_dns,false_data,true_data,accuracy,precision,recall,f1_score
https,eth,,1024,p2,json,dns_cbor,word2vec,1,0.2,nb,,18162,1976,15082,5108,0.577018448720492,0.5463241487185657,0.9018770483662727,0.6804540856468473
https,eth,,1024,p2,json,dns_cbor,word2vec,1,0.2,lr,max_iter=5000,13818,6320,7640,12550,0.6538385241023607,0.6439556342622798,0.6861654583374714,0.664390806808347
https,eth,,1024,p2,json,dns_cbor,word2vec,1,0.2,knn,algorithm=brute,12065,8073,7475,12715,0.6144614163856378,0.6174513817809621,0.5991160989174694,0.60814557185342
https,eth,,1024,p2,json,dns_cbor,word2vec,1,0.2,svm,C=0.01,13895,6243,8067,12123,0.6451596905375917,0.6326837264365722,0.6899890753798789,0.6600950118764846
https,eth,,1024,p2,json,dns_cbor,word2vec,1,0.2,dt,,20075,63,63,20127,0.9968756199166832,0.9968715860562122,0.9968715860562122,0.9968715860562122
https,eth,,1024,p2,json,dns_cbor,word2vec,1,0.2,rf,"n_estimators=250,max_depth=9",17627,2511,8977,11213,0.715135885736957,0.6625695384152759,0.8753103585261695,0.754225321980232
