protocol;link_layer;link_layer_mode;blocksize;network_setup;data_format;dns_format;randiv_pad;vector_type;k;classifier;classifier_args;job_id;fit_time;score_time;accuracy;precision;recall;f1_score;balanced_accuracy;roc_auc
oscore-base;schc;;64;p2;cbor;dns_cbor;0;binvec;5;dt;;20833657;[54.51803517341614, 56.6308958530426, 58.471375465393066, 52.994751930236816, 57.27042555809021];[0.6020514965057373, 0.6144871711730957, 0.5957379341125488, 0.6303229331970215, 0.5959539413452148];[0.7932040739590316, 0.8028576566561494, 0.8161977472249015, 0.7941751064681986, 0.7820528540016511];[0.6773429792831306, 0.7014201512971643, 0.7485213294948966, 0.6890280677337045, 0.6480393332533877];[0.7449009113264863, 0.7287477699021168, 0.6895462654901393, 0.7161386759245866, 0.7817344552402536];[0.7095174124212049, 0.7148228728184269, 0.7178245156108825, 0.7023218423417034, 0.7086361202478391];[0.781441304043159, 0.7848104419631781, 0.7853556209963681, 0.775171948679715, 0.7819753156735525];[0.7814413040431589, 0.7848104419631781, 0.7853556209963681, 0.775171948679715, 0.7819753156735525]
