protocol,link_layer,link_layer_mode,blocksize,network_setup,data_format,dns_format,vector_type,run,test_size,classifier,classifier_args,true_dns,false_dns,false_data,true_data,accuracy,precision,recall,f1_score
oscore-base,eth,,64,p1,cbor,dns_message,binvec,1,0.2,nb,,10194,14807,8941,28449,0.6193681781026109,0.5327410504311472,0.4077436902523899,0.46193583469276783
oscore-base,eth,,64,p1,cbor,dns_message,binvec,1,0.2,lr,max_iter=5000,20216,4785,3968,33422,0.8597073295827924,0.8359245782335428,0.8086076556937722,0.8220392396055708
oscore-base,eth,,64,p1,cbor,dns_message,binvec,1,0.2,knn,algorithm=brute,22259,2742,2722,34668,0.9124232661762113,0.89103718826308,0.890324387024519,0.8906806450322116
oscore-base,eth,,64,p1,cbor,dns_message,binvec,1,0.2,svm,C=0.01,20096,4905,4137,33253,0.8550752512381593,0.829282383526596,0.8038078476860926,0.8163464272657107
oscore-base,eth,,64,p1,cbor,dns_message,binvec,1,0.2,dt,,21353,3648,3565,33825,0.8843903768171691,0.8569307328035958,0.8540858365665374,0.8555059195897353
oscore-base,eth,,64,p1,cbor,dns_message,binvec,1,0.2,rf,"n_estimators=250,max_depth=9",20221,4780,3205,34185,0.8720167972944816,0.8631862033637838,0.8088076476940922,0.8351126437731018
