protocol;link_layer;link_layer_mode;blocksize;network_setup;data_format;dns_format;randiv_pad;vector_type;k;classifier;classifier_args;job_id;fit_time;score_time;accuracy;precision;recall;f1_score;balanced_accuracy;roc_auc
oscore-base;schc;;1024;d2;cbor;dns_cbor;0;binvec;5;dt;;20833657;[25.634633541107178, 25.157527208328247, 24.765340328216553, 24.393592357635498, 25.563871383666992];[0.3248891830444336, 0.32274937629699707, 0.3228020668029785, 0.32624197006225586, 0.3323984146118164];[0.9166143356957028, 0.9519601686552436, 0.9575371549893843, 0.9543667110240577, 0.9546358457558948];[0.9096615286826633, 0.9307127332683804, 0.93847366642892, 0.9356368563685636, 0.9379537205081669];[0.873936109308805, 0.9479409182855616, 0.9541620548834014, 0.9487786259541985, 0.9468320610687023];[0.8914410293344753, 0.9392478302796529, 0.9462528387585163, 0.9421619163129169, 0.942371979942258];[0.9090188891963262, 0.9512448624268692, 0.9569364882219176, 0.953372130508625, 0.9532469098146048];[0.9090188891963263, 0.9512448624268691, 0.9569364882219176, 0.953372130508625, 0.9532469098146048]
