protocol,link_layer,link_layer_mode,blocksize,network_setup,data_format,dns_format,vector_type,run,test_size,classifier,classifier_args,true_dns,false_dns,false_data,true_data,accuracy,precision,recall,f1_score
oscore-base,schc,,64,p1,cbor,dns_message,binvec,1,0.2,nb,,16713,8351,10158,31686,0.7233664135828302,0.6219716422909456,0.6668129588254069,0.6436122075671512
oscore-base,schc,,64,p1,cbor,dns_message,binvec,1,0.2,lr,max_iter=5000,19143,5921,3833,38011,0.8542177318108447,0.8331737465181058,0.7637647622087456,0.7969608659450458
oscore-base,schc,,64,p1,cbor,dns_message,binvec,1,0.2,knn,algorithm=brute,21863,3201,2502,39342,0.9147635559275423,0.8973117176277448,0.8722869454197255,0.884622387667159
oscore-base,schc,,64,p1,cbor,dns_message,binvec,1,0.2,svm,C=0.01,18844,6220,4077,37767,0.846102110360495,0.8221281793988046,0.7518353016278327,0.7854121079504012
oscore-base,schc,,64,p1,cbor,dns_message,binvec,1,0.2,dt,,21401,3663,3512,38332,0.8927631972260417,0.8590294223899169,0.8538541334184487,0.8564339596214259
oscore-base,schc,,64,p1,cbor,dns_message,binvec,1,0.2,rf,"n_estimators=250,max_depth=9",17804,7260,2172,39672,0.859030310276798,0.8912695234281137,0.7103415256942228,0.7905861456483126
