protocol,link_layer,blocksize,network_setup,data_format,dns_format,test_size,classifier,classifier_args,true_data,false_data,false_dns,true_dns,accuracy,precision,recall,f1_score
oscore,eth,1024,d1,cbor,dns_cbor,0.2,nb,,21927,2314,16158,8761,0.6242473555736371,0.7910609480812641,0.3515791163369317,0.48680335611490805
oscore,eth,1024,d1,cbor,dns_cbor,0.2,lr,max_iter=600,21188,3053,5518,19401,0.8256509357200976,0.8640331344081232,0.7785625426381476,0.8190741561649041
oscore,eth,1024,d1,cbor,dns_cbor,0.2,knn,"algorithm=brute,n_jobs=-1",20276,3965,5846,19073,0.8004271765663141,0.8278930462713777,0.7653998956619447,0.7954208978876911
oscore,eth,1024,d1,cbor,dns_cbor,0.2,dt,,19276,4965,4514,20405,0.8071806346623271,0.8042964130863224,0.8188530839921345,0.8115094752331524
oscore,eth,1024,d1,cbor,dns_cbor,0.2,rf,"n_estimators=250,max_depth=9",22672,1569,4886,20033,0.8686940602115542,0.9273678363114527,0.8039247160800995,0.8612454590400035
