protocol;link_layer;link_layer_mode;blocksize;network_setup;data_format;dns_format;randiv_pad;vector_type;k;classifier;classifier_args;job_id;fit_time;score_time;accuracy;precision;recall;f1_score;balanced_accuracy;roc_auc
oscore;schc;;64;p2;json;dns_cbor;0;binvec;5;dt;;20833657;[122.60614728927612, 123.78652167320251, 121.64811110496521, 116.34666967391968, 127.75855994224548];[1.069929838180542, 0.902029275894165, 1.0639011859893799, 0.9673616886138916, 0.9578342437744141];[0.6802833010195656, 0.7657003058103976, 0.785308868501529, 0.7506727828746177, 0.7820978593272171];[0.4064005195461187, 0.5402314316469322, 0.5789559315730755, 0.5135712400105594, 0.5696509121614115];[0.5376995966298302, 0.5749952262745847, 0.594543631850296, 0.5107886194386099, 0.6118961237349627];[0.46291996301243193, 0.5570715012487282, 0.5866462552991051, 0.51217615030216, 0.590018297103534];[0.6335540843581373, 0.7031993992627488, 0.7227882463057276, 0.6720541235412187, 0.726316635269672];[0.6335540843581373, 0.7031993992627487, 0.7227882463057276, 0.6720541235412187, 0.726316635269672]
