protocol;link_layer;link_layer_mode;blocksize;network_setup;data_format;dns_format;randiv_pad;vector_type;k;classifier;classifier_args;job_id;fit_time;score_time;accuracy;precision;recall;f1_score;balanced_accuracy;roc_auc
oscore-base;schc;;64;p1;cbor;dns_cbor;0;binvec;5;dt;;20833657;[78.876149892807, 78.6891679763794, 81.0245041847229, 86.06393003463745, 81.56258821487427];[0.6240122318267822, 0.6127915382385254, 0.6658501625061035, 0.6716718673706055, 0.6326351165771484];[0.655312505108964, 0.7065492831101737, 0.7264374581064953, 0.6945877236722716, 0.6622334120801419];[0.491864062536901, 0.5660252313664229, 0.596122468567041, 0.5484166941137721, 0.5018491908317825];[0.5021216066348426, 0.5765466030184676, 0.5989681276821448, 0.5620087757365351, 0.5136340622513682];[0.4969399076603715, 0.5712374741720114, 0.5975419101907304, 0.5551295484854258, 0.5076732437327233];[0.6180094527682969, 0.6748927236918795, 0.6953977870032373, 0.6623042456383498, 0.626047514948777];[0.6180094527682969, 0.6748927236918795, 0.6953977870032373, 0.6623042456383498, 0.626047514948777]
