protocol;link_layer;link_layer_mode;blocksize;network_setup;data_format;dns_format;randiv_pad;vector_type;k;classifier;classifier_args;job_id;fit_time;score_time;accuracy;precision;recall;f1_score;balanced_accuracy;roc_auc
oscore;schc;;64;d1;cbor;dns_message;0;binvec;5;dt;;20833657;[92.83497858047485, 92.9666998386383, 94.0721755027771, 94.51726365089417, 93.45211005210876];[0.8260884284973145, 0.8236737251281738, 0.8225078582763672, 0.8230636119842529, 0.820462703704834];[0.7233401592152519, 0.8431748442391839, 0.8560278346601271, 0.8564573050422313, 0.8606524215282921];[0.7135235213314487, 0.8060819346688324, 0.8198543159280255, 0.8202096009807293, 0.8185985209050304];[0.5438694992412747, 0.8133232169954476, 0.8317602427921093, 0.8325316013900059, 0.8482374542861045];[0.6172512076878698, 0.8096863858843435, 0.8257643664740842, 0.8263246678916769, 0.83315447445299];[0.6960084914819122, 0.8386287264657071, 0.8523321121519404, 0.8528134348176656, 0.8587616295110401];[0.6960084914819125, 0.8386287264657071, 0.8523321121519404, 0.8528134348176656, 0.8587616295110401]
