protocol;link_layer;link_layer_mode;blocksize;network_setup;data_format;dns_format;randiv_pad;vector_type;k;classifier;classifier_args;job_id;fit_time;score_time;accuracy;precision;recall;f1_score;balanced_accuracy;roc_auc
oscore;eth;;64;p1;json;dns_message;1;binvec;5;dt;;20833657;[1084.757615327835, 1209.4991698265076, 1223.1495654582977, 1170.6818878650665, 1115.0794303417206];[6.6851701736450195, 7.462827682495117, 8.0657217502594, 5.9726080894470215, 7.132879257202148];[0.7358996948604701, 0.8529778991341688, 0.8693435085999673, 0.8677215337580807, 0.8724824383299493];[0.657839177528915, 0.8054392363456256, 0.8263961828166732, 0.8243760411820323, 0.8245758839742362];[0.6524886191198787, 0.8143247344461305, 0.8357511380880122, 0.8335331340384527, 0.8489506669296955];[0.6551529741589469, 0.8098576139201823, 0.8310473345102832, 0.8289292990266355, 0.8365857670509772];[0.7202460347274796, 0.8457240188496672, 0.863039366723539, 0.8613052742810443, 0.8680661464737485];[0.7202460347274796, 0.8457240188496672, 0.863039366723539, 0.8613052742810443, 0.8680661464737484]
