protocol;link_layer;link_layer_mode;blocksize;network_setup;data_format;dns_format;randiv_pad;vector_type;k;classifier;classifier_args;job_id;fit_time;score_time;accuracy;precision;recall;f1_score;balanced_accuracy;roc_auc
oscore;schc;;64;p1;json;dns_message;0;binvec;5;dt;;20833657;[121.43062233924866, 125.479825258255, 123.73962879180908, 128.14398670196533, 123.05888748168945];[1.05897855758667, 1.0537898540496826, 1.015686273574829, 1.05122709274292, 0.986997127532959];[0.7576324784957418, 0.8605756155310605, 0.8756939222807045, 0.8747706911262798, 0.8820392491467577];[0.6693328034179542, 0.7943811738222532, 0.8244112001462478, 0.8175067742563289, 0.8203852233475791];[0.6133383915022762, 0.8139453717754173, 0.8211836115326252, 0.8286342943854325, 0.8505614567526555];[0.6401133925107098, 0.804044280221551, 0.8227942406227668, 0.8230329246328101, 0.8352008582667779];[0.7245781095078084, 0.8498937274841434, 0.8632068969101118, 0.8642020345467698, 0.8748285001243955];[0.7245781095078084, 0.8498937274841434, 0.8632068969101118, 0.8642020345467699, 0.8748285001243955]
