protocol;link_layer;link_layer_mode;blocksize;network_setup;data_format;dns_format;randiv_pad;vector_type;k;classifier;classifier_args;job_id;fit_time;score_time;accuracy;precision;recall;f1_score;balanced_accuracy;roc_auc
oscore;schc;peer_based;1024;d2;json;dns_cbor;1;binvec;5;dt;;20833657;[63.59668707847595, 66.76052379608154, 64.78204536437988, 60.875105142593384, 65.08465790748596];[0.4655184745788574, 0.45392370223999023, 0.4334743022918701, 2.1733314990997314, 1.0454492568969727];[0.6483894832688368, 0.6533547689506032, 0.6567692920555429, 0.6521454586842704, 0.6392931836612745];[0.5281185518664415, 0.5350451338845483, 0.5393813655224443, 0.533308142830153, 0.5157620463136262];[0.5370236142372106, 0.5381680845382062, 0.5454926944645786, 0.5384351276084386, 0.536166641233023];[0.5325338579102671, 0.536602065463398, 0.5424198167782561, 0.5358593720338661, 0.5257664465685266];[0.6258232081395922, 0.6300142748272426, 0.6342211061659251, 0.6291041208093242, 0.618395288852473];[0.6258232081395922, 0.6300142748272426, 0.6342211061659252, 0.6291041208093243, 0.618395288852473]
