protocol,link_layer,link_layer_mode,blocksize,network_setup,data_format,dns_format,vector_type,run,test_size,classifier,classifier_args,true_dns,false_dns,false_data,true_data,accuracy,precision,recall,f1_score
oscore,schc,,64,p2,json,dns_cbor,binvec,1,0.2,nb,,16089,1692,38141,34280,0.5584022527216691,0.2966808039830352,0.9048422473426692,0.446848398161392
oscore,schc,,64,p2,json,dns_cbor,binvec,1,0.2,lr,max_iter=5000,8357,9424,3547,68874,0.8562005277044855,0.7020329301075269,0.46999606321354254,0.5630453090786592
oscore,schc,,64,p2,json,dns_cbor,binvec,1,0.2,knn,algorithm=brute,9389,8392,4644,67777,0.8554799228398483,0.6690657735338131,0.5280355435577302,0.5902432891179984
oscore,schc,,64,p2,json,dns_cbor,binvec,1,0.2,svm,C=0.01,8281,9500,3439,68982,0.8565552870224608,0.7065699658703072,0.46572183791687755,0.5614046981458256
oscore,schc,,64,p2,json,dns_cbor,binvec,1,0.2,dt,,10450,7331,8717,63704,0.8220882020354315,0.5452079094276622,0.5877059782914347,0.5656598462704341
oscore,schc,,64,p2,json,dns_cbor,binvec,1,0.2,rf,"n_estimators=250,max_depth=9",8305,9476,2774,69647,0.8641936985876144,0.7496163913710624,0.46707159327371917,0.5755370755370756
