protocol;link_layer;link_layer_mode;blocksize;network_setup;data_format;dns_format;randiv_pad;vector_type;k;classifier;classifier_args;job_id;fit_time;score_time;accuracy;precision;recall;f1_score;balanced_accuracy;roc_auc
oscore;eth;;64;d2;json;dns_cbor;1;binvec;5;knn;algorithm=brute;931197;[23.495802402496338, 9.237631559371948, 9.56275463104248, 11.243216753005981, 32.07210111618042];[139.12198996543884, 137.44253706932068, 137.32841444015503, 137.5232594013214, 145.66990876197815];[0.9421474706904038, 0.9426020408163265, 0.9456076313504125, 0.9462793095961789, 0.9439589665653495];[0.9447421031587365, 0.9448391474415263, 0.9540556478850587, 0.9567660581292179, 0.952119794607092];[0.8459518808478136, 0.847547440028643, 0.8495524525599714, 0.8493853681823607, 0.8453514739229024];[0.8926219289519084, 0.8935527706477427, 0.8987765305993611, 0.8998836738822578, 0.8955646588782683];[0.9131509233616485, 0.9139487960828353, 0.9166527725324858, 0.9170716142977264, 0.914234738639224];[0.9820006790911291, 0.9816908258711435, 0.9843401787690549, 0.9840927720339108, 0.984006777243673]
oscore;eth;;64;d2;json;dns_cbor;1;binvec;5;dt;;20833657;[210.27254176139832, 218.82371044158936, 218.68122935295105, 218.78786420822144, 219.09801173210144];[3.8519887924194336, 3.732819080352783, 3.7817649841308594, 3.870694398880005, 3.7566721439361572];[1.0, 1.0, 1.0, 1.0, 1.0];[1.0, 1.0, 1.0, 1.0, 1.0];[1.0, 1.0, 1.0, 1.0, 1.0];[1.0, 1.0, 1.0, 1.0, 1.0];[1.0, 1.0, 1.0, 1.0, 1.0];[1.0, 1.0, 1.0, 1.0, 1.0]
oscore;eth;;64;d2;json;dns_cbor;1;binvec;5;rf;n_estimators=250,max_depth=9;931197;[29.20179295539856, 19.157326698303223, 16.689040660858154, 37.54826498031616, 16.629947662353516];[13.668937683105469, 11.920145034790039, 8.463265419006348, 2.9136486053466797, 9.567503213882446];[0.9165219279201042, 0.9210608445505862, 0.920633412939644, 0.9164337277464177, 0.912498643074251];[0.9637662988966901, 0.9681311881188119, 0.9800337010777986, 0.977896981839333, 0.9644733470015376];[0.7339125453503914, 0.7468671679197995, 0.7357679914070892, 0.7223296336078291, 0.7186299081035923];[0.8332791327913279, 0.8432257629859193, 0.8405137154387304, 0.8309056712565726, 0.8235969963480188];[0.8614773919593393, 0.8685519285573764, 0.8649076077493847, 0.8579230184589379, 0.8540588804193705];[0.975354347140541, 0.9793922203186166, 0.97776859669962, 0.9756728824874724, 0.9721284030338395]
