protocol;link_layer;link_layer_mode;blocksize;network_setup;data_format;dns_format;randiv_pad;vector_type;k;classifier;classifier_args;job_id;fit_time;score_time;accuracy;precision;recall;f1_score;balanced_accuracy;roc_auc
oscore;eth;;64;d1;json;dns_message;1;binvec;5;lr;max_iter=5000;833282;[77.38134288787842, 86.20909070968628, 106.41555833816528, 104.79082179069519, 96.65087795257568];[1.36069655418396, 1.5177292823791504, 1.6578760147094727, 1.0614056587219238, 2.1028692722320557];[0.7846882694080445, 0.8747469325600798, 0.8859548300145277, 0.8846304194355794, 0.8866374557314305];[0.8189317611861499, 0.8556608606557377, 0.8644619521630419, 0.8597501052927138, 0.8540711052864175];[0.5649013657056146, 0.8110470409711684, 0.8341729893778452, 0.8363708098757189, 0.8504681406394634];[0.6686003699779091, 0.8327568477143125, 0.8490474241453074, 0.8478993277233359, 0.8522658150851582];[0.7434404646496187, 0.8627924475640794, 0.8762369918594582, 0.8755732227163955, 0.8798493236894638];[0.9074491937092294, 0.9488519668654718, 0.9582171383509772, 0.9579023724467168, 0.9599254398646563]
oscore;eth;;64;d1;json;dns_message;1;binvec;5;dt;;20833657;[782.4624755382538, 831.978015422821, 780.3132445812225, 762.1870355606079, 865.1219344139099];[6.399886131286621, 6.879467010498047, 6.701941728591919, 6.933270454406738, 7.638139724731445];[0.8089009206641851, 0.9079155411121548, 0.9156753035350677, 0.9180382387089623, 0.9196310320484022];[0.8334741840717936, 0.8777796203886569, 0.8879103644835854, 0.893281351921239, 0.8903133049781345];[0.6285584218512899, 0.8835204855842185, 0.8934749620637329, 0.8935795687339717, 0.9021077709828678];[0.7166559975086074, 0.8806406969621344, 0.8906839720753632, 0.8934304354422697, 0.8961717330840953];[0.7750557185371636, 0.9033373492501128, 0.9115089911222007, 0.9134479200662409, 0.9163423269784763];[0.7750557185371636, 0.9033373492501128, 0.9115089911222009, 0.9134479200662409, 0.9163423269784763]
