protocol,link_layer,link_layer_mode,blocksize,network_setup,data_format,dns_format,vector_type,run,test_size,classifier,classifier_args,true_dns,false_dns,false_data,true_data,accuracy,precision,recall,f1_score
oscore,schc,,1024,d1,cbor,dns_cbor,word2vec,1,0.2,nb,,9056,2225,7795,13210,0.6896487641702286,0.5374161770814788,0.8027657122595515,0.643821982084459
oscore,schc,,1024,d1,cbor,dns_cbor,word2vec,1,0.2,lr,max_iter=5000,8411,2870,2904,18101,0.821160874682525,0.7433495360141406,0.7455899299707472,0.7444680474420251
oscore,schc,,1024,d1,cbor,dns_cbor,word2vec,1,0.2,knn,algorithm=brute,8413,2868,2969,18036,0.8192095645171281,0.7391495343524864,0.7457672192181544,0.7424436305873009
oscore,schc,,1024,d1,cbor,dns_cbor,word2vec,1,0.2,svm,C=0.01,8386,2895,2856,18149,0.821873257758781,0.7459526774595268,0.743373814378158,0.7446610131865204
oscore,schc,,1024,d1,cbor,dns_cbor,word2vec,1,0.2,dt,,8517,2764,2757,18248,0.8289970885213405,0.7554550292708888,0.7549862600833259,0.7552205719352694
oscore,schc,,1024,d1,cbor,dns_cbor,word2vec,1,0.2,rf,"n_estimators=250,max_depth=9",8904,2377,2680,18325,0.8433686427553738,0.768646408839779,0.7892917294566084,0.7788322764049858
