protocol,link_layer,link_layer_mode,blocksize,network_setup,data_format,dns_format,vector_type,run,test_size,classifier,classifier_args,true_dns,false_dns,false_data,true_data,accuracy,precision,recall,f1_score
oscore,eth,,64,p2,cbor,dns_message,binvec,1,0.2,nb,,11897,15651,12531,41398,0.6541109761036857,0.4870230882593745,0.4318643821693045,0.45778820994305064
oscore,eth,,64,p2,cbor,dns_message,binvec,1,0.2,lr,max_iter=5000,21155,6393,4633,49296,0.8646734661315463,0.8203427950984954,0.7679323362857557,0.7932728363581821
oscore,eth,,64,p2,cbor,dns_message,binvec,1,0.2,knn,algorithm=brute,22375,5173,4554,49375,0.8806166157320471,0.8308886330721527,0.8122186728619137,0.8214475833838134
oscore,eth,,64,p2,cbor,dns_message,binvec,1,0.2,svm,C=0.01,21116,6432,4560,49369,0.8650907618100814,0.8224022433400842,0.766516625526354,0.7934766270855254
oscore,eth,,64,p2,cbor,dns_message,binvec,1,0.2,dt,,21446,6102,7008,46921,0.83909569571781,0.7537077388064947,0.7784957165674459,0.7659012178136495
oscore,eth,,64,p2,cbor,dns_message,binvec,1,0.2,rf,"n_estimators=250,max_depth=9",22277,5271,4180,49749,0.8840040747695669,0.8420077862191481,0.8086612458254683,0.8249976853995
