protocol;link_layer;link_layer_mode;blocksize;network_setup;data_format;dns_format;randiv_pad;vector_type;k;classifier;classifier_args;job_id;fit_time;score_time;accuracy;precision;recall;f1_score;balanced_accuracy;roc_auc
oscore;schc;peer_based;64;d2;cbor;dns_cbor;0;binvec;5;dt;;20833657;[78.29659986495972, 77.948077917099, 80.14224243164062, 80.61313199996948, 80.76383924484253];[0.708601713180542, 0.705265998840332, 0.7061173915863037, 0.6960492134094238, 0.7877969741821289];[0.61377024228543, 0.52303211690583, 0.6004566210045662, 0.6825971783163564, 0.6710279826718183];[0.42471192020916043, 0.2430255142579677, 0.3170837052607331, 0.4707023517301449, 0.4347195564086159];[0.7328145885048692, 0.26282372598162074, 0.26284759517842227, 0.283780880773362, 0.2432748538011696];[0.537758900030652, 0.2525371833537837, 0.2874295259970766, 0.3540869358033148, 0.3119681665136211];[0.6469763047103234, 0.45044797451230634, 0.5062826530255193, 0.5713498171344992, 0.5517088697937581];[0.6469763047103234, 0.45044797451230634, 0.5062826530255193, 0.5713498171344992, 0.5517088697937581]
