protocol,link_layer,link_layer_mode,blocksize,network_setup,data_format,dns_format,vector_type,run,test_size,classifier,classifier_args,true_dns,false_dns,false_data,true_data,accuracy,precision,recall,f1_score
oscore,schc,,64,p2,json,dns_message,word2vec,1,0.2,nb,,23447,4305,39352,33219,0.5648355810731338,0.37336581792703705,0.8448760449697319,0.517873905313028
oscore,schc,,64,p2,json,dns_message,word2vec,1,0.2,lr,max_iter=5000,21297,6455,3960,68611,0.8961853214118397,0.8432117828720751,0.7674041510521764,0.8035239298986965
oscore,schc,,64,p2,json,dns_message,word2vec,1,0.2,knn,algorithm=brute,21806,5946,4721,67850,0.893673434805578,0.8220303841369171,0.7857451715191698,0.8034783249507176
oscore,schc,,64,p2,json,dns_message,word2vec,1,0.2,svm,C=0.01,20922,6830,3759,68812,0.8944509235170399,0.8476966087273611,0.7538916114153935,0.7980470314496596
oscore,schc,,64,p2,json,dns_message,word2vec,1,0.2,dt,,21755,5997,6308,66263,0.8773461718648764,0.7752200406228842,0.7839074661285673,0.7795395503000986
oscore,schc,,64,p2,json,dns_message,word2vec,1,0.2,rf,"n_estimators=250,max_depth=9",21317,6435,3713,68858,0.8988467250779981,0.851658010387535,0.7681248198328049,0.8077374862642568
