protocol;link_layer;link_layer_mode;blocksize;network_setup;data_format;dns_format;randiv_pad;vector_type;k;classifier;classifier_args;job_id;fit_time;score_time;accuracy;precision;recall;f1_score;balanced_accuracy;roc_auc
oscore;eth;;64;p2;json;dns_cbor;1;binvec;5;dt;;20833657;[984.7879254817963, 653.6920096874237, 1132.4977385997772, 1010.4834814071655, 1006.2413556575775];[9.818750858306885, 5.774203777313232, 9.8436279296875, 9.536691188812256, 5.344536066055298];[0.7332962440295268, 0.746702670429874, 0.7608621906209292, 0.7492401215805471, 0.7508141554494138];[0.527879598085299, 0.5507172245079506, 0.5769658238399555, 0.5574759497798794, 0.5607639297222288];[0.5843517280886004, 0.5910729203962287, 0.5947726459004654, 0.5712614870509607, 0.5690893901420218];[0.554682012823708, 0.5701819019111214, 0.5857339303973766, 0.5642845354018815, 0.5648959863526513];[0.688399417543959, 0.6997896617109536, 0.7107961829462516, 0.6955902684408808, 0.6960350692048725];[0.688399417543959, 0.6997896617109536, 0.7107961829462516, 0.6955902684408808, 0.6960350692048725]
