protocol;link_layer;link_layer_mode;blocksize;network_setup;data_format;dns_format;randiv_pad;vector_type;k;classifier;classifier_args;job_id;fit_time;score_time;accuracy;precision;recall;f1_score;balanced_accuracy;roc_auc
oscore-base;schc;min_rules;1024;d2;cbor;dns_cbor;0;binvec;5;dt;;20833657;[24.960947275161743, 25.87698221206665, 25.766664028167725, 24.345755577087402, 25.525895595550537];[0.324138879776001, 0.3303987979888916, 0.3227858543395996, 0.323136568069458, 0.3233609199523926];[0.9223976931466734, 0.9507552554122902, 0.9566269740479001, 0.95333930972658, 0.9549529359031824];[0.9186787791855925, 0.9269901610017889, 0.9365751320570936, 0.9350947947683842, 0.9396489631904166];[0.8797024036627241, 0.9489889355207936, 0.9538344143456696, 0.9465471194200686, 0.9457077451354445];[0.8987682232790208, 0.9378605633271747, 0.9451259852938396, 0.9407861056862782, 0.9426686189127004];[0.9147904223809556, 0.9504405398116725, 0.9561294072661528, 0.9521291589241797, 0.9533057389724373];[0.9147904223809556, 0.9504405398116726, 0.9561294072661528, 0.9521291589241798, 0.9533057389724374]
