protocol,link_layer,blocksize,network_setup,data_format,dns_format,test_size,classifier,classifier_args,true_dns,false_dns,false_data,true_data,accuracy,precision,recall,f1_score
oscore-base,eth,1024,d1,json,dns_message,0.2,nb,,22259,1839,19617,5778,0.5664841492736347,0.5315455153309772,0.9236866129969292,0.6747809743232183
oscore-base,eth,1024,d1,json,dns_message,0.2,lr,max_iter=2800,21990,2108,4706,20689,0.8623239650051523,0.8237189091998801,0.9125238609013197,0.8658502972792063
oscore-base,eth,1024,d1,json,dns_message,0.2,knn,"algorithm=brute,n_jobs=-1",21458,2640,5401,19994,0.8375325803649001,0.7989128411333258,0.8904473400282181,0.8422002865160821
oscore-base,eth,1024,d1,json,dns_message,0.2,dt,,19729,4369,4112,21283,0.828642434283636,0.8275240132544776,0.8186986471906382,0.8230876739189387
oscore-base,eth,1024,d1,json,dns_message,0.2,rf,"n_estimators=250,max_depth=9",22854,1244,4639,20756,0.8811347059180086,0.8312661404721202,0.9483774587102665,0.88596848287492
