protocol;link_layer;link_layer_mode;blocksize;network_setup;data_format;dns_format;randiv_pad;vector_type;k;classifier;classifier_args;job_id;fit_time;score_time;accuracy;precision;recall;f1_score;balanced_accuracy;roc_auc
oscore-base;eth;;64;p2;json;dns_message;0;binvec;5;dt;;20937591;[560.3845841884613, 444.52637791633606, 470.4285843372345, 455.2599642276764, 451.7736339569092];[6.89699649810791, 6.901666164398193, 6.211335182189941, 6.333173990249634, 5.784648656845093];[0.7286500349415492, 0.9252522237073323, 0.931561592531278, 0.9259573370966429, 0.9224020951502158];[0.6800061751689594, 0.9132275832409812, 0.9145826884540819, 0.9236744571747703, 0.8838138915141843];[0.6500770719228625, 0.9053655176937457, 0.9205667246072612, 0.8950018038109606, 0.9354235676101145];[0.6647048960429243, 0.9092795559910737, 0.9175649501891912, 0.9091121086690375, 0.908886675960964];[0.7170901058573887, 0.9223264219760174, 0.9299440340162431, 0.921403177210436, 0.9243178065349602];[0.7170901058573886, 0.9223264219760176, 0.9299440340162433, 0.921403177210436, 0.9243178065349603]
