protocol;link_layer;link_layer_mode;blocksize;network_setup;data_format;dns_format;randiv_pad;vector_type;k;classifier;classifier_args;job_id;fit_time;score_time;accuracy;precision;recall;f1_score;balanced_accuracy;roc_auc
oscore-base;schc;min_rules;1024;p2;cbor;dns_cbor;0;binvec;5;dt;;20833657;[31.762357473373413, 33.57230257987976, 32.35107445716858, 31.97406244277954, 32.28156042098999];[0.31990575790405273, 0.3200497627258301, 0.3182551860809326, 0.3287324905395508, 0.34038591384887695];[0.8254008577534033, 0.9493110971636929, 0.9539286888430617, 0.9527331958516393, 0.9274784064078424];[0.8869583755263017, 0.9249338747531946, 0.9331260302712423, 0.9331854414197623, 0.9335607537361923];[0.635069643197863, 0.9474527761877505, 0.9504674680404503, 0.9471093302804808, 0.8772371684792979];[0.7401707881159936, 0.9360579098175238, 0.94171692156455, 0.9400958315183424, 0.904523008518759];[0.7914872703880458, 0.9489799925936664, 0.953311989123018, 0.9517311689596593, 0.9185267216896036];[0.7914872703880458, 0.9489799925936664, 0.9533119891230178, 0.9517311689596594, 0.9185267216896035]
