protocol,link_layer,link_layer_mode,blocksize,network_setup,data_format,dns_format,vector_type,run,test_size,classifier,classifier_args,true_dns,false_dns,false_data,true_data,accuracy,precision,recall,f1_score
oscore,eth,,64,p2,cbor,dns_message,word2vec,1,0.2,nb,,8559,19035,557,53326,0.7595395019453343,0.9388986397542782,0.3101761252446184,0.46630345954780716
oscore,eth,,64,p2,cbor,dns_message,word2vec,1,0.2,lr,max_iter=5000,20734,6860,4557,49326,0.8598745658283933,0.8198173263216164,0.7513952308472857,0.7841164791528789
oscore,eth,,64,p2,cbor,dns_message,word2vec,1,0.2,knn,algorithm=brute,18891,8703,12489,41394,0.7399020582495673,0.6020076481835565,0.6846053489889107,0.6406552039881982
oscore,eth,,64,p2,cbor,dns_message,word2vec,1,0.2,svm,C=0.01,19294,8300,4905,48978,0.8379297224983737,0.7973056737881731,0.6992099731825759,0.7450427663970035
oscore,eth,,64,p2,cbor,dns_message,word2vec,1,0.2,dt,,21492,6102,6226,47657,0.8486934963241161,0.7753806190922866,0.7788649706457925,0.7771188892102979
oscore,eth,,64,p2,cbor,dns_message,word2vec,1,0.2,rf,"n_estimators=250,max_depth=9",22712,4882,4415,49468,0.8858941787252844,0.8372470232609577,0.8230774806117271,0.830101789075492
