protocol,link_layer,blocksize,network_setup,data_format,dns_format,test_size,classifier,classifier_args,true_data,false_data,false_dns,true_dns,accuracy,precision,recall,f1_score
oscore,eth,1024,p1,cbor,dns_cbor,0.2,nb,,20216,3986,14179,11851,0.6383779264214047,0.7483109174717434,0.4552823665001921,0.5661260658752717
oscore,eth,1024,p1,cbor,dns_cbor,0.2,knn,"algorithm=brute,n_jobs=-1",20407,3795,6875,19155,0.7875856028029941,0.834640522875817,0.7358816749903957,0.782155982033483
oscore,eth,1024,p1,cbor,dns_cbor,0.2,dt,,19360,4842,4746,21284,0.8091256569517439,0.8146673811528745,0.8176719170188245,0.8161668839634941
oscore,eth,1024,p1,cbor,dns_cbor,0.2,rf,"n_estimators=250,max_depth=9",22679,1523,5292,20738,0.8643295110686415,0.9315843852477427,0.7966961198616981,0.858876395187509
oscore,eth,1024,p1,cbor,dns_cbor,0.2,lr,max_iter=2400,21043,3075,4916,21198,0.8409181398311834,0.8733160301569646,0.8117484874013939,0.8414075059043007
