protocol;link_layer;link_layer_mode;blocksize;network_setup;data_format;dns_format;randiv_pad;vector_type;k;classifier;classifier_args;job_id;fit_time;score_time;accuracy;precision;recall;f1_score;balanced_accuracy;roc_auc
oscore-base;schc;;1024;d1;json;dns_cbor;0;binvec;5;dt;;20833657;[46.99629211425781, 45.825878858566284, 47.105865716934204, 44.47920536994934, 46.99478459358215];[0.522406816482544, 0.48016905784606934, 0.48748207092285156, 0.486605167388916, 0.4963984489440918];[0.7265988475492637, 0.9524649640748382, 0.9553105214483887, 0.9542861207939105, 0.9519812193213346];[0.7907382773528434, 0.9263899765074393, 0.9293504559836218, 0.9291926393191744, 0.9286652900319129];[0.3628767645936665, 0.9478443342235788, 0.9525753529187333, 0.9497901564288439, 0.9437237695536055];[0.4974632564464669, 0.9369943613630792, 0.9408195949128592, 0.9393785022924096, 0.9361339767243826];[0.6528847804817454, 0.9515285199195036, 0.9547561960282833, 0.9533749420828281, 0.9503077157467403];[0.6528847804817454, 0.9515285199195036, 0.9547561960282832, 0.953374942082828, 0.9503077157467404]
