protocol;link_layer;link_layer_mode;blocksize;network_setup;data_format;dns_format;randiv_pad;vector_type;k;classifier;classifier_args;job_id;fit_time;score_time;accuracy;precision;recall;f1_score;balanced_accuracy;roc_auc
oscore;schc;;1024;d2;json;dns_message;0;binvec;5;dt;;20833657;[50.263540506362915, 51.96400260925293, 51.874544858932495, 49.68341541290283, 46.10213494300842];[0.43514442443847656, 0.43532490730285645, 0.44425344467163086, 0.4130222797393799, 0.3776707649230957];[0.9119893240314993, 0.9127953068019661, 0.917591564927858, 0.9183039784363728, 0.9186871556360081];[0.8919470889496339, 0.8897581348958983, 0.892998760842627, 0.8929344130555728, 0.8979706700853631];[0.898070230939576, 0.9031002847200253, 0.9119554557246354, 0.913980195513936, 0.9085387073301908];[0.89499818717783, 0.8963795647941721, 0.9023775610825024, 0.9033347403967918, 0.9032237773234786];[0.9100211843539374, 0.9114244446697645, 0.9167945174255622, 0.9176925527190771, 0.9172520645604079];[0.9100211843539374, 0.9114244446697645, 0.9167945174255622, 0.9176925527190771, 0.9172520645604078]
