protocol;link_layer;link_layer_mode;blocksize;network_setup;data_format;dns_format;randiv_pad;vector_type;k;classifier;classifier_args;job_id;fit_time;score_time;accuracy;precision;recall;f1_score;balanced_accuracy;roc_auc
oscore;schc;;1024;p1;cbor;dns_message;1;binvec;5;dt;;20833657;[74.46777820587158, 73.37847685813904, 73.65426778793335, 73.99795794487, 73.7774076461792];[0.42888307571411133, 0.4368753433227539, 0.43121981620788574, 0.43474435806274414, 0.4284641742706299];[0.6369256926465474, 0.6363975939307289, 0.6357664515630433, 0.6428764635418679, 0.6337699808081199];[0.5769908279171475, 0.5757676198511466, 0.5746402877697842, 0.582685639124716, 0.5715557137771449];[0.5712309820193637, 0.5745384569126225, 0.5764026700342775, 0.5860845510854531, 0.5793066121418047];[0.5740964583585156, 0.5751523816690496, 0.5755201296946771, 0.5843801529006146, 0.5754050623460016];[0.6286944247395991, 0.6286469070880966, 0.6283284221529462, 0.6357606783909205, 0.6269448788514341];[0.6286944247395991, 0.6286469070880966, 0.6283284221529462, 0.6357606783909207, 0.6269448788514341]
