protocol,link_layer,blocksize,network_setup,data_format,dns_format,test_size,classifier,classifier_args,true_dns,false_dns,false_data,true_data,accuracy,precision,recall,f1_score
oscore,eth,1024,p1,cbor,dns_cbor,0.2,nb,,20743,3431,14208,11849,0.6488423483506202,0.593488026093674,0.8580706544221064,0.7016659619450317
oscore,eth,1024,p1,cbor,dns_cbor,0.2,lr,max_iter=5000,21118,3056,4996,21061,0.8397005833051303,0.8086849965535728,0.8735831885496814,0.8398822780782692
oscore,eth,1024,p1,cbor,dns_cbor,0.2,knn,algorithm=brute,20167,4007,7083,18974,0.7792200035834445,0.7400733944954129,0.8342434020021511,0.7843419415059116
oscore,eth,1024,p1,cbor,dns_cbor,0.2,dt,,19187,4987,4504,21553,0.8110529354382752,0.8098856105694145,0.7937039794820882,0.80171315157213
oscore,eth,1024,p1,cbor,dns_cbor,0.2,rf,"n_estimators=250,max_depth=9",22626,1548,4875,21182,0.8721307559077064,0.8227337187738628,0.93596425912137,0.8757039187227866
