protocol;link_layer;link_layer_mode;blocksize;network_setup;data_format;dns_format;randiv_pad;vector_type;k;classifier;classifier_args;job_id;fit_time;score_time;accuracy;precision;recall;f1_score;balanced_accuracy;roc_auc
oscore;schc;;64;d1;cbor;dns_message;1;binvec;5;dt;;20833657;[104.22734308242798, 106.01621174812317, 105.28041195869446, 104.783451795578, 105.84179067611694];[0.8532369136810303, 0.8463270664215088, 0.8401205539703369, 0.8427062034606934, 0.8417298793792725];[0.7177383716225889, 0.8328737792771205, 0.8441022512961914, 0.8414880837529487, 0.8451728151472336];[0.701721667092012, 0.7903141867277296, 0.8036178783239443, 0.8000385882632314, 0.8005245113839482];[0.542412746585736, 0.8065402124430956, 0.8204097116843703, 0.8179942032504287, 0.8291324602801257];[0.611867612697815, 0.7983447612896443, 0.8119269843891963, 0.8089167673341987, 0.8145773855225005];[0.69103795312888, 0.8288634285097827, 0.8404941037554002, 0.8379099799334326, 0.8427298787830074];[0.69103795312888, 0.8288634285097827, 0.8404941037554002, 0.8379099799334327, 0.8427298787830074]
