protocol;link_layer;link_layer_mode;blocksize;network_setup;data_format;dns_format;randiv_pad;vector_type;k;classifier;classifier_args;job_id;fit_time;score_time;accuracy;precision;recall;f1_score;balanced_accuracy;roc_auc
oscore;schc;;1024;p2;json;dns_cbor;1;binvec;5;dt;;20833657;[116.58101797103882, 114.3089542388916, 114.54612803459167, 111.32438778877258, 77.59313821792603];[0.6095242500305176, 0.663100004196167, 0.7805178165435791, 0.6366446018218994, 0.4175255298614502];[0.6723106900490492, 0.6756299133239266, 0.6872807901632735, 0.688624605254317, 0.6868238930323187];[0.5427956217477122, 0.5478649887248127, 0.5653603317517839, 0.5671831248833302, 0.5632347572106609];[0.5649981322375793, 0.5626821068360105, 0.5652969742248786, 0.5675009338812103, 0.5763009451230902];[0.5536743845520271, 0.5551747014595312, 0.5653286512131797, 0.5673419848753618, 0.5696929411547481];[0.6488019310573981, 0.6508866510672864, 0.6605580264135202, 0.6620902717469856, 0.6626100284529106];[0.648801931057398, 0.6508866510672863, 0.6605580264135201, 0.6620902717469856, 0.6626100284529106]
