protocol;link_layer;link_layer_mode;blocksize;network_setup;data_format;dns_format;randiv_pad;vector_type;k;classifier;classifier_args;job_id;fit_time;score_time;accuracy;precision;recall;f1_score;balanced_accuracy;roc_auc
oscore;schc;;1024;p2;cbor;dns_message;1;binvec;5;dt;;20833657;[73.16870307922363, 74.35268187522888, 72.547926902771, 74.29194331169128, 74.5361807346344];[0.4260718822479248, 0.4267435073852539, 0.4293966293334961, 0.4478180408477783, 0.4399592876434326];[0.6386731349830981, 0.6378298174311334, 0.6375330623830721, 0.6389910328365912, 0.6398554931939875];[0.5783393281716759, 0.5775508956410099, 0.5760715684207356, 0.5774352207293666, 0.5774802263234292];[0.5724241967114195, 0.5700579290369298, 0.5770275162925417, 0.5809196234612599, 0.5881607530774801];[0.5753665600218344, 0.5737799508032433, 0.5765491461043366, 0.579172181446276, 0.5827715579737224];[0.6302981198610862, 0.6292615111247182, 0.6298834297046216, 0.6316491447032861, 0.6333197985535729];[0.6302981198610862, 0.6292615111247182, 0.6298834297046216, 0.6316491447032861, 0.6333197985535728]
