protocol;link_layer;link_layer_mode;blocksize;network_setup;data_format;dns_format;randiv_pad;vector_type;k;classifier;classifier_args;job_id;fit_time;score_time;accuracy;precision;recall;f1_score;balanced_accuracy;roc_auc
oscore;eth;;64;d1;json;dns_cbor;1;binvec;5;dt;;20833657;[509.07066011428833, 546.8868727684021, 468.67146944999695, 605.6724121570587, 592.7181415557861];[4.273689031600952, 4.5330400466918945, 4.473830699920654, 4.527216911315918, 4.455002069473267];[0.7511262483716891, 0.7907349109856708, 0.7950295809813287, 0.7909113113330438, 0.7906942032132002];[0.572882303606374, 0.6267229319083549, 0.6359869646182496, 0.6284468563742202, 0.6289068882612451];[0.4891159060530838, 0.6522735409953455, 0.6521541950113379, 0.6468074949277957, 0.6431077694235589];[0.5276955166997142, 0.6392430232286135, 0.6439691237994225, 0.6374950008233938, 0.6359280589123867];[0.6721476246728603, 0.7489971361952755, 0.7519612458700774, 0.74747267833397, 0.7462057705473957];[0.6721476246728603, 0.7489971361952755, 0.7519612458700774, 0.7474726783339699, 0.7462057705473957]
