protocol,link_layer,link_layer_mode,blocksize,network_setup,data_format,dns_format,vector_type,run,test_size,classifier,classifier_args,true_dns,false_dns,false_data,true_data,accuracy,precision,recall,f1_score
oscore-base,schc,,1024,d2,cbor,dns_message,binvec,1,0.2,nb,,7680,5490,3768,17226,0.7290129961362838,0.6708595387840671,0.5831435079726651,0.6239337070436266
oscore-base,schc,,1024,d2,cbor,dns_message,binvec,1,0.2,lr,max_iter=5000,11938,1232,1284,19710,0.9263552277250907,0.9028891241869611,0.9064540622627183,0.9046680812367384
oscore-base,schc,,1024,d2,cbor,dns_message,binvec,1,0.2,knn,algorithm=brute,12180,990,2115,18879,0.9091148577449948,0.8520461699895068,0.9248291571753986,0.8869470234844348
oscore-base,schc,,1024,d2,cbor,dns_message,binvec,1,0.2,svm,C=0.01,11940,1230,1300,19694,0.9259454396440698,0.9018126888217523,0.9066059225512528,0.9042029534267323
oscore-base,schc,,1024,d2,cbor,dns_message,binvec,1,0.2,dt,,11919,1251,1524,19470,0.9187741482262031,0.8866324481142602,0.9050113895216401,0.8957276518994476
oscore-base,schc,,1024,d2,cbor,dns_message,binvec,1,0.2,rf,"n_estimators=250,max_depth=9",11651,1519,579,20415,0.9385903290012879,0.9526573998364677,0.8846621108580106,0.9174015748031497
