protocol,link_layer,blocksize,network_setup,data_format,dns_format,test_size,classifier,classifier_args,true_data,false_data,false_dns,true_dns,accuracy,precision,recall,f1_score
oscore,eth,1024,p1,json,dns_message,0.2,nb,,11755,15060,894,23212,0.6866911490347793,0.6065008361204013,0.9629137973948395,0.744236750136266
oscore,eth,1024,p1,json,dns_message,0.2,lr,max_iter=2400,22260,4555,1998,22108,0.8713104613028024,0.8291640100513821,0.9171160706877955,0.8709251708719888
oscore,eth,1024,p1,json,dns_message,0.2,knn,"algorithm=brute,n_jobs=-1",21049,5766,2469,21637,0.8382789026138528,0.7895850819253366,0.8975773666307143,0.8401250266943641
oscore,eth,1024,p1,json,dns_message,0.2,dt,,22739,4076,4499,19607,0.8316018931285717,0.8278934256639784,0.8133659669791753,0.8205654020799765
oscore,eth,1024,p1,json,dns_message,0.2,rf,"n_estimators=250,max_depth=9",22048,4767,1266,22840,0.8815223581626441,0.8273264027239469,0.9474819547000747,0.8833368785411791
