protocol,link_layer,link_layer_mode,blocksize,network_setup,data_format,dns_format,vector_type,run,test_size,classifier,classifier_args,true_dns,false_dns,false_data,true_data,accuracy,precision,recall,f1_score
oscore-base,schc,,1024,d2,json,dns_cbor,binvec,1,0.2,nb,,8945,2412,4760,18350,0.7919169060260539,0.652681503101058,0.7876199700625165,0.7138297023382013
oscore-base,schc,,1024,d2,json,dns_cbor,binvec,1,0.2,lr,max_iter=5000,10502,855,456,22654,0.9619636173731395,0.9583865668917686,0.9247160341639518,0.9412502800806632
oscore-base,schc,,1024,d2,json,dns_cbor,binvec,1,0.2,knn,algorithm=brute,10577,780,1149,21961,0.9440334232744364,0.9020126215248166,0.9313198908162367,0.9164320062383572
oscore-base,schc,,1024,d2,json,dns_cbor,binvec,1,0.2,svm,C=0.01,10513,844,385,22725,0.9643427046160096,0.9646724169572398,0.9256845998062869,0.9447764547292743
oscore-base,schc,,1024,d2,json,dns_cbor,binvec,1,0.2,dt,,10726,631,864,22246,0.9566251777062117,0.9254529767040552,0.9444395526987761,0.9348498714428901
oscore-base,schc,,1024,d2,json,dns_cbor,binvec,1,0.2,rf,"n_estimators=250,max_depth=9",9327,2030,102,23008,0.9381437316853802,0.9891823098950048,0.8212556132781544,0.8974309631482729
