protocol,link_layer,blocksize,network_setup,data_format,dns_format,test_size,classifier,classifier_args,true_data,false_data,false_dns,true_dns,accuracy,precision,recall,f1_score
oscore,eth,1024,d1,cbor,dns_message,0.2,nb,,4962,20132,768,23298,0.5748576078112286,0.5364494588993783,0.9680877586636749,0.6903520208604954
oscore,eth,1024,d1,cbor,dns_message,0.2,lr,max_iter=2600,20571,4523,1995,22071,0.8674125305126119,0.8299240430172219,0.9171029668411868,0.8713383339913147
oscore,eth,1024,d1,cbor,dns_message,0.2,knn,"algorithm=brute,n_jobs=-1",20014,5080,3176,20890,0.8320585842148088,0.8043896804004621,0.8680295853070722,0.8349988008633784
oscore,eth,1024,d1,cbor,dns_message,0.2,dt,,21256,3838,4187,19879,0.8367575264442636,0.8381751486275667,0.8260201113604255,0.8320532406922965
oscore,eth,1024,d1,cbor,dns_message,0.2,rf,"n_estimators=250,max_depth=9",20527,4567,1204,22862,0.8826078112286412,0.8334973932698968,0.9499709133216987,0.8879308670744732
