protocol;link_layer;link_layer_mode;blocksize;network_setup;data_format;dns_format;randiv_pad;vector_type;k;classifier;classifier_args;job_id;fit_time;score_time;accuracy;precision;recall;f1_score;balanced_accuracy;roc_auc
oscore;eth;;64;p2;json;dns_message;1;binvec;5;dt;;20833657;[755.7024796009064, 1035.2636232376099, 1232.9072933197021, 574.4001653194427, 619.7488303184509];[5.847340822219849, 7.55214786529541, 4.7512733936309814, 4.5698018074035645, 11.942800045013428];[0.7415925692548251, 0.8062731919064622, 0.8414840486359075, 0.8404163457723635, 0.8437478120842961];[0.6813101990133235, 0.7634055168857953, 0.7948686714883898, 0.7932535033397745, 0.7918818086852708];[0.6161153262518968, 0.7189681335356601, 0.792154779969651, 0.7911349185875355, 0.80523224935128];[0.647074760546321, 0.740520771466975, 0.7935094052821585, 0.7921927945176338, 0.7985012301650001];[0.7180447716419112, 0.7898890110311196, 0.8322266278706221, 0.8311675237505769, 0.8365194584197275];[0.7180447716419112, 0.7898890110311196, 0.8322266278706222, 0.8311675237505769, 0.8365194584197275]
