protocol,link_layer,link_layer_mode,blocksize,network_setup,data_format,dns_format,vector_type,run,test_size,classifier,classifier_args,true_dns,false_dns,false_data,true_data,accuracy,precision,recall,f1_score
oscore,schc,,1024,p1,cbor,dns_cbor,binvec,1,0.2,nb,,8899,2431,5378,17456,0.7714260625219529,0.6233102192337325,0.7854368932038835,0.6950443238177061
oscore,schc,,1024,p1,cbor,dns_cbor,binvec,1,0.2,lr,max_iter=5000,8111,3219,2768,20066,0.824757054209109,0.7455648497104513,0.7158870255957634,0.7304246026385699
oscore,schc,,1024,p1,cbor,dns_cbor,binvec,1,0.2,knn,algorithm=brute,8550,2780,3139,19695,0.8267474534597822,0.7314569253143981,0.7546337157987644,0.7428645901212042
oscore,schc,,1024,p1,cbor,dns_cbor,binvec,1,0.2,svm,C=0.01,8173,3157,2756,20078,0.8269230769230769,0.7478268826059109,0.7213592233009709,0.7343546430657262
oscore,schc,,1024,p1,cbor,dns_cbor,binvec,1,0.2,dt,,7885,3445,3632,19202,0.7928521250439059,0.6846400972475472,0.6959399823477493,0.6902437956843349
oscore,schc,,1024,p1,cbor,dns_cbor,binvec,1,0.2,rf,"n_estimators=250,max_depth=9",8455,2875,2212,20622,0.8511005737033134,0.7926314802662416,0.7462488967343336,0.7687411919807247
