protocol,link_layer,link_layer_mode,blocksize,network_setup,data_format,dns_format,vector_type,run,test_size,classifier,classifier_args,true_dns,false_dns,false_data,true_data,accuracy,precision,recall,f1_score
oscore-base,schc,,64,d1,cbor,dns_cbor,word2vec,1,0.2,nb,,13414,4081,29050,26781,0.5481684532089572,0.31589110776186885,0.7667333523863961,0.44743908337363864
oscore-base,schc,,64,d1,cbor,dns_cbor,word2vec,1,0.2,lr,max_iter=5000,8651,8844,4982,50849,0.8114447808417206,0.6345631922540893,0.4944841383252358,0.5558339758416859
oscore-base,schc,,64,d1,cbor,dns_cbor,word2vec,1,0.2,knn,algorithm=brute,10040,7455,5451,50380,0.8239914900580967,0.648118262216771,0.5738782509288368,0.6087431031346632
oscore-base,schc,,64,d1,cbor,dns_cbor,word2vec,1,0.2,svm,C=0.01,8648,8847,4825,51006,0.8135449908627226,0.641876345283159,0.4943126607602172,0.5585120123998967
oscore-base,schc,,64,d1,cbor,dns_cbor,word2vec,1,0.2,dt,,9926,7569,7694,48137,0.7918473665548373,0.5633371169125994,0.5673621034581309,0.5653424462480422
oscore-base,schc,,64,d1,cbor,dns_cbor,word2vec,1,0.2,rf,"n_estimators=250,max_depth=9",8470,9025,4157,51674,0.8202274772931839,0.6707848261661519,0.48413832523578165,0.5623796560653344
