protocol;link_layer;link_layer_mode;blocksize;network_setup;data_format;dns_format;randiv_pad;vector_type;k;classifier;classifier_args;job_id;fit_time;score_time;accuracy;precision;recall;f1_score;balanced_accuracy;roc_auc
oscore-base;schc;;1024;p2;json;dns_cbor;0;binvec;5;dt;;20833657;[61.99335193634033, 62.842933893203735, 66.87983989715576, 61.84735441207886, 63.32744884490967];[0.5616984367370605, 0.5226199626922607, 0.5193195343017578, 0.503070592880249, 0.515845775604248];[0.9302918149466192, 0.9214793093140116, 0.9476718529801136, 0.9499921707070563, 0.9469173938419052];[0.9204262877442273, 0.9206458960383959, 0.9214820359281437, 0.9222722704091129, 0.9201286317914968];[0.8900381679389313, 0.8639312977099237, 0.9397709923664123, 0.9456106870229007, 0.9391984732824428];[0.9049771999611914, 0.8913873902256527, 0.9305366591080877, 0.9337956768369674, 0.9295657594016206];[0.9221359965687845, 0.9098198566689871, 0.9460711076613328, 0.9491044649444, 0.9453535102910204];[0.9221359965687845, 0.9098198566689871, 0.946071107661333, 0.9491044649443999, 0.9453535102910205]
