protocol,link_layer,link_layer_mode,blocksize,network_setup,data_format,dns_format,vector_type,run,test_size,classifier,classifier_args,true_dns,false_dns,false_data,true_data,accuracy,precision,recall,f1_score
oscore-base,eth,,64,p2,cbor,dns_message,binvec,1,0.2,nb,,14210,10967,6493,30721,0.7201519449920661,0.6863739554653915,0.5644040195416452,0.6194420226678291
oscore-base,eth,,64,p2,cbor,dns_message,binvec,1,0.2,lr,max_iter=5000,21163,4014,1733,35481,0.9078873555480759,0.9243099231306778,0.8405687730865472,0.8804526449358268
oscore-base,eth,,64,p2,cbor,dns_message,binvec,1,0.2,knn,algorithm=brute,23297,1880,1840,35374,0.9403760157715055,0.9268011298086486,0.9253286729951941,0.9260643160949239
oscore-base,eth,,64,p2,cbor,dns_message,binvec,1,0.2,svm,C=0.01,21223,3954,1769,35445,0.9082720264140661,0.9230601948503827,0.8429519005441475,0.8811891465465341
oscore-base,eth,,64,p2,cbor,dns_message,binvec,1,0.2,dt,,22938,2239,2359,34855,0.9263034732573608,0.9067478357117444,0.9110696270405528,0.9089035939295479
oscore-base,eth,,64,p2,cbor,dns_message,binvec,1,0.2,rf,"n_estimators=250,max_depth=9",20589,4588,1632,35582,0.9003061338975172,0.9265559605778317,0.8177701870755054,0.8687708342124141
