protocol,link_layer,blocksize,network_setup,data_format,dns_format,test_size,classifier,classifier_args,true_dns,false_dns,false_data,true_data,accuracy,precision,recall,f1_score
oscore-base,eth,1024,d1,cbor,dns_cbor,0.2,nb,,21682,2364,16530,8584,0.6156631407648495,0.5674133779964409,0.9016884305081926,0.6965209290372322
oscore-base,eth,1024,d1,cbor,dns_cbor,0.2,lr,max_iter=2800,20947,3265,5488,19460,0.8219487388120423,0.7923964441081899,0.8651495126383612,0.8271763381839004
oscore-base,eth,1024,d1,cbor,dns_cbor,0.2,knn,"algorithm=brute,n_jobs=-1",20300,3746,5853,19261,0.8047396257119609,0.776201582992391,0.8442152540963154,0.8087810514153668
oscore-base,eth,1024,d1,cbor,dns_cbor,0.2,dt,,19184,4862,4526,20588,0.8090317331163548,0.8091100801349641,0.797804208600183,0.8034173716391657
oscore-base,eth,1024,d1,cbor,dns_cbor,0.2,rf,"n_estimators=250,max_depth=9",22526,1520,5645,19469,0.8542514239218877,0.7996166270277946,0.936787823338601,0.8627841507555011
