protocol,link_layer,link_layer_mode,blocksize,network_setup,data_format,dns_format,vector_type,run,test_size,classifier,classifier_args,true_dns,false_dns,false_data,true_data,accuracy,precision,recall,f1_score
oscore,schc,,1024,d2,cbor,dns_message,word2vec,1,0.2,nb,,9149,4046,8739,12277,0.6262897898336792,0.5114601967799642,0.693368700265252,0.5886819161599588
oscore,schc,,1024,d2,cbor,dns_message,word2vec,1,0.2,lr,max_iter=5000,12215,980,841,20175,0.9467715062406828,0.9355851715686274,0.9257294429708223,0.9306312140489886
oscore,schc,,1024,d2,cbor,dns_message,word2vec,1,0.2,knn,algorithm=brute,11177,2018,2624,18392,0.8643126479787203,0.8098688500833273,0.8470632815460402,0.8280485997925618
oscore,schc,,1024,d2,cbor,dns_message,word2vec,1,0.2,svm,C=0.01,12237,958,926,20090,0.9449299932770162,0.9296512952974246,0.9273967411898446,0.9285226496699295
oscore,schc,,1024,d2,cbor,dns_message,word2vec,1,0.2,dt,,12239,956,1028,19988,0.9420069568267516,0.9225145096856863,0.9275483137552103,0.9250245635250548
oscore,schc,,1024,d2,cbor,dns_message,word2vec,1,0.2,rf,"n_estimators=250,max_depth=9",12383,812,890,20126,0.9502499196164976,0.9329465832893845,0.9384615384615385,0.9356959347136165
