protocol;link_layer;link_layer_mode;blocksize;network_setup;data_format;dns_format;randiv_pad;vector_type;k;classifier;classifier_args;job_id;fit_time;score_time;accuracy;precision;recall;f1_score;balanced_accuracy;roc_auc
oscore;schc;;64;p2;cbor;dns_message;0;binvec;5;dt;;20833657;[105.5558226108551, 108.29568219184875, 108.71555304527283, 109.30361533164978, 110.42643523216248];[0.8975446224212646, 0.8888983726501465, 0.8882339000701904, 0.8779430389404297, 0.8796234130859375];[0.7430168565604302, 0.732106764607371, 0.8005439866948477, 0.8269290738366654, 0.8543132023607406];[0.6817757088734476, 0.6987409339092169, 0.7773199158162815, 0.7916964343703319, 0.8060224827316368];[0.6089529590288315, 0.5204400606980273, 0.6669499241274659, 0.7398937784522003, 0.8127740936888268];[0.6433100087367046, 0.5965525638349684, 0.7179177249822366, 0.7649190512048193, 0.8093842085379676];[0.7171663095646642, 0.691293250195004, 0.7747844170634532, 0.8101469526199062, 0.8463033305104057];[0.7171663095646642, 0.691293250195004, 0.7747844170634532, 0.8101469526199063, 0.8463033305104057]
