protocol;link_layer;link_layer_mode;blocksize;network_setup;data_format;dns_format;randiv_pad;vector_type;k;classifier;classifier_args;job_id;fit_time;score_time;accuracy;precision;recall;f1_score;balanced_accuracy;roc_auc
oscore;eth;;64;p2;cbor;dns_cbor;0;binvec;5;dt;;20833657;[257.31671142578125, 275.1460340023041, 276.9481863975525, 266.77192187309265, 275.23188400268555];[3.3785862922668457, 3.3808181285858154, 3.378671646118164, 3.3995144367218018, 3.6662776470184326];[0.714240066581953, 0.7350840820087537, 0.7519896560180128, 0.6965965668425355, 0.7554432637289143];[0.5371445842958613, 0.5715956251576365, 0.5962276936977637, 0.5145779771347301, 0.5970616830506643];[0.5938514416650754, 0.5950352070652822, 0.6300274495763217, 0.4490750686239408, 0.6596252536102161];[0.5640764042396418, 0.5830799457360715, 0.6126617536122556, 0.4796002906050448, 0.6267861193014289];[0.6812580650461876, 0.6967148066920351, 0.7185755962543441, 0.6287835553532437, 0.7291921790036513];[0.6812580650461876, 0.696714806692035, 0.7185755962543441, 0.6287835553532437, 0.7291921790036513]
