protocol;link_layer;link_layer_mode;blocksize;network_setup;data_format;dns_format;randiv_pad;vector_type;k;classifier;classifier_args;job_id;fit_time;score_time;accuracy;precision;recall;f1_score;balanced_accuracy;roc_auc
oscore-base;schc;;1024;p1;json;dns_cbor;0;binvec;5;dt;;20833657;[56.50584530830383, 63.84082555770874, 61.281087160110474, 59.490227460861206, 61.86177062988281];[0.5118017196655273, 0.5065221786499023, 0.49709606170654297, 0.5008804798126221, 0.5061130523681641];[0.9310850231234437, 0.9495837780149413, 0.9536961935254358, 0.951561721807186, 0.7634863038064745];[0.9178141135972461, 0.9256893831242017, 0.9255386212778581, 0.924995340167754, 0.8152631578947368];[0.8953634802518603, 0.940278572791452, 0.9524518221713414, 0.9468803663423011, 0.47288685365388283];[0.9064498058683769, 0.9329269447021183, 0.9388023771910028, 0.9358099189138224, 0.598575051322304];[0.9238446627490298, 0.9476977161665452, 0.953443973259485, 0.9506128629986976, 0.7045850197472954];[0.9238446627490298, 0.9476977161665452, 0.9534439732594852, 0.9506128629986976, 0.7045850197472954]
