protocol;link_layer;link_layer_mode;blocksize;network_setup;data_format;dns_format;randiv_pad;vector_type;k;classifier;classifier_args;job_id;fit_time;score_time;accuracy;precision;recall;f1_score;balanced_accuracy;roc_auc
oscore;schc;;64;d2;json;dns_cbor;0;binvec;5;dt;;20833657;[14.903820514678955, 14.928187370300293, 16.107304096221924, 16.72139620780945, 16.464888095855713];[0.7291767597198486, 0.7753980159759521, 0.7363321781158447, 0.7781798839569092, 0.7644519805908203];[1.0, 1.0, 1.0, 1.0, 1.0];[1.0, 1.0, 1.0, 1.0, 1.0];[1.0, 1.0, 1.0, 1.0, 1.0];[1.0, 1.0, 1.0, 1.0, 1.0];[1.0, 1.0, 1.0, 1.0, 1.0];[1.0, 1.0, 1.0, 1.0, 1.0]
