protocol;link_layer;link_layer_mode;blocksize;network_setup;data_format;dns_format;randiv_pad;vector_type;k;classifier;classifier_args;job_id;fit_time;score_time;accuracy;precision;recall;f1_score;balanced_accuracy;roc_auc
oscore;schc;;64;p1;cbor;dns_message;1;binvec;5;dt;;20833657;[154.4537808895111, 155.33541870117188, 163.35147666931152, 163.34589195251465, 163.98628401756287];[0.9876964092254639, 0.9794068336486816, 1.003188133239746, 0.9809896945953369, 0.9825727939605713];[0.5833328521356516, 0.5942752874193753, 0.6125569497456389, 0.6043111462706218, 0.6132418667498181];[0.45527955636862566, 0.4683027476279732, 0.49091267973459257, 0.4802651355738592, 0.49167759352101814];[0.48338391502276173, 0.4890743550834598, 0.4906221547799697, 0.4848783744821621, 0.4836643955143477];[0.4689110018547414, 0.4784632171195713, 0.4907673742609725, 0.48256072973850533, 0.48763807717022123];[0.5640570056568707, 0.5739865571966484, 0.589040977929699, 0.5812768084193063, 0.5882513478238225];[0.5640570056568707, 0.5739865571966484, 0.589040977929699, 0.5812768084193063, 0.5882513478238224]
