protocol;link_layer;link_layer_mode;blocksize;network_setup;data_format;dns_format;randiv_pad;vector_type;k;classifier;classifier_args;job_id;fit_time;score_time;accuracy;precision;recall;f1_score;balanced_accuracy;roc_auc
oscore;schc;peer_based;64;d2;cbor;dns_message;0;binvec;5;dt;;20833657;[92.47657799720764, 93.86523628234863, 93.25446891784668, 93.58488440513611, 94.14583802223206];[0.85744309425354, 0.8074588775634766, 0.8098585605621338, 0.8045711517333984, 0.8141379356384277];[0.8046931407942238, 0.6741441553591435, 0.7272687663388522, 0.6408666803602662, 0.7310701547999179];[0.7387215445467873, 0.6104804775418339, 0.6521936897820784, 0.5712053067532603, 0.7719483258634326];[0.8105311077389985, 0.5679969650986343, 0.7179969650986343, 0.4991578020910788, 0.48874793244207043];[0.7729621000535433, 0.5884729668118289, 0.6835152294346655, 0.5327567497530085, 0.5985393321068183];[0.8055821431476757, 0.6579801203711829, 0.725856861612213, 0.6192865836120232, 0.6941681831902206];[0.8055821431476757, 0.6579801203711829, 0.7258568616122129, 0.6192865836120232, 0.6941681831902206]
