protocol,link_layer,blocksize,network_setup,data_format,dns_format,test_size,classifier,classifier_args,true_dns,false_dns,false_data,true_data,accuracy,precision,recall,f1_score
oscore-base,eth,1024,d1,cbor,dns_message,0.2,nb,,22623,1545,12852,12140,0.707139951179821,0.6377167019027484,0.9360724925521351,0.7586137518233489
oscore-base,eth,1024,d1,cbor,dns_message,0.2,lr,max_iter=2800,22201,1905,4363,20691,0.8724979658258747,0.83575515735582,0.9209740313614868,0.8762976119992105
oscore-base,eth,1024,d1,cbor,dns_message,0.2,knn,"algorithm=brute,n_jobs=-1",21741,2427,4638,20354,0.8562855980471928,0.824178323666553,0.8995779543197616,0.8602290937147605
oscore-base,eth,1024,d1,cbor,dns_message,0.2,dt,,19985,4183,3859,21133,0.8364117168429618,0.8381563496057708,0.8269198940748097,0.832500208281263
oscore-base,eth,1024,d1,cbor,dns_message,0.2,rf,"n_estimators=250,max_depth=9",23072,1096,4560,20432,0.8849471114727421,0.834973943254198,0.9546507778881165,0.8908108108108108
