protocol,link_layer,link_layer_mode,blocksize,network_setup,data_format,dns_format,vector_type,run,test_size,classifier,classifier_args,true_dns,false_dns,false_data,true_data,accuracy,precision,recall,f1_score
oscore,eth,,1024,p2,cbor,dns_cbor,word2vec,1,0.2,nb,,8765,1404,4801,5366,0.6948760818253343,0.6461005454813504,0.8619333267774609,0.7385717295133769
oscore,eth,,1024,p2,cbor,dns_cbor,word2vec,1,0.2,lr,max_iter=5000,8787,1382,2372,7795,0.8154012588512982,0.7874361501926695,0.8640967646769594,0.8239872468117029
oscore,eth,,1024,p2,cbor,dns_cbor,word2vec,1,0.2,knn,algorithm=brute,8365,1804,2602,7565,0.7833398898505114,0.7627427737758731,0.822598092241125,0.7915404996214989
oscore,eth,,1024,p2,cbor,dns_cbor,word2vec,1,0.2,svm,C=0.01,8745,1424,2622,7545,0.8010424862313139,0.7693322776458168,0.8599665650506441,0.81212852897474
oscore,eth,,1024,p2,cbor,dns_cbor,word2vec,1,0.2,dt,,7876,2293,2174,7993,0.7803402832415421,0.783681592039801,0.7745107680204544,0.779069192343835
oscore,eth,,1024,p2,cbor,dns_cbor,word2vec,1,0.2,rf,"n_estimators=250,max_depth=9",9487,682,2437,7730,0.8466266719118805,0.7956222744045622,0.9329334251155472,0.8588240619200652
