protocol,link_layer,blocksize,network_setup,data_format,dns_format,test_size,classifier,classifier_args,true_dns,false_dns,false_data,true_data,accuracy,precision,recall,f1_score
oscore,eth,1024,d1,json,dns_cbor,0.2,nb,,21945,2272,15750,9526,0.6358676984624089,0.5821727019498607,0.9061816079613495,0.7089094198216824
oscore,eth,1024,d1,json,dns_cbor,0.2,lr,max_iter=2800,20938,3297,5479,19779,0.8226819954336977,0.7925956770261574,0.8639570868578502,0.8267393192766327
oscore,eth,1024,d1,json,dns_cbor,0.2,knn,"algorithm=brute,n_jobs=-1",18754,5463,5799,19477,0.772452670074556,0.7638170488331365,0.7744146673824173,0.769079352060693
oscore,eth,1024,d1,json,dns_cbor,0.2,dt,,18902,5315,4819,20457,0.7952437718465237,0.7968466759411492,0.7805260767229633,0.7886019441778964
oscore,eth,1024,d1,json,dns_cbor,0.2,rf,"n_estimators=250,max_depth=9",22379,1838,5240,20036,0.8569898773563939,0.8102755349578189,0.9241029029194368,0.863453970213751
