protocol;link_layer;link_layer_mode;blocksize;network_setup;data_format;dns_format;randiv_pad;vector_type;k;classifier;classifier_args;job_id;fit_time;score_time;accuracy;precision;recall;f1_score;balanced_accuracy;roc_auc
oscore;eth;;64;p2;cbor;dns_message;1;binvec;5;knn;algorithm=brute;895868;[32.044880628585815, 14.34662914276123, 25.305940628051758, 18.305869579315186, 28.38226628303528];[164.92797899246216, 168.01108050346375, 192.1243016719818, 168.87576842308044, 201.8892753124237];[0.7401024127536671, 0.7578796019524008, 0.7987690289707013, 0.7990906453769219, 0.8038505924716062];[0.6987457130436183, 0.7138547659772975, 0.7651077902224441, 0.76393325683094, 0.7684592238253222];[0.6585280728376328, 0.6966312594840668, 0.7442792109256449, 0.7475530736429992, 0.7557019074644532];[0.6780410446303717, 0.7051378542354658, 0.7545497900096919, 0.7556544080990911, 0.762027175908924];[0.7283187874816819, 0.7490321198039709, 0.7908978332289704, 0.7916454335034526, 0.7968951300923708];[0.7878164981900266, 0.8074950545392479, 0.8522457823912779, 0.8527417239728585, 0.8591150716891478]
oscore;eth;;64;p2;cbor;dns_message;1;binvec;5;dt;;20833657;[446.0832402706146, 472.4604790210724, 477.16190791130066, 461.9600853919983, 474.35929775238037];[4.158531427383423, 4.084304094314575, 4.040477275848389, 4.093777656555176, 4.142906904220581];[0.7369051673035932, 0.78784037736325, 0.832381096522759, 0.8341089964306885, 0.8372673784313849];[0.7061943582221919, 0.7670414093415235, 0.7990114068441064, 0.8021489949480304, 0.8021401657874906];[0.6283308042488619, 0.70298937784522, 0.7971927162367223, 0.7975234829056587, 0.8076298578127133];[0.6649910867714841, 0.7336199593022795, 0.798101025446259, 0.7998295515074039, 0.8048756512336577];[0.7212213185626984, 0.7755834301013655, 0.8272980435964887, 0.828823786232975, 0.8329860016991573];[0.7212213185626984, 0.7755834301013655, 0.8272980435964887, 0.8288237862329749, 0.8329860016991572]
