protocol,link_layer,blocksize,network_setup,data_format,dns_format,test_size,classifier,classifier_args,true_data,false_data,false_dns,true_dns,accuracy,precision,recall,f1_score
oscore,eth,1024,d1,cbor,dns_cbor,0.2,nb,,8512,16405,2394,21849,0.6175956061838893,0.5711559575469232,0.9012498453161737,0.6992015616749604
oscore,eth,1024,d1,cbor,dns_cbor,0.2,lr,max_iter=2600,19448,5469,3040,21203,0.8269121236777868,0.7949535092981403,0.8746029781792682,0.8328783266228027
oscore,eth,1024,d1,cbor,dns_cbor,0.2,knn,"algorithm=brute,n_jobs=-1",19117,5800,4253,19990,0.7955044751830757,0.7751066304769291,0.8245679165119828,0.7990726120760299
oscore,eth,1024,d1,cbor,dns_cbor,0.2,dt,,20303,4614,5022,19221,0.8039869812855981,0.8064191315292637,0.792847419873778,0.799575689504555
oscore,eth,1024,d1,cbor,dns_cbor,0.2,rf,"n_estimators=250,max_depth=9",19939,4978,1617,22626,0.8658462164361269,0.8196638168381394,0.9333003341170647,0.8727988118888267
