protocol,link_layer,blocksize,network_setup,data_format,dns_format,test_size,classifier,classifier_args,true_dns,false_dns,false_data,true_data,accuracy,precision,recall,f1_score
oscore,eth,1024,p1,json,dns_cbor,0.2,nb,,20688,3421,14207,12625,0.6539526118450757,0.5928643072073363,0.8581027831929985,0.7012405938580435
oscore,eth,1024,p1,json,dns_cbor,0.2,lr,max_iter=5000,20988,3121,5262,21570,0.835437074262382,0.7995428571428571,0.8705462690281638,0.8335352171409282
oscore,eth,1024,p1,json,dns_cbor,0.2,knn,algorithm=brute,20415,3694,6269,20563,0.804420800533951,0.7650652076150503,0.846779211082998,0.8038509243399681
oscore,eth,1024,p1,json,dns_cbor,0.2,dt,,18827,5282,4872,21960,0.8006713649123496,0.7944217055571965,0.7809116927288564,0.7876087684069611
oscore,eth,1024,p1,json,dns_cbor,0.2,rf,"n_estimators=250,max_depth=9",22163,1946,5173,21659,0.8602500932451267,0.8107623646473515,0.9192832552158945,0.8616192049761882
