protocol,link_layer,blocksize,network_setup,data_format,dns_format,test_size,classifier,classifier_args,true_dns,false_dns,false_data,true_data,accuracy,precision,recall,f1_score
oscore,eth,1024,p2,cbor,dns_cbor,0.2,nb,,23644,511,19154,6923,0.6085164835164835,0.5524557222300107,0.9788449596356862,0.7062864994847131
oscore,eth,1024,p2,cbor,dns_cbor,0.2,lr,max_iter=2800,21394,2971,4447,21420,0.8523252110208632,0.8279091366433188,0.8780627949928176,0.8522487352109309
oscore,eth,1024,p2,cbor,dns_cbor,0.2,knn,"algorithm=brute,n_jobs=-1",19956,4199,8266,17811,0.7518514094601051,0.7071079299837006,0.8261643552059615,0.7620138610458789
oscore,eth,1024,p2,cbor,dns_cbor,0.2,dt,,19173,4982,4696,21381,0.8073339703774486,0.8032594578742301,0.7937487062719933,0.7984757621189406
oscore,eth,1024,p2,cbor,dns_cbor,0.2,rf,"n_estimators=250,max_depth=9",22491,1664,5113,20964,0.8650860009555662,0.8147732212722794,0.9311115711032912,0.8690662493479395
