protocol;link_layer;link_layer_mode;blocksize;network_setup;data_format;dns_format;randiv_pad;vector_type;k;classifier;classifier_args;job_id;fit_time;score_time;accuracy;precision;recall;f1_score;balanced_accuracy;roc_auc
oscore-base;schc;;64;p1;cbor;dns_message;0;binvec;5;dt;;20833657;[97.30819582939148, 101.63748407363892, 101.22457432746887, 101.61594581604004, 101.15829372406006];[0.8278717994689941, 0.8205409049987793, 0.8152053356170654, 0.8118617534637451, 0.8239235877990723];[0.5914288534205628, 0.8719051378940839, 0.8817114093959731, 0.8752114939935706, 0.8826772319666122];[0.5303987010644056, 0.8531672715275487, 0.8583564353225361, 0.852253307943948, 0.8534785103940824];[0.4338558404932118, 0.8480192824817997, 0.8681379943595462, 0.8586115301370761, 0.8778284252639864];[0.4772942502818489, 0.8505854877968555, 0.8632195058326744, 0.8554206042587253, 0.8654822335025381];[0.5720664312532842, 0.8689700666675633, 0.8800435210481876, 0.8731717062013602, 0.8820814152043405];[0.5720664312532842, 0.8689700666675632, 0.8800435210481876, 0.8731717062013603, 0.8820814152043404]
