protocol;link_layer;link_layer_mode;blocksize;network_setup;data_format;dns_format;randiv_pad;vector_type;k;classifier;classifier_args;job_id;fit_time;score_time;accuracy;precision;recall;f1_score;balanced_accuracy;roc_auc
oscore;schc;;64;d2;cbor;dns_cbor;1;binvec;5;dt;;20833657;[13.327881336212158, 13.352360486984253, 13.319238424301147, 13.36597228050232, 13.32128381729126];[0.6530535221099854, 0.6160933971405029, 0.6152975559234619, 0.6153237819671631, 0.636448860168457];[1.0, 1.0, 1.0, 1.0, 1.0];[1.0, 1.0, 1.0, 1.0, 1.0];[1.0, 1.0, 1.0, 1.0, 1.0];[1.0, 1.0, 1.0, 1.0, 1.0];[1.0, 1.0, 1.0, 1.0, 1.0];[1.0, 1.0, 1.0, 1.0, 1.0]
