protocol,link_layer,link_layer_mode,blocksize,network_setup,data_format,dns_format,vector_type,run,test_size,classifier,classifier_args,true_dns,false_dns,false_data,true_data,accuracy,precision,recall,f1_score
oscore,schc,min_rules,1024,d2,cbor,dns_cbor,binvec,1,0.2,nb,,8795,2450,4601,16461,0.7817500851208716,0.6565392654523738,0.7821253890618053,0.7138508989083235
oscore,schc,min_rules,1024,d2,cbor,dns_cbor,binvec,1,0.2,lr,max_iter=5000,10248,997,478,20584,0.9543442597579472,0.9554353906395674,0.9113383726100489,0.9328660507031997
oscore,schc,min_rules,1024,d2,cbor,dns_cbor,binvec,1,0.2,knn,algorithm=brute,9730,1515,2412,18650,0.8784473953013279,0.8013506835776643,0.8652734548688306,0.8320862017360072
oscore,schc,min_rules,1024,d2,cbor,dns_cbor,binvec,1,0.2,svm,C=0.01,9947,1298,401,20661,0.9474107778500015,0.9612485504445304,0.8845709204090707,0.921317093502524
oscore,schc,min_rules,1024,d2,cbor,dns_cbor,binvec,1,0.2,dt,,10689,556,888,20174,0.9553038041291361,0.9232961907229852,0.9505558025789239,0.9367277188677592
oscore,schc,min_rules,1024,d2,cbor,dns_cbor,binvec,1,0.2,rf,"n_estimators=250,max_depth=9",9190,2055,646,20416,0.9163958275296376,0.9343228954859699,0.8172521120497999,0.8718751482377496
