protocol,link_layer,link_layer_mode,blocksize,network_setup,data_format,dns_format,vector_type,run,test_size,classifier,classifier_args,true_dns,false_dns,false_data,true_data,accuracy,precision,recall,f1_score
oscore,schc,,1024,d1,cbor,dns_message,binvec,1,0.2,nb,,7748,5496,4668,16298,0.7028938906752411,0.6240335051546392,0.5850196315312595,0.6038971161340608
oscore,schc,,1024,d1,cbor,dns_message,binvec,1,0.2,lr,max_iter=5000,9139,4105,3376,17590,0.7813212510961707,0.7302437075509389,0.690048323769254,0.7095772351411157
oscore,schc,,1024,d1,cbor,dns_message,binvec,1,0.2,knn,algorithm=brute,10240,3004,4181,16785,0.7899736919029523,0.7100755842174606,0.773180308064029,0.7402855593710465
oscore,schc,,1024,d1,cbor,dns_message,binvec,1,0.2,svm,C=0.01,9013,4231,3214,17752,0.7823735749780766,0.7371391183446471,0.6805345816973724,0.7077068038161046
oscore,schc,,1024,d1,cbor,dns_message,binvec,1,0.2,dt,,10225,3019,3127,17839,0.8203449283835136,0.7658028759736369,0.7720477197221384,0.7689126184388629
oscore,schc,,1024,d1,cbor,dns_message,binvec,1,0.2,rf,"n_estimators=250,max_depth=9",8447,4797,1670,19296,0.8109617071031862,0.8349313037461699,0.6377982482633645,0.7231710971276915
