protocol,link_layer,blocksize,network_setup,data_format,dns_format,test_size,classifier,classifier_args,true_data,false_data,false_dns,true_dns,accuracy,precision,recall,f1_score
oscore,eth,1024,p1,cbor,dns_message,0.2,nb,,11726,14348,899,23259,0.696468386685778,0.6184752838567288,0.9627866545243812,0.7531449850238808
oscore,eth,1024,p1,cbor,dns_message,0.2,lr,max_iter=2600,21828,4246,1934,22224,0.8769708552317248,0.8395919909331319,0.9199437039490024,0.8779331595164731
oscore,eth,1024,p1,cbor,dns_message,0.2,knn,"algorithm=brute,n_jobs=-1",20432,5642,2425,21733,0.839405160057334,0.7938995433789955,0.8996191737726633,0.8434595307860983
oscore,eth,1024,p1,cbor,dns_message,0.2,dt,,22278,3796,4267,19891,0.8394847905717471,0.8397433191201925,0.8233711399950328,0.8314766433274114
oscore,eth,1024,p1,cbor,dns_message,0.2,rf,"n_estimators=250,max_depth=9",21545,4529,1133,23025,0.8872830068482243,0.8356318501850911,0.9531004222203825,0.8905089727722773
