protocol,link_layer,link_layer_mode,blocksize,network_setup,data_format,dns_format,vector_type,run,test_size,classifier,classifier_args,true_dns,false_dns,false_data,true_data,accuracy,precision,recall,f1_score
oscore,eth,,64,d1,cbor,dns_message,binvec,1,0.2,nb,,12714,14976,11831,41955,0.6709828661200844,0.517987370136484,0.4591549295774648,0.4868000382885039
oscore,eth,,64,d1,cbor,dns_message,binvec,1,0.2,lr,max_iter=5000,21564,6126,4345,49441,0.8714836270803672,0.832297657184762,0.7787648970747563,0.804641877646971
oscore,eth,,64,d1,cbor,dns_message,binvec,1,0.2,knn,algorithm=brute,22613,5077,3602,50184,0.8934778339633758,0.8625977493801259,0.8166486096063561,0.8389945274093312
oscore,eth,,64,d1,cbor,dns_message,binvec,1,0.2,svm,C=0.01,21390,6300,4371,49415,0.8690289164907458,0.8303249097472925,0.7724810400866738,0.8003592074984566
oscore,eth,,64,d1,cbor,dns_message,binvec,1,0.2,dt,,22152,5538,6242,47544,0.8554175462712946,0.7801648235542721,0.8,0.7899579202624635
oscore,eth,,64,d1,cbor,dns_message,binvec,1,0.2,rf,"n_estimators=250,max_depth=9",22543,5147,3101,50685,0.89876773528401,0.8790750272968336,0.8141206211628746,0.8453519331008362
