protocol,link_layer,link_layer_mode,blocksize,network_setup,data_format,dns_format,vector_type,run,test_size,classifier,classifier_args,true_dns,false_dns,false_data,true_data,accuracy,precision,recall,f1_score
oscore,schc,,64,d1,cbor,dns_message,binvec,1,0.2,nb,,21326,6395,17185,38531,0.7173915648932727,0.553763859676456,0.7693084665055373,0.6439787413938881
oscore,schc,,64,d1,cbor,dns_message,binvec,1,0.2,lr,max_iter=5000,20970,6751,4110,51606,0.869829931565133,0.8361244019138756,0.7564662169474405,0.7943031381981401
oscore,schc,,64,d1,cbor,dns_message,binvec,1,0.2,knn,algorithm=brute,21857,5864,3354,52362,0.8895214353344439,0.8669628336837095,0.7884636196385412,0.8258520365752285
oscore,schc,,64,d1,cbor,dns_message,binvec,1,0.2,svm,C=0.01,20741,6980,4074,51642,0.8675168090894927,0.8358251057827927,0.7482053316979906,0.7895918988883813
oscore,schc,,64,d1,cbor,dns_message,binvec,1,0.2,dt,,22287,5434,6355,49361,0.8587077675371837,0.778123036100831,0.8039753255654558,0.790837961073754
oscore,schc,,64,d1,cbor,dns_message,binvec,1,0.2,rf,"n_estimators=250,max_depth=9",20679,7042,3508,52208,0.8735572947253617,0.8549634100963327,0.7459687601457379,0.7967557987208137
