protocol,link_layer,blocksize,network_setup,data_format,dns_format,test_size,classifier,classifier_args,true_dns,false_dns,false_data,true_data,accuracy,precision,recall,f1_score
oscore-base,eth,1024,p2,json,dns_message,0.2,nb,,22759,1286,12371,13076,0.7240564131576821,0.6478508397381155,0.9465169473903098,0.7692099704267005
oscore-base,eth,1024,p2,json,dns_message,0.2,lr,max_iter=5000,22788,1257,2869,22578,0.9166329911904955,0.888178664691897,0.9477230193387398,0.9169852319826164
oscore-base,eth,1024,p2,json,dns_message,0.2,knn,algorithm=brute,22155,1890,4205,21242,0.8768487836418007,0.8404779969650986,0.9213973799126638,0.8790794564031346
oscore-base,eth,1024,p2,json,dns_message,0.2,svm,C=0.01,22944,1101,2976,22471,0.9176230501899297,0.8851851851851852,0.9542108546475359,0.9184028820174122
oscore-base,eth,1024,p2,json,dns_message,0.2,dt,,21296,2749,2526,22921,0.8934171179180473,0.8939635630929393,0.8856726970264088,0.8897988175569808
oscore-base,eth,1024,p2,json,dns_message,0.2,rf,"n_estimators=250,max_depth=9",23462,583,3148,22299,0.9246140790430777,0.8816986095452837,0.9757537949677688,0.9263448820452078
