protocol,link_layer,link_layer_mode,blocksize,network_setup,data_format,dns_format,vector_type,run,test_size,classifier,classifier_args,true_dns,false_dns,false_data,true_data,accuracy,precision,recall,f1_score
oscore-base,schc,,1024,p2,cbor,dns_cbor,word2vec,1,0.2,nb,,8982,2119,7823,13299,0.6914626198677963,0.5344837845879202,0.8091162958292045,0.6437325306385724
oscore-base,schc,,1024,p2,cbor,dns_cbor,word2vec,1,0.2,lr,max_iter=5000,9179,1922,1463,19659,0.8949508115321354,0.8625258410073294,0.8268624448247905,0.8443177114473623
oscore-base,schc,,1024,p2,cbor,dns_cbor,word2vec,1,0.2,knn,algorithm=brute,9340,1761,1734,19388,0.8915371008286007,0.8434170128228282,0.8413656427348888,0.8423900789177001
oscore-base,schc,,1024,p2,cbor,dns_cbor,word2vec,1,0.2,svm,C=0.01,9053,2048,1393,19729,0.8932129224466996,0.866647520582041,0.8155121160255833,0.8403025943286768
oscore-base,schc,,1024,p2,cbor,dns_cbor,word2vec,1,0.2,dt,,10600,501,562,20560,0.967011141110387,0.9496506002508511,0.9548689307269616,0.9522526164488164
oscore-base,schc,,1024,p2,cbor,dns_cbor,word2vec,1,0.2,rf,"n_estimators=250,max_depth=9",9428,1673,1516,19606,0.901033423331161,0.8614766081871345,0.8492928564994144,0.8553413472442731
