protocol,link_layer,link_layer_mode,blocksize,network_setup,data_format,dns_format,vector_type,run,test_size,classifier,classifier_args,true_dns,false_dns,false_data,true_data,accuracy,precision,recall,f1_score
oscore-base,schc,,1024,d1,cbor,dns_message,word2vec,1,0.2,nb,,9031,4053,8788,12267,0.6238612730308445,0.506818564453673,0.6902323448486701,0.584473999288095
oscore-base,schc,,1024,d1,cbor,dns_message,word2vec,1,0.2,lr,max_iter=5000,10136,2948,3123,17932,0.8221681947332963,0.7644618749528622,0.7746866401712015,0.769540295334624
oscore-base,schc,,1024,d1,cbor,dns_message,word2vec,1,0.2,knn,algorithm=brute,10373,2711,3582,17473,0.8156653680541316,0.7433178072375493,0.7928003668602873,0.7672621028884204
oscore-base,schc,,1024,d1,cbor,dns_message,word2vec,1,0.2,svm,C=0.01,10035,3049,3329,17726,0.8131755470283254,0.7508979347500748,0.7669672882910425,0.7588475499092558
oscore-base,schc,,1024,d1,cbor,dns_message,word2vec,1,0.2,dt,,12051,1033,1108,19947,0.9372858021617505,0.9157990728778782,0.921048608988077,0.9184163395953207
oscore-base,schc,,1024,d1,cbor,dns_message,word2vec,1,0.2,rf,"n_estimators=250,max_depth=9",11899,1185,2286,18769,0.8983274261108996,0.8388438491364117,0.9094313665545705,0.8727126040558877
