protocol;link_layer;link_layer_mode;blocksize;network_setup;data_format;dns_format;randiv_pad;vector_type;k;classifier;classifier_args;job_id;fit_time;score_time;accuracy;precision;recall;f1_score;balanced_accuracy;roc_auc
oscore;eth;;64;d2;json;dns_message;0;binvec;5;knn;algorithm=brute;881110;[59.46410942077637, 86.06454753875732, 74.01908493041992, 49.49840688705444, 214.77970337867737];[205.91375946998596, 199.75322914123535, 199.5292932987213, 194.55956172943115, 205.74059462547302];[0.977613507742214, 0.9777709061418811, 0.9829285226695916, 0.9825201141210173, 0.9836694924648622];[0.9820576949963494, 0.9826948193295603, 0.9874601356163111, 0.9868427162825256, 0.9861924428280836];[0.9593019726858877, 0.9590743550834598, 0.9678907435508346, 0.9674350141883792, 0.9711224753031154];[0.9705464678022308, 0.970740922774467, 0.9775775131423667, 0.9770424974329895, 0.9785994449159345];[0.9741769489204335, 0.974262146024246, 0.9801064000511028, 0.9796889947053291, 0.9813147116510648];[0.9960445599282265, 0.9958554394667178, 0.997288769568964, 0.9973870980681051, 0.9976925902316848]
oscore;eth;;64;d2;json;dns_message;0;binvec;5;dt;;20833657;[408.5226638317108, 453.93680810928345, 450.21886372566223, 442.6112732887268, 450.75965309143066];[4.934905529022217, 5.754868984222412, 6.170360803604126, 5.893860340118408, 6.149945974349976];[1.0, 1.0, 1.0, 1.0, 1.0];[1.0, 1.0, 1.0, 1.0, 1.0];[1.0, 1.0, 1.0, 1.0, 1.0];[1.0, 1.0, 1.0, 1.0, 1.0];[1.0, 1.0, 1.0, 1.0, 1.0];[1.0, 1.0, 1.0, 1.0, 1.0]
oscore;eth;;64;d2;json;dns_message;0;binvec;5;rf;n_estimators=250,max_depth=9;884088;[6476.547145366669, 5988.223374128342, 5561.363117218018, 6135.708933591843, 4264.652018785477];[71.43274402618408, 69.96082973480225, 45.587559938430786, 27.7773118019104, 51.37835884094238];[0.9578466493191286, 0.9550167155784524, 0.9658103700764891, 0.9637858305571276, 0.9650694002812185];[0.9706424961899415, 0.9709910318256871, 0.9795680373174862, 0.9760127591706539, 0.9727605580455779];[0.918133535660091, 0.9101972685887708, 0.9304855842185129, 0.928633211429612, 0.9353404452267865];[0.9436581276562561, 0.9396118238639034, 0.9543961773724104, 0.9517336837767012, 0.9536835753463868];[0.950393617628146, 0.9466055017882478, 0.9591810083618513, 0.957188508499693, 0.9594899727508366];[0.9924586172566153, 0.9933917196158143, 0.9951461635677404, 0.9949173831390639, 0.9953596744111814]
