protocol;link_layer;link_layer_mode;blocksize;network_setup;data_format;dns_format;randiv_pad;vector_type;k;classifier;classifier_args;job_id;fit_time;score_time;accuracy;precision;recall;f1_score;balanced_accuracy;roc_auc
oscore;schc;;64;d2;json;dns_cbor;1;binvec;5;dt;;20833657;[16.956248998641968, 16.726436614990234, 16.4070565700531, 17.28512406349182, 16.77644634246826];[0.7746322154998779, 0.7699933052062988, 0.7133033275604248, 0.8466513156890869, 0.7058513164520264];[1.0, 1.0, 1.0, 1.0, 1.0];[1.0, 1.0, 1.0, 1.0, 1.0];[1.0, 1.0, 1.0, 1.0, 1.0];[1.0, 1.0, 1.0, 1.0, 1.0];[1.0, 1.0, 1.0, 1.0, 1.0];[1.0, 1.0, 1.0, 1.0, 1.0]
