protocol,link_layer,link_layer_mode,blocksize,network_setup,data_format,dns_format,vector_type,run,test_size,classifier,classifier_args,true_dns,false_dns,false_data,true_data,accuracy,precision,recall,f1_score
oscore,eth,,64,p1,cbor,dns_message,binvec,1,0.2,nb,,11982,15394,13076,41024,0.6505719475673818,0.47817064410567484,0.43768264172998245,0.45703169699050233
oscore,eth,,64,p1,cbor,dns_message,binvec,1,0.2,lr,max_iter=5000,21199,6177,4029,50071,0.8747361186116157,0.8402964959568733,0.774364406779661,0.8059843357919549
oscore,eth,,64,p1,cbor,dns_message,binvec,1,0.2,knn,algorithm=brute,22447,4929,3527,50573,0.8962148362708037,0.8642103642103642,0.8199517825832846,0.8414995313964386
oscore,eth,,64,p1,cbor,dns_message,binvec,1,0.2,svm,C=0.01,21023,6353,3914,50186,0.8739874318817812,0.8430444720696154,0.7679354178842782,0.8037390323628926
oscore,eth,,64,p1,cbor,dns_message,binvec,1,0.2,dt,,22004,5372,6310,47790,0.8566203544602091,0.7771420498693226,0.8037697253068381,0.7902316394325731
oscore,eth,,64,p1,cbor,dns_message,binvec,1,0.2,rf,"n_estimators=250,max_depth=9",21708,5668,2792,51308,0.8961657420590112,0.8860408163265306,0.7929573348918761,0.8369188063844553
