protocol;link_layer;link_layer_mode;blocksize;network_setup;data_format;dns_format;randiv_pad;vector_type;k;classifier;classifier_args;job_id;fit_time;score_time;accuracy;precision;recall;f1_score;balanced_accuracy;roc_auc
oscore;schc;;64;d1;json;dns_cbor;0;binvec;5;dt;;20833657;[90.75511121749878, 94.40632104873657, 93.0083487033844, 90.44342970848083, 99.30754327774048];[0.8507204055786133, 0.9459452629089355, 0.8169558048248291, 0.834709882736206, 0.8719189167022705];[0.6924789261529617, 0.7359435267693007, 0.7392725595448985, 0.7225003843762743, 0.7456949569495694];[0.4450156639087477, 0.527020316027088, 0.5341521020311762, 0.5047548106765983, 0.5415902074652965];[0.39669658201260266, 0.5572741377252656, 0.5398257548633488, 0.4852369017782552, 0.5988065401599236];[0.41946922756584176, 0.5417251580718139, 0.5369739419481213, 0.4948034562492394, 0.5687630361839122];[0.6021199838111149, 0.681360424913813, 0.6783420033207346, 0.6500169169702061, 0.7008211368729087];[0.6021199838111149, 0.6813604249138129, 0.6783420033207345, 0.6500169169702061, 0.7008211368729087]
