protocol;link_layer;link_layer_mode;blocksize;network_setup;data_format;dns_format;randiv_pad;vector_type;k;classifier;classifier_args;job_id;fit_time;score_time;accuracy;precision;recall;f1_score;balanced_accuracy;roc_auc
oscore;schc;;1024;p2;cbor;dns_cbor;0;binvec;5;dt;;20833657;[52.802451372146606, 51.619540214538574, 52.38299751281738, 53.32879161834717, 53.572916746139526];[0.3710145950317383, 0.3742804527282715, 0.3704385757446289, 0.3669760227203369, 0.3642086982727051];[0.7534864758477198, 0.7541331608839903, 0.7693021424956419, 0.7714108980486982, 0.7915254952130576];[0.6742904589371981, 0.6736129297766471, 0.6885830784913354, 0.7148756951259405, 0.7294845677826037];[0.6673639385902655, 0.6725812476652969, 0.7065371684721703, 0.6530818079940232, 0.7089652596189765];[0.6708093190906189, 0.6730966933961382, 0.697444596039677, 0.682583063288174, 0.7190785610093394];[0.7364118446360854, 0.7379632265106161, 0.7568572411947434, 0.7479488657660932, 0.7751561944270577];[0.7364118446360853, 0.737963226510616, 0.7568572411947435, 0.7479488657660931, 0.7751561944270577]
