protocol,link_layer,link_layer_mode,blocksize,network_setup,data_format,dns_format,vector_type,run,test_size,classifier,classifier_args,true_dns,false_dns,false_data,true_data,accuracy,precision,recall,f1_score
oscore,schc,,1024,p1,json,dns_cbor,binvec,1,0.2,nb,,8925,2461,5477,19524,0.7818451644818204,0.6197055964449382,0.7838573686984015,0.6921824104234527
oscore,schc,,1024,p1,json,dns_cbor,binvec,1,0.2,lr,max_iter=5000,8135,3251,2808,22193,0.8334844862176052,0.7433976057753815,0.7144739153346215,0.7286488423126876
oscore,schc,,1024,p1,json,dns_cbor,binvec,1,0.2,knn,algorithm=brute,8459,2927,3090,21911,0.8346387446065903,0.7324443674777037,0.742929913929387,0.7376498800959232
oscore,schc,,1024,p1,json,dns_cbor,binvec,1,0.2,svm,C=0.01,8299,3087,2849,22152,0.8368648143567757,0.7444384642985289,0.7288775689443175,0.7365758409514511
oscore,schc,,1024,p1,json,dns_cbor,binvec,1,0.2,dt,,7665,3721,3837,21164,0.7922884546678759,0.6664058424621805,0.6731951519409801,0.6697832925550506
oscore,schc,,1024,p1,json,dns_cbor,binvec,1,0.2,rf,"n_estimators=250,max_depth=9",8560,2826,2635,22366,0.8499189270893451,0.7646270656543099,0.751800456701212,0.7581595146361986
