protocol;link_layer;link_layer_mode;blocksize;network_setup;data_format;dns_format;randiv_pad;vector_type;k;classifier;classifier_args;job_id;fit_time;score_time;accuracy;precision;recall;f1_score;balanced_accuracy;roc_auc
oscore-base;schc;;1024;d1;cbor;dns_cbor;0;binvec;5;dt;;20833657;[25.903098344802856, 25.915861129760742, 25.277134656906128, 24.08880615234375, 25.173362255096436];[0.34209179878234863, 0.3377814292907715, 0.3278787136077881, 0.34426236152648926, 0.33660459518432617];[0.9508012916342762, 0.9393350475393171, 0.955928960114812, 0.9521759280022724, 0.9508304555171847];[0.9340988328027892, 0.9222701094626035, 0.9343270200605177, 0.9340655193236715, 0.9368826513100187];[0.9407656196328384, 0.9229037059654212, 0.9545818861875501, 0.9445822678523721, 0.9376335877862595];[0.9374203730818232, 0.9225867989317055, 0.9443458561449878, 0.9392944569899615, 0.9372579691345072];[0.9490144482622672, 0.9364094603160276, 0.9556891146796294, 0.9508239429701772, 0.9484806016147389];[0.9490144482622672, 0.9364094603160275, 0.9556891146796294, 0.9508239429701772, 0.948480601614739]
