protocol,link_layer,blocksize,network_setup,data_format,dns_format,test_size,classifier,classifier_args,true_dns,false_dns,false_data,true_data,accuracy,precision,recall,f1_score
oscore-base,eth,1024,p2,json,dns_cbor,0.2,nb,,22016,2306,8249,16922,0.7867375184369507,0.727440938377664,0.9051887180330564,0.8066389433381574
oscore-base,eth,1024,p2,json,dns_cbor,0.2,lr,max_iter=2800,22394,1833,3435,21831,0.8935607055543208,0.8670099500561385,0.9243406117142031,0.8947578711842736
oscore-base,eth,1024,p2,json,dns_cbor,0.2,knn,"algorithm=brute,n_jobs=-1",20854,3468,3104,22067,0.8672135453498474,0.870439936555639,0.8574130416906505,0.863877381938691
oscore-base,eth,1024,p2,json,dns_cbor,0.2,dt,,21331,2991,2860,22311,0.881781261996646,0.881774213550494,0.8770249157141683,0.8793931523509162
oscore-base,eth,1024,p2,json,dns_cbor,0.2,rf,"n_estimators=250,max_depth=9",23436,886,4334,20837,0.8945305396722769,0.8439323010442924,0.9635720746649125,0.8997926744989634
