protocol,link_layer,link_layer_mode,blocksize,network_setup,data_format,dns_format,vector_type,run,test_size,classifier,classifier_args,true_dns,false_dns,false_data,true_data,accuracy,precision,recall,f1_score
oscore,schc,,1024,d1,json,dns_cbor,binvec,1,0.2,nb,,8952,2323,5540,17703,0.7722058056666087,0.6177201214463152,0.7939689578713969,0.6948422400745139
oscore,schc,,1024,d1,json,dns_cbor,binvec,1,0.2,lr,max_iter=5000,8413,2862,2454,20789,0.8459933947505649,0.7741787061746572,0.7461640798226165,0.7599132869659471
oscore,schc,,1024,d1,json,dns_cbor,binvec,1,0.2,knn,algorithm=brute,8484,2791,3078,20165,0.8299727678312764,0.7337830825116762,0.7524611973392461,0.7430047729561676
oscore,schc,,1024,d1,json,dns_cbor,binvec,1,0.2,svm,C=0.01,8417,2858,2436,20807,0.8466307433802653,0.7755459320003686,0.7465188470066518,0.7607556037599421
oscore,schc,,1024,d1,json,dns_cbor,binvec,1,0.2,dt,,8868,2407,2642,20601,0.8537284894837476,0.7704604691572545,0.7865188470066519,0.7784068466096116
oscore,schc,,1024,d1,json,dns_cbor,binvec,1,0.2,rf,"n_estimators=250,max_depth=9",8643,2632,2403,20840,0.8541340749753752,0.7824551873981532,0.7665631929046564,0.774427669011245
