protocol;link_layer;link_layer_mode;blocksize;network_setup;data_format;dns_format;randiv_pad;vector_type;k;classifier;classifier_args;job_id;fit_time;score_time;accuracy;precision;recall;f1_score;balanced_accuracy;roc_auc
oscore;eth;;1024;p2;json;dns_cbor;0;binvec;5;dt;;20833657;[123.2790355682373, 118.23312211036682, 126.73070526123047, 123.64708948135376, 129.76612973213196];[1.9627141952514648, 1.9748008251190186, 2.01505970954895, 1.9626176357269287, 2.024373769760132];[0.7520500052971714, 0.7281067909736201, 0.781099692764064, 0.757770950312533, 0.7841932408094078];[0.7599295464553061, 0.7455038866657467, 0.79400214209211, 0.7895544578197689, 0.805774880646346];[0.7341330610855878, 0.6894967456502319, 0.7568809290849534, 0.7003445782107457, 0.746713744841962];[0.7468086027089013, 0.7164073550212164, 0.7749972775781335, 0.7422787321340006, 0.7751208849440286];[0.7519823071291071, 0.7279592813019818, 0.7810071649815176, 0.7575515528676153, 0.784050050401393];[0.7519823071291071, 0.7279592813019818, 0.7810071649815176, 0.7575515528676153, 0.7840500504013931]
