protocol;link_layer;link_layer_mode;blocksize;network_setup;data_format;dns_format;randiv_pad;vector_type;k;classifier;classifier_args;job_id;fit_time;score_time;accuracy;precision;recall;f1_score;balanced_accuracy;roc_auc
oscore;eth;;64;p2;json;dns_message;0;binvec;5;dt;;20833657;[1077.583753824234, 1351.7274367809296, 1546.7004082202911, 1320.376568555832, 1350.979772567749];[7.47348427772522, 6.448435306549072, 13.194983720779419, 7.630102634429932, 10.060737609863281];[0.7759866041214497, 0.7675733389343975, 0.7537282083595883, 0.79633130294756, 0.8159000210039907];[0.7155260229748155, 0.7309280360085768, 0.7419717274064389, 0.7662594291801983, 0.7731560278047306];[0.6928224582701062, 0.6259028831562974, 0.5511532625189681, 0.6767022261339323, 0.7375832713698235];[0.7039912419338673, 0.6743507369350369, 0.6324835440392853, 0.7187016503352244, 0.7549508410605285];[0.7603795312507732, 0.7409866277463446, 0.7157118022612282, 0.7738800854548065, 0.8012020359806548];[0.7603795312507731, 0.7409866277463447, 0.7157118022612282, 0.7738800854548065, 0.8012020359806548]
