protocol,link_layer,blocksize,network_setup,data_format,dns_format,test_size,classifier,classifier_args,true_dns,false_dns,false_data,true_data,accuracy,precision,recall,f1_score
oscore,eth,1024,p2,cbor,dns_cbor,0.2,nb,,21661,2587,16566,9417,0.6187015986144014,0.5666413791299343,0.8933107885186408,0.6934293717486995
oscore,eth,1024,p2,cbor,dns_cbor,0.2,lr,max_iter=5000,21064,3184,4980,21003,0.8374708845135475,0.8087851328520964,0.8686902012537117,0.837668018770381
oscore,eth,1024,p2,cbor,dns_cbor,0.2,knn,algorithm=brute,20089,4159,6145,19838,0.7948677111743744,0.7657619882595106,0.828480699439129,0.7958876431203201
oscore,eth,1024,p2,cbor,dns_cbor,0.2,dt,,19207,5041,4654,21329,0.8069916983536063,0.8049536901219563,0.7921065654899373,0.7984784551747074
oscore,eth,1024,p2,cbor,dns_cbor,0.2,rf,"n_estimators=250,max_depth=9",22475,1773,4924,21059,0.8666759570782983,0.8202854118763458,0.926880567469482,0.8703312873932658
