protocol;link_layer;link_layer_mode;blocksize;network_setup;data_format;dns_format;randiv_pad;vector_type;k;classifier;classifier_args;job_id;fit_time;score_time;accuracy;precision;recall;f1_score;balanced_accuracy;roc_auc
oscore-base;eth;;64;p1;json;dns_message;0;binvec;5;dt;;20833657;[1352.8579206466675, 1437.9170293807983, 1487.6491737365723, 1483.345639705658, 1489.7319467067719];[11.87087082862854, 12.534434795379639, 12.74698781967163, 12.649179220199585, 12.619407653808594];[0.5771868999721824, 0.876062664106548, 0.8834301299970146, 0.875953266208918, 0.8825616739490325];[0.4858642288809887, 0.8481425334572188, 0.8552219681118518, 0.8478533604887983, 0.8367699449422433];[0.37650454232396446, 0.8532189826506182, 0.8646321865468499, 0.8533173723393789, 0.8897215571808075];[0.4242502633086347, 0.8506731846087191, 0.8599013332246096, 0.8505765914496106, 0.8624337362803303];[0.5476618097410326, 0.8727018218077931, 0.8806645875909492, 0.8726230867900167, 0.8836150317672664];[0.5476618097410326, 0.8727018218077931, 0.880664587590949, 0.8726230867900167, 0.8836150317672664]
