protocol;link_layer;link_layer_mode;blocksize;network_setup;data_format;dns_format;randiv_pad;vector_type;k;classifier;classifier_args;job_id;fit_time;score_time;accuracy;precision;recall;f1_score;balanced_accuracy;roc_auc
oscore-base;schc;;64;d2;cbor;dns_message;0;binvec;5;knn;algorithm=brute;931197;[3.7140073776245117, 1.8636565208435059, 1.8671770095825195, 1.897172451019287, 1.8763885498046875];[29.777244091033936, 29.31235671043396, 29.260947227478027, 29.318143367767334, 29.276057481765747];[0.8613230918620141, 0.9574987239657898, 0.9630259005434072, 0.9655032896989163, 0.9680615986007108];[0.9165727600893864, 0.9661321886244555, 0.9637421111248607, 0.9672390035454954, 0.9702095391377016];[0.7282094081942337, 0.9289529590288316, 0.945432473444613, 0.9480113507033491, 0.9513497928648386];[0.8116052326712161, 0.9471778685480876, 0.9544994944388271, 0.9575286616393844, 0.9606871135560885];[0.8410555452225574, 0.9531524193164294, 0.9603472352131195, 0.9628399198162882, 0.9655170139155862];[0.8846939475219002, 0.9868908962663897, 0.9901463375897853, 0.9909842559522615, 0.9915231145436159]
oscore-base;schc;;64;d2;cbor;dns_message;0;binvec;5;dt;;20833657;[19.81434679031372, 19.51035165786743, 19.860840797424316, 19.363242626190186, 19.874268770217896];[0.844559907913208, 0.8912472724914551, 0.8482272624969482, 0.8542525768280029, 0.8476178646087646];[1.0, 1.0, 1.0, 1.0, 1.0];[1.0, 1.0, 1.0, 1.0, 1.0];[1.0, 1.0, 1.0, 1.0, 1.0];[1.0, 1.0, 1.0, 1.0, 1.0];[1.0, 1.0, 1.0, 1.0, 1.0];[1.0, 1.0, 1.0, 1.0, 1.0]
oscore-base;schc;;64;d2;cbor;dns_message;0;binvec;5;rf;n_estimators=250,max_depth=9;931197;[12.243014812469482, 8.357727766036987, 8.438786506652832, 8.438122749328613, 8.438937187194824];[0.8645594120025635, 0.674490213394165, 0.6633100509643555, 0.6769981384277344, 0.6751353740692139];[0.8893522725858055, 0.9945161651748478, 0.9942173504385228, 0.9892252245522959, 0.9944601096773792];[0.9855516990879005, 0.997049155263359, 0.9963028034527538, 0.9980595485733801, 0.9967144974709271];[0.7411229135053111, 0.9895599393019727, 0.9895751138088013, 0.9756293722211262, 0.9897570524590662];[0.8460365853658537, 0.9932904306766688, 0.9929275627117353, 0.9867170054559267, 0.9932235910399123];[0.8667832521386023, 0.9937615429882598, 0.9935105524823771, 0.9871550833497298, 0.9937440094808998];[0.9734442057979191, 0.9999371576131186, 0.999877802564601, 0.9997326844679767, 0.9999133367711915]
