protocol;link_layer;link_layer_mode;blocksize;network_setup;data_format;dns_format;randiv_pad;vector_type;k;classifier;classifier_args;job_id;fit_time;score_time;accuracy;precision;recall;f1_score;balanced_accuracy;roc_auc
oscore-base;schc;;1024;d2;cbor;dns_message;0;binvec;5;dt;;20833657;[53.488884925842285, 58.10245656967163, 57.48155617713928, 56.78110647201538, 52.80572581291199];[0.4644951820373535, 0.4704599380493164, 0.47746944427490234, 0.4813051223754883, 0.41774654388427734];[0.8931974388405637, 0.9165548810001245, 0.9203153090858802, 0.9233301064859633, 0.9252662149080348];[0.8904911385782487, 0.8984698806444577, 0.8999907140867305, 0.9048151599875738, 0.9124480544012089];[0.8616129338437688, 0.9121713544467998, 0.9199228019109691, 0.9215338859710182, 0.9170094285895083];[0.8758140507163646, 0.9052687766892741, 0.9098476077228776, 0.9130979998746003, 0.9147230550733786];[0.8896680038715699, 0.916065040430947, 0.9202714518116868, 0.9231293643691569, 0.9243434525023013];[0.88966800387157, 0.916065040430947, 0.9202714518116868, 0.9231293643691568, 0.9243434525023013]
