protocol;link_layer;link_layer_mode;blocksize;network_setup;data_format;dns_format;randiv_pad;vector_type;k;classifier;classifier_args;job_id;fit_time;score_time;accuracy;precision;recall;f1_score;balanced_accuracy;roc_auc
oscore-base;schc;;64;d1;json;dns_message;0;binvec;5;dt;;20833657;[125.33109712600708, 103.73962116241455, 95.37181186676025, 116.30478572845459, 179.97049570083618];[1.1212446689605713, 0.8382008075714111, 0.8266420364379883, 1.2481780052185059, 1.2595386505126953];[0.7050894322993174, 0.8452547596416947, 0.8444761915734414, 0.8469532357109116, 0.6577531481502817];[0.6387761650402974, 0.7891758152214172, 0.7954552358963454, 0.780442935983914, 0.5293107655048392];[0.5135508345978755, 0.8083004552352049, 0.7946585735963582, 0.8304678371447215, 0.8888298760223979];[0.5693592752416282, 0.7986236572036852, 0.7950567051786175, 0.8046786549234682, 0.663498680320348];[0.6679226386184047, 0.8380840221298824, 0.8348095549653936, 0.8437542769919717, 0.7025931264136318];[0.6679226386184047, 0.8380840221298824, 0.8348095549653936, 0.8437542769919717, 0.7025931264136318]
