protocol,link_layer,link_layer_mode,blocksize,network_setup,data_format,dns_format,vector_type,run,test_size,classifier,classifier_args,true_dns,false_dns,false_data,true_data,accuracy,precision,recall,f1_score
oscore,eth,,64,d1,json,dns_message,word2vec,1,0.2,nb,,10345,17340,6302,55664,0.7362884965031065,0.6214332912837148,0.373668051291313,0.46670576558693494
oscore,eth,,64,d1,json,dns_message,word2vec,1,0.2,lr,max_iter=5000,21414,6271,4609,57357,0.8786405059620083,0.8228874457210928,0.7734874480765758,0.7974231027035078
oscore,eth,,64,d1,json,dns_message,word2vec,1,0.2,knn,algorithm=brute,20083,7602,5158,56808,0.85767029927162,0.7956499346301652,0.7254108723135272,0.7589086649283906
oscore,eth,,64,d1,json,dns_message,word2vec,1,0.2,svm,C=0.01,20240,7445,4403,57563,0.8678430803895104,0.8213285720082782,0.731081813256276,0.7735820210976915
oscore,eth,,64,d1,json,dns_message,word2vec,1,0.2,dt,,22492,5193,5691,56275,0.8785958885009648,0.7980697583649717,0.8124255011739209,0.8051836471683254
oscore,eth,,64,d1,json,dns_message,word2vec,1,0.2,rf,"n_estimators=250,max_depth=9",23312,4373,3392,58574,0.9133863537495399,0.8729778310365488,0.8420444283908254,0.8572321609148909
