protocol,link_layer,link_layer_mode,blocksize,network_setup,data_format,dns_format,vector_type,run,test_size,classifier,classifier_args,true_dns,false_dns,false_data,true_data,accuracy,precision,recall,f1_score
oscore,eth,,1024,p2,cbor,dns_cbor,binvec,1,0.2,nb,,8859,1101,5048,5328,0.6976298190401259,0.6370173294024591,0.8894578313253012,0.7423639334646164
oscore,eth,,1024,p2,cbor,dns_cbor,binvec,1,0.2,lr,max_iter=5000,8721,1239,2403,7973,0.8209087332808812,0.7839805825242718,0.8756024096385542,0.8272623790552077
oscore,eth,,1024,p2,cbor,dns_cbor,binvec,1,0.2,knn,algorithm=brute,8722,1238,2147,8229,0.8335464201416207,0.8024657282178673,0.87570281124498,0.8374861971290029
oscore,eth,,1024,p2,cbor,dns_cbor,binvec,1,0.2,svm,C=0.01,8753,1207,2409,7967,0.8221872541306058,0.7841784626411037,0.8788152610441767,0.8288040905217309
oscore,eth,,1024,p2,cbor,dns_cbor,binvec,1,0.2,dt,,7529,2431,2034,8342,0.7804386309992132,0.7873052389417546,0.7559236947791165,0.7712953951749218
oscore,eth,,1024,p2,cbor,dns_cbor,binvec,1,0.2,rf,"n_estimators=250,max_depth=9",9255,705,2760,7616,0.8296125098347757,0.7702871410736579,0.9292168674698795,0.842320819112628
