protocol;link_layer;link_layer_mode;blocksize;network_setup;data_format;dns_format;randiv_pad;vector_type;k;classifier;classifier_args;job_id;fit_time;score_time;accuracy;precision;recall;f1_score;balanced_accuracy;roc_auc
oscore;schc;peer_based;64;d2;cbor;dns_message;1;binvec;5;dt;;20833657;[105.04155349731445, 106.69372963905334, 105.83631873130798, 106.35798525810242, 105.35099768638611];[0.832944393157959, 0.8387453556060791, 0.8340325355529785, 0.840235710144043, 0.8366093635559082];[0.8225694012199677, 0.8320490476783269, 0.844348313208017, 0.8426978880734973, 0.8455673196023876];[0.7650928682830002, 0.7892296029846753, 0.8082309489711313, 0.805553466403935, 0.8032324723247233];[0.8188467374810319, 0.8057207890743551, 0.8135660091047041, 0.8126678705291431, 0.8257940181186361];[0.7910576852598402, 0.7973899397043033, 0.8108897039361742, 0.8090950294606436, 0.8143570097793474];[0.82200251606006, 0.8280397951281442, 0.839660801090976, 0.8381247752814563, 0.8425561479364814];[0.82200251606006, 0.8280397951281442, 0.839660801090976, 0.8381247752814565, 0.8425561479364814]
