protocol;link_layer;link_layer_mode;blocksize;network_setup;data_format;dns_format;randiv_pad;vector_type;k;classifier;classifier_args;job_id;fit_time;score_time;accuracy;precision;recall;f1_score;balanced_accuracy;roc_auc
oscore;schc;min_rules;1024;d2;json;dns_cbor;0;binvec;5;dt;;20833657;[31.23478627204895, 30.906291484832764, 29.08774423599243, 30.092570066452026, 30.274682998657227];[0.4036893844604492, 0.38285040855407715, 0.344973087310791, 0.382993221282959, 0.38772034645080566];[0.9549960884716592, 0.9543411470186618, 0.957925580336823, 0.9555786299499317, 0.9556639736003641];[0.9335314474872104, 0.931754194977289, 0.9341373259156928, 0.931944028733912, 0.934070064651932];[0.9467078660257877, 0.9468965780338, 0.9544500820203716, 0.9502536909167207, 0.9480028993247626];[0.9400734876321073, 0.939264360856732, 0.9441844667522077, 0.9410098033660113, 0.940984910161501];[0.9533158299986733, 0.9528318366796884, 0.9572209585443765, 0.954499052938345, 0.9541107690246093];[0.9533158299986733, 0.9528318366796884, 0.9572209585443764, 0.954499052938345, 0.9541107690246093]
