protocol;link_layer;link_layer_mode;blocksize;network_setup;data_format;dns_format;randiv_pad;vector_type;k;classifier;classifier_args;job_id;fit_time;score_time;accuracy;precision;recall;f1_score;balanced_accuracy;roc_auc
oscore;schc;;1024;p1;json;dns_message;0;binvec;5;dt;;20833657;[70.49351334571838, 76.92515301704407, 76.91437196731567, 80.64355897903442, 73.5607488155365];[0.5088393688201904, 0.5012457370758057, 0.49782299995422363, 0.515021562576294, 0.47049856185913086];[0.7173644407098018, 0.7035984380406307, 0.7253348821116109, 0.7102095793584103, 0.7150871816418076];[0.658323933786544, 0.6479372068536422, 0.6612860777261164, 0.6495744745752372, 0.6514368839805249];[0.649297934393698, 0.6105715746113833, 0.6799567021468519, 0.6402970713813217, 0.6597811052979734];[0.6537797826284399, 0.6286996904024768, 0.6704914387369357, 0.6449024091094926, 0.6555824445041977];[0.7070784227722188, 0.6895404815257693, 0.7184766517489598, 0.6996433538000051, 0.7067289036402802];[0.7070784227722188, 0.6895404815257693, 0.7184766517489599, 0.699643353800005, 0.7067289036402801]
