protocol,link_layer,link_layer_mode,blocksize,network_setup,data_format,dns_format,vector_type,run,test_size,classifier,classifier_args,true_dns,false_dns,false_data,true_data,accuracy,precision,recall,f1_score
oscore,eth,,1024,p1,json,dns_cbor,word2vec,1,0.2,nb,,8957,1034,4678,5675,0.7192292567833268,0.656912357902457,0.8965068561705535,0.758232455769068
oscore,eth,,1024,p1,json,dns_cbor,word2vec,1,0.2,lr,max_iter=5000,8505,1486,2508,7845,0.8036767597325993,0.7722691364750749,0.8512661395255731,0.8098457436678728
oscore,eth,,1024,p1,json,dns_cbor,word2vec,1,0.2,knn,algorithm=brute,9006,985,3461,6892,0.7814589068029886,0.7223871019491458,0.9014112701431288,0.8020304568527918
oscore,eth,,1024,p1,json,dns_cbor,word2vec,1,0.2,svm,C=0.01,8646,1345,2679,7674,0.8022021234762092,0.7634437086092716,0.8653788409568611,0.811221617564271
oscore,eth,,1024,p1,json,dns_cbor,word2vec,1,0.2,dt,,7634,2357,2236,8117,0.7742331891466772,0.7734549138804458,0.7640876789110199,0.768742762197271
oscore,eth,,1024,p1,json,dns_cbor,word2vec,1,0.2,rf,"n_estimators=250,max_depth=9",9383,608,2866,7487,0.8292371215100275,0.7660217160584537,0.9391452307076369,0.843794964028777
