protocol;link_layer;link_layer_mode;blocksize;network_setup;data_format;dns_format;randiv_pad;vector_type;k;classifier;classifier_args;job_id;fit_time;score_time;accuracy;precision;recall;f1_score;balanced_accuracy;roc_auc
oscore-base;schc;;64;d1;cbor;dns_message;0;binvec;5;dt;;20937591;[102.65880084037781, 112.59843397140503, 109.95723414421082, 113.56385493278503, 113.84142279624939];[0.9110238552093506, 1.1668124198913574, 0.8858067989349365, 0.930342435836792, 0.9218122959136963];[0.6792376494606657, 0.8370419703599504, 0.8469012392553265, 0.8505051008023105, 0.8565426581435445];[0.6410644147682639, 0.7955326716171371, 0.8030878964439292, 0.8069329424697691, 0.8078597600402327];[0.49534142640364187, 0.8112139605462823, 0.8303490136570562, 0.8354148014385651, 0.8531692438428504];[0.5588597842835131, 0.8032967941156582, 0.8164909689115692, 0.8209269034624675, 0.8298965267834738];[0.651233360282371, 0.8331088006422803, 0.8443806148265441, 0.8482069680564008, 0.8560289139372121];[0.651233360282371, 0.8331088006422803, 0.8443806148265441, 0.8482069680564007, 0.8560289139372121]
