protocol;link_layer;link_layer_mode;blocksize;network_setup;data_format;dns_format;randiv_pad;vector_type;k;classifier;classifier_args;job_id;fit_time;score_time;accuracy;precision;recall;f1_score;balanced_accuracy;roc_auc
oscore-base;schc;min_rules;1024;p2;json;dns_message;0;binvec;5;dt;;20833657;[67.96992778778076, 83.34354782104492, 78.01455307006836, 81.81164979934692, 81.25346970558167];[0.5413177013397217, 0.5569207668304443, 0.5464670658111572, 0.5435326099395752, 0.5457403659820557];[0.6741543340380549, 0.9095533826638478, 0.9138213530655391, 0.9143895348837209, 0.9134249471458774];[0.6613210616836331, 0.8836200216953355, 0.8877481600593728, 0.8876099367381577, 0.8919874804381847];[0.4502072719217746, 0.9022151898734178, 0.9084810126582279, 0.9102215189873418, 0.9018670886075949];[0.5357156305305569, 0.8928207938620528, 0.8979949325909474, 0.8987735333177096, 0.8969000786782061];[0.6424565704648462, 0.9085145822325347, 0.9130653702129614, 0.9137995072250684, 0.9117888074616922];[0.6424565704648462, 0.9085145822325348, 0.9130653702129615, 0.9137995072250684, 0.9117888074616921]
