protocol;link_layer;link_layer_mode;blocksize;network_setup;data_format;dns_format;randiv_pad;vector_type;k;classifier;classifier_args;job_id;fit_time;score_time;accuracy;precision;recall;f1_score;balanced_accuracy;roc_auc
oscore;schc;;1024;d1;cbor;dns_message;0;binvec;5;dt;;20937591;[68.16601324081421, 65.6049416065216, 66.57335996627808, 64.54033327102661, 64.14467167854309];[0.46082329750061035, 0.4306352138519287, 0.4346961975097656, 0.4612889289855957, 0.4373950958251953];[0.7969553675128588, 0.7997068746197666, 0.8032741551905315, 0.8027210884353742, 0.7401139317515624];[0.7709126996830682, 0.7727967883769834, 0.7736633289249952, 0.7725187001068577, 0.7349985328638498];[0.7618158810503005, 0.7673204682062639, 0.7772856690920594, 0.7776020246757356, 0.6339449541284403];[0.7663372953362929, 0.7700488919931424, 0.7754702689054412, 0.7750520274957432, 0.6807419234296973];[0.7930266220597575, 0.796085935336123, 0.8003685308667057, 0.799912669261776, 0.728243784231288];[0.7930266220597576, 0.7960859353361229, 0.8003685308667057, 0.799912669261776, 0.728243784231288]
