protocol;link_layer;link_layer_mode;blocksize;network_setup;data_format;dns_format;randiv_pad;vector_type;k;classifier;classifier_args;job_id;fit_time;score_time;accuracy;precision;recall;f1_score;balanced_accuracy;roc_auc
oscore;schc;peer_based;64;d2;json;dns_cbor;1;binvec;5;dt;;20833657;[100.44348359107971, 105.88742280006409, 108.13344192504883, 109.62708735466003, 108.56260228157043];[0.8800842761993408, 0.8800909519195557, 0.9156582355499268, 0.8405447006225586, 0.9004104137420654];[0.7335517080018717, 0.750999398355505, 0.7540527712599189, 0.728863753350848, 0.7206211686688192];[0.5194421124933222, 0.551406004557623, 0.5585697236757551, 0.5169517332385931, 0.5013380446361299];[0.6498233721596334, 0.5948919918844731, 0.5809285117555795, 0.4862394080439193, 0.4605800214822771];[0.5773635322560122, 0.5723241555101385, 0.5695297600243369, 0.5011254474114709, 0.48009554140127386];[0.7079738808167566, 0.7033097779191158, 0.7011649448669628, 0.6547443070639118, 0.6411810538818892];[0.7079738808167566, 0.7033097779191158, 0.7011649448669627, 0.654744307063912, 0.6411810538818892]
