protocol;link_layer;link_layer_mode;blocksize;network_setup;data_format;dns_format;randiv_pad;vector_type;k;classifier;classifier_args;job_id;fit_time;score_time;accuracy;precision;recall;f1_score;balanced_accuracy;roc_auc
oscore;eth;;64;p1;json;dns_cbor;1;binvec;5;dt;;20833657;[379.17508029937744, 407.51231718063354, 427.429062128067, 440.82515120506287, 1030.9091913700104];[4.025367736816406, 3.928781270980835, 3.932997226715088, 4.417502403259277, 10.251704454421997];[0.7146142730177684, 0.7373013019260908, 0.749621769778218, 0.743493717604277, 0.7449795109772314];[0.49805582557978056, 0.5360205053758563, 0.5587245558300976, 0.5473674453096032, 0.5491408621043744];[0.5136167267346111, 0.5640260639186576, 0.5667128126790147, 0.5637769715485965, 0.5743985105976704];[0.5057166022349389, 0.5496667945989323, 0.5626903342773518, 0.5554510394130373, 0.5614857849484945];[0.6540263728459785, 0.6850699039972434, 0.6944852108058157, 0.6893197653951513, 0.6935594448722949];[0.6540263728459784, 0.6850699039972434, 0.6944852108058157, 0.6893197653951513, 0.6935594448722948]
