protocol,link_layer,blocksize,network_setup,data_format,dns_format,test_size,classifier,classifier_args,true_data,false_data,false_dns,true_dns,accuracy,precision,recall,f1_score
oscore,eth,1024,p2,cbor,dns_cbor,0.2,nb,,6819,19265,306,23842,0.6103878006051919,0.5530888254807804,0.9873281431174424,0.709003048100513
oscore,eth,1024,p2,cbor,dns_cbor,0.2,lr,max_iter=2600,21496,4588,3177,20971,0.8454172638955247,0.8204937595367581,0.8684363094252112,0.8437845776248818
oscore,eth,1024,p2,cbor,dns_cbor,0.2,knn,"algorithm=brute,n_jobs=-1",18766,7318,5336,18812,0.748088867654085,0.7199387676999617,0.7790293191982773,0.7483193444448865
oscore,eth,1024,p2,cbor,dns_cbor,0.2,dt,,21441,4643,4962,19186,0.8087872272654881,0.8051533845314532,0.7945171442769587,0.7997999041207245
oscore,eth,1024,p2,cbor,dns_cbor,0.2,rf,"n_estimators=250,max_depth=9",20854,5230,1579,22569,0.8644489568402612,0.8118637361056154,0.9346115620341229,0.8689240957129382
