protocol;link_layer;link_layer_mode;blocksize;network_setup;data_format;dns_format;randiv_pad;vector_type;k;classifier;classifier_args;job_id;fit_time;score_time;accuracy;precision;recall;f1_score;balanced_accuracy;roc_auc
oscore;schc;;64;p1;cbor;dns_message;0;binvec;5;dt;;20833657;[103.93731927871704, 104.9333393573761, 108.82981443405151, 108.05549097061157, 108.52070569992065];[0.8845617771148682, 0.8835842609405518, 0.9114844799041748, 0.8806376457214355, 0.8745987415313721];[0.7145034906079837, 0.8509981002315523, 0.8691700494863696, 0.868199954959897, 0.8730785665615725];[0.6506480667838312, 0.7990007457121551, 0.8288791202105167, 0.8235727163461538, 0.8227107734360075];[0.5393171471927163, 0.8129438543247345, 0.8269044006069802, 0.8318335634835127, 0.8495273069394073];[0.5897746506919783, 0.8059119969913501, 0.8278905828642616, 0.8276825281785307, 0.8359040210233974];[0.6807175879421294, 0.8436590746935709, 0.8610188256448896, 0.8611861702577892, 0.8685364328580275];[0.6807175879421294, 0.8436590746935709, 0.8610188256448896, 0.8611861702577892, 0.8685364328580276]
