protocol;link_layer;link_layer_mode;blocksize;network_setup;data_format;dns_format;randiv_pad;vector_type;k;classifier;classifier_args;job_id;fit_time;score_time;accuracy;precision;recall;f1_score;balanced_accuracy;roc_auc
oscore-base;schc;min_rules;1024;p2;json;dns_cbor;0;binvec;5;dt;;20833657;[46.992809534072876, 62.86861753463745, 63.93398189544678, 61.73421287536621, 60.85571074485779];[0.5026710033416748, 0.5042366981506348, 0.49641966819763184, 0.5029542446136475, 0.5001156330108643];[0.6701428408832233, 0.9527088549965855, 0.95363362167084, 0.95269395478538, 0.9507732582127563];[0.5746740418806796, 0.929184951802258, 0.9250314838136158, 0.927227242177582, 0.9259286998202516];[0.4439696287534816, 0.9452096608035407, 0.9528787820977527, 0.9474989507421114, 0.9434523809523809];[0.5009363497427729, 0.9371288065065254, 0.9387486608904844, 0.9372534958766583, 0.9346084064106441];[0.6242965728104621, 0.9511887365702406, 0.953480612492194, 0.9516409405010525, 0.9492892023412509];[0.624296572810462, 0.9511887365702406, 0.953480612492194, 0.9516409405010525, 0.9492892023412509]
