protocol;link_layer;link_layer_mode;blocksize;network_setup;data_format;dns_format;randiv_pad;vector_type;k;classifier;classifier_args;job_id;fit_time;score_time;accuracy;precision;recall;f1_score;balanced_accuracy;roc_auc
oscore;eth;;64;d1;cbor;dns_cbor;1;binvec;5;dt;;20833657;[302.2580089569092, 333.21663212776184, 331.1323251724243, 323.9584228992462, 331.0612123012543];[3.365175485610962, 3.3618431091308594, 3.3612799644470215, 3.3432981967926025, 3.364870071411133];[0.7329122389834287, 0.7851006910901389, 0.7910514308644636, 0.7877965950553247, 0.7890821808886148];[0.5858964741185296, 0.6507645117813822, 0.6629064680146625, 0.6551226886847308, 0.6587779083431258];[0.4846763414168417, 0.6684568564267812, 0.669077455543621, 0.6723236663086287, 0.669077455543621];[0.5305013454554954, 0.6594920462974956, 0.6659776669042528, 0.6636117328307221, 0.6638877375806738];[0.6649054495568574, 0.7531439933604098, 0.7576347417563153, 0.7561609699132759, 0.7562049987863345];[0.6649054495568574, 0.7531439933604097, 0.7576347417563153, 0.7561609699132759, 0.7562049987863345]
