protocol;link_layer;link_layer_mode;blocksize;network_setup;data_format;dns_format;randiv_pad;vector_type;k;classifier;classifier_args;job_id;fit_time;score_time;accuracy;precision;recall;f1_score;balanced_accuracy;roc_auc
oscore-base;schc;min_rules;64;p2;cbor;dns_message;0;binvec;5;dt;;20833657;[98.01568698883057, 95.75765681266785, 99.84649538993835, 96.0580096244812, 99.91496133804321];[0.8687748908996582, 0.85359787940979, 0.8437099456787109, 0.8343353271484375, 0.8066375255584717];[0.5530047788883093, 0.84185856364495, 0.9289082489268571, 0.930536465712292, 0.8345844522918385];[0.47549465429778287, 0.7952731784275583, 0.9141513578599672, 0.9180646849144838, 0.8866198198940796];[0.38573911332633787, 0.8512895345214868, 0.9211359052975029, 0.9205784460002295, 0.7054319489760784];[0.42593983941486907, 0.822328513280223, 0.9176303410427283, 0.9193198470720186, 0.7857155901313027];[0.5324383111450067, 0.8430182248903767, 0.9279525375996676, 0.9293119969176737, 0.8187034624334412];[0.5324383111450067, 0.8430182248903767, 0.9279525375996676, 0.9293119969176737, 0.8187034624334412]
