protocol;link_layer;link_layer_mode;blocksize;network_setup;data_format;dns_format;randiv_pad;vector_type;k;classifier;classifier_args;job_id;fit_time;score_time;accuracy;precision;recall;f1_score;balanced_accuracy;roc_auc
oscore;schc;;1024;p1;json;dns_cbor;1;binvec;5;dt;;20833657;[63.906317472457886, 66.10040187835693, 65.04261517524719, 64.1660897731781, 62.91473436355591];[0.4171183109283447, 0.41782116889953613, 0.4193239212036133, 0.42282652854919434, 0.40680718421936035];[0.6707012358946802, 0.6763836646963998, 0.6922487909725954, 0.6870096722192369, 0.6889172487909726];[0.5408380553650702, 0.548703065481589, 0.5723753182567021, 0.5645424836601307, 0.5668316831683168];[0.5596429638482223, 0.5648926237161531, 0.5709430438842203, 0.5677684407096172, 0.5730345471521943];[0.5500798414184241, 0.5566801619433198, 0.5716582839406914, 0.5661508668044616, 0.56991623795108];[0.6463664634615398, 0.6519522386387333, 0.6656666336593031, 0.6608799195051285, 0.6635234626036854];[0.6463664634615398, 0.6519522386387332, 0.6656666336593031, 0.6608799195051286, 0.6635234626036854]
