protocol;link_layer;link_layer_mode;blocksize;network_setup;data_format;dns_format;randiv_pad;vector_type;k;classifier;classifier_args;job_id;fit_time;score_time;accuracy;precision;recall;f1_score;balanced_accuracy;roc_auc
oscore-base;schc;min_rules;64;d2;json;dns_cbor;0;binvec;5;knn;algorithm=brute;931197;[3.3825321197509766, 1.739555835723877, 1.7379169464111328, 1.7530806064605713, 1.737074375152588];[25.72027325630188, 25.651414394378662, 25.46432113647461, 25.637215852737427, 25.559684991836548];[0.843275502566296, 0.8867079682686074, 0.8947611123363474, 0.8925155883473345, 0.8933041949863331];[0.8165002230687395, 0.8478703522914284, 0.8825267716074668, 0.8863840488593497, 0.8638379076163215];[0.5678823754057667, 0.7255519751760353, 0.7199665831244778, 0.7066953097028285, 0.7347416159446235];[0.6698669669881044, 0.7819566279937231, 0.793001459124788, 0.7864058329017092, 0.7940770550374698];[0.7591258984773691, 0.8374641141195391, 0.841349780015495, 0.8357351576359988, 0.8448528009922864];[0.8864760010490144, 0.9334486972407026, 0.9404894592646775, 0.9379995503899048, 0.9403573601559865]
oscore-base;schc;min_rules;64;d2;json;dns_cbor;0;binvec;5;dt;;20833657;[31.119474172592163, 22.882611989974976, 17.558687210083008, 17.309809923171997, 17.239598035812378];[1.0437655448913574, 0.6718347072601318, 0.6484434604644775, 0.6712241172790527, 0.6502804756164551];[1.0, 1.0, 1.0, 1.0, 1.0];[1.0, 1.0, 1.0, 1.0, 1.0];[1.0, 1.0, 1.0, 1.0, 1.0];[1.0, 1.0, 1.0, 1.0, 1.0];[1.0, 1.0, 1.0, 1.0, 1.0];[1.0, 1.0, 1.0, 1.0, 1.0]
oscore-base;schc;min_rules;64;d2;json;dns_cbor;0;binvec;5;rf;n_estimators=250,max_depth=9;931197;[11.159529209136963, 7.648845672607422, 7.627274513244629, 7.72477912902832, 7.486914396286011];[0.8484108448028564, 0.81915283203125, 0.6400256156921387, 0.8200068473815918, 0.7398648262023926];[0.8334848160821214, 0.9055342809979215, 0.9063228876369201, 0.9053538371059473, 0.9020456990864193];[0.9482103262591067, 0.9675289679331717, 0.9877186843946816, 0.9913887806088096, 0.9870538588083828];[0.42870441092228373, 0.6856188089270796, 0.6738035565103234, 0.667764649719537, 0.6587898317221625];[0.5904533350866235, 0.8025369151893607, 0.801106775452288, 0.7980146618364378, 0.7901856650013599];[0.7097994097382637, 0.838335505302628, 0.8352727962992695, 0.832754568121074, 0.8277148831886227];[0.9544664584482987, 0.9887128857983889, 0.9943727455743461, 0.9946365002433134, 0.9939949187607624]
