protocol;link_layer;link_layer_mode;blocksize;network_setup;data_format;dns_format;randiv_pad;vector_type;k;classifier;classifier_args;job_id;fit_time;score_time;accuracy;precision;recall;f1_score;balanced_accuracy;roc_auc
oscore;schc;;1024;d2;json;dns_message;1;binvec;5;dt;;20833657;[53.63805365562439, 52.77608513832092, 52.55804133415222, 47.979408979415894, 45.96029305458069];[0.4150390625, 0.43799281120300293, 0.4324939250946045, 0.40072035789489746, 0.3810584545135498];[0.8921304370804926, 0.8912583901485123, 0.8827493261455526, 0.8810697250373267, 0.8774890001717691];[0.8705354320753524, 0.8647881170816951, 0.8525134121003504, 0.8507508998386496, 0.848525511000156];[0.8713065485605821, 0.8767162290414425, 0.8697206491821949, 0.8674111803600241, 0.8602296814198488];[0.8709208196306603, 0.8707113233630766, 0.8610310699072914, 0.8590002663032411, 0.8543375121751972];[0.8891859692932238, 0.8892021495527129, 0.8809068362190045, 0.8791382715794765, 0.8750483616065982];[0.8891859692932238, 0.8892021495527129, 0.8809068362190045, 0.8791382715794764, 0.8750483616065983]
