protocol;link_layer;link_layer_mode;blocksize;network_setup;data_format;dns_format;randiv_pad;vector_type;k;classifier;classifier_args;job_id;fit_time;score_time;accuracy;precision;recall;f1_score;balanced_accuracy;roc_auc
oscore;schc;;1024;p1;cbor;dns_message;0;binvec;5;dt;;20833657;[67.31241917610168, 68.54295587539673, 68.80543875694275, 68.89557480812073, 69.21068811416626];[0.41284680366516113, 0.4206230640411377, 0.41338062286376953, 0.4149205684661865, 0.4083702564239502];[0.7171580560815075, 0.711207285186187, 0.7346625964424179, 0.7211767585043214, 0.7212282803302549];[0.6759475536453954, 0.671759596792088, 0.6852101135432518, 0.6855681636567045, 0.6823691979147039];[0.6525948643935294, 0.6372000721630886, 0.7040411329604908, 0.644897468278309, 0.6533361397600506];[0.6640659660073126, 0.6540236092894067, 0.6944979979237728, 0.6646111894395984, 0.6675371357470928];[0.7090685626864107, 0.701934496073883, 0.7308258572709347, 0.7116192877793897, 0.7127203456799351];[0.7090685626864106, 0.7019344960738831, 0.7308258572709347, 0.7116192877793897, 0.7127203456799351]
