protocol,link_layer,link_layer_mode,blocksize,network_setup,data_format,dns_format,vector_type,run,test_size,classifier,classifier_args,true_dns,false_dns,false_data,true_data,accuracy,precision,recall,f1_score
oscore-base,schc,,1024,p2,cbor,dns_message,word2vec,1,0.2,nb,,8615,4544,7757,13228,0.6397317244611059,0.526203273882238,0.6546850064594574,0.5834546747485693
oscore-base,schc,,1024,p2,cbor,dns_message,word2vec,1,0.2,lr,max_iter=5000,10620,2539,2684,18301,0.8470302249297095,0.7982561635598316,0.8070522076145604,0.8026300872916903
oscore-base,schc,,1024,p2,cbor,dns_message,word2vec,1,0.2,knn,algorithm=brute,10955,2204,2781,18204,0.8540007029053421,0.7975393127548049,0.832510069154191,0.8146495631158208
oscore-base,schc,,1024,p2,cbor,dns_message,word2vec,1,0.2,svm,C=0.01,10762,2397,2904,18081,0.8447457825679475,0.7875018293575297,0.8178433011627023,0.802385834109972
oscore-base,schc,,1024,p2,cbor,dns_message,word2vec,1,0.2,dt,,12021,1138,1080,19905,0.935039831302718,0.917563544767575,0.913519264381792,0.9155369383092156
oscore-base,schc,,1024,p2,cbor,dns_message,word2vec,1,0.2,rf,"n_estimators=250,max_depth=9",12037,1122,1958,19027,0.9097938144329897,0.8600928903179706,0.9147351622463713,0.8865728806069088
