protocol,link_layer,link_layer_mode,blocksize,network_setup,data_format,dns_format,vector_type,run,test_size,classifier,classifier_args,true_dns,false_dns,false_data,true_data,accuracy,precision,recall,f1_score
oscore,schc,,64,p1,cbor,dns_cbor,binvec,1,0.2,nb,,15820,1672,32884,30244,0.5713718680228231,0.32481931668856767,0.90441344614681,0.4779744999697867
oscore,schc,,64,p1,cbor,dns_cbor,binvec,1,0.2,lr,max_iter=5000,8585,8907,4187,58941,0.8375837261225503,0.6721735045411839,0.4907957923622227,0.567340734866508
oscore,schc,,64,p1,cbor,dns_cbor,binvec,1,0.2,knn,algorithm=brute,9181,8311,5418,57710,0.8297072686678244,0.6288786903212549,0.5248685113194603,0.5721853479168614
oscore,schc,,64,p1,cbor,dns_cbor,binvec,1,0.2,svm,C=0.01,8520,8972,4078,59050,0.8381294964028777,0.6762978250515955,0.4870798079121884,0.5663010967098704
oscore,schc,,64,p1,cbor,dns_cbor,binvec,1,0.2,dt,,9488,8004,9192,53936,0.7867030513520218,0.5079229122055674,0.54241939172193,0.5246046665929448
oscore,schc,,64,p1,cbor,dns_cbor,binvec,1,0.2,rf,"n_estimators=250,max_depth=9",7878,9614,3376,59752,0.8388737286033242,0.7000177714590368,0.4503773153441573,0.5481110415362137
