protocol,link_layer,link_layer_mode,blocksize,network_setup,data_format,dns_format,vector_type,run,test_size,classifier,classifier_args,true_dns,false_dns,false_data,true_data,accuracy,precision,recall,f1_score
oscore-base,schc,,1024,p2,cbor,dns_message,binvec,1,0.2,nb,,7724,5437,3996,16987,0.7237289128397376,0.6590443686006826,0.5868854950231746,0.6208753667457095
oscore-base,schc,,1024,p2,cbor,dns_message,binvec,1,0.2,lr,max_iter=5000,11017,2144,1747,19236,0.8860414714151827,0.8631306800376057,0.8370944457108123,0.8499132111861137
oscore-base,schc,,1024,p2,cbor,dns_message,binvec,1,0.2,knn,algorithm=brute,11800,1361,2372,18611,0.89066893158388,0.8326277166243297,0.8965884051363878,0.8634251637215088
oscore-base,schc,,1024,p2,cbor,dns_message,binvec,1,0.2,svm,C=0.01,10953,2208,1783,19200,0.8831126991565136,0.8600031407035176,0.8322315933439708,0.8458894852685639
oscore-base,schc,,1024,p2,cbor,dns_message,binvec,1,0.2,dt,,11906,1255,1460,19523,0.9204838331771321,0.890767619332635,0.9046425043689689,0.8976514494665813
oscore-base,schc,,1024,p2,cbor,dns_message,binvec,1,0.2,rf,"n_estimators=250,max_depth=9",11288,1873,634,20349,0.9265756794751641,0.9468210031873847,0.8576855862016564,0.9000518279312681
