protocol;link_layer;link_layer_mode;blocksize;network_setup;data_format;dns_format;randiv_pad;vector_type;k;classifier;classifier_args;job_id;fit_time;score_time;accuracy;precision;recall;f1_score;balanced_accuracy;roc_auc
oscore;schc;peer_based;64;d2;json;dns_message;1;binvec;5;dt;;20833657;[129.6303894519806, 125.5001106262207, 126.1665518283844, 125.30943465232849, 129.1494336128235];[1.0021944046020508, 1.0065195560455322, 0.9633698463439941, 0.9815957546234131, 1.0213255882263184];[0.8183797733779588, 0.8373839958984521, 0.8503050238200849, 0.8514102032351721, 0.8528042766947785];[0.7313055181695828, 0.7783886844322263, 0.8011104740637919, 0.8010659860370843, 0.7981643240367136];[0.8245220030349014, 0.799165402124431, 0.8057056145675265, 0.8096480978467048, 0.8194813274860013];[0.7751212553495007, 0.7886402264167895, 0.803401473770219, 0.805334178590835, 0.8086823702062026];[0.8195715973779059, 0.8299681485843386, 0.841651057866438, 0.8433065872498917, 0.8463382141873192];[0.8195715973779059, 0.8299681485843385, 0.8416510578664382, 0.8433065872498917, 0.8463382141873192]
