protocol;link_layer;link_layer_mode;blocksize;network_setup;data_format;dns_format;randiv_pad;vector_type;k;classifier;classifier_args;job_id;fit_time;score_time;accuracy;precision;recall;f1_score;balanced_accuracy;roc_auc
oscore-base;schc;;64;d2;cbor;dns_cbor;0;binvec;5;knn;algorithm=brute;931197;[3.493150472640991, 1.5879158973693848, 1.589144229888916, 1.6119112968444824, 1.5942907333374023];[21.77766513824463, 21.539114236831665, 21.372780799865723, 21.365065574645996, 21.5304012298584];[0.9053187752473508, 0.9508591417364323, 0.9543791347110825, 0.9532741057315145, 0.9561208360166267];[0.9360619202505722, 0.9361950106630957, 0.9499129469354798, 0.9615524591868566, 0.9462052850075819];[0.7418607981668894, 0.9011337868480725, 0.8985797827903091, 0.8828977204917055, 0.9085332378565462];[0.8277230359520639, 0.9183298670655915, 0.9235335966440154, 0.9205480133892463, 0.9269866783565914];[0.859727469329983, 0.9369894869039261, 0.9388152890078951, 0.9336443580137335, 0.9428474554189383];[0.948196576650021, 0.9832107681326969, 0.9861076385048448, 0.9856430461639065, 0.9872286982467]
oscore-base;schc;;64;d2;cbor;dns_cbor;0;binvec;5;dt;;20833657;[13.681743621826172, 13.690965175628662, 13.49886441230774, 13.670734167098999, 13.684157133102417];[0.642958402633667, 0.6352596282958984, 0.6643145084381104, 0.6132462024688721, 0.6331508159637451];[1.0, 1.0, 1.0, 1.0, 1.0];[1.0, 1.0, 1.0, 1.0, 1.0];[1.0, 1.0, 1.0, 1.0, 1.0];[1.0, 1.0, 1.0, 1.0, 1.0];[1.0, 1.0, 1.0, 1.0, 1.0];[1.0, 1.0, 1.0, 1.0, 1.0]
oscore-base;schc;;64;d2;cbor;dns_cbor;0;binvec;5;rf;n_estimators=250,max_depth=9;931197;[11.151697635650635, 7.222350835800171, 7.273395538330078, 7.318026304244995, 7.3027074337005615];[0.8046629428863525, 0.7327346801757812, 0.5699844360351562, 0.5792131423950195, 0.7377140522003174];[0.8816667642409695, 0.9966263684795972, 0.9965751419706106, 0.9963921901528013, 0.9962165564077045];[0.993478094068902, 0.9997828814049986, 0.9982680233816843, 0.9997344534569331, 0.9998067352756438];[0.6181019667748711, 0.9892111230457095, 0.9905477980665951, 0.9884950471416637, 0.9878505788280224];[0.7620729231040876, 0.9944689070992357, 0.994392926461074, 0.994082982272951, 0.9937926977151845];[0.8081539046978037, 0.9945580696228622, 0.9948939638333567, 0.9941894779152853, 0.9938830743917956];[0.985740349352221, 0.9998949433400177, 0.9998609658899106, 0.9999899246209063, 0.999968173228686]
