protocol,link_layer,blocksize,network_setup,data_format,dns_format,test_size,classifier,classifier_args,true_data,false_data,false_dns,true_dns,accuracy,precision,recall,f1_score
oscore,eth,1024,p2,cbor,dns_message,0.2,nb,,6795,19282,988,23167,0.5964723682114986,0.5457607953073099,0.9590974953425792,0.6956639240886433
oscore,eth,1024,p2,cbor,dns_message,0.2,lr,max_iter=2600,21744,4333,1900,22255,0.8759157509157509,0.8370317436437491,0.9213413371972676,0.8771653232958241
oscore,eth,1024,p2,cbor,dns_message,0.2,knn,"algorithm=brute,n_jobs=-1",19725,6352,2700,21455,0.8197961458831025,0.7715683101377351,0.8882219002276961,0.8257957738347254
oscore,eth,1024,p2,cbor,dns_message,0.2,dt,,22199,3878,4290,19865,0.8373944895684026,0.8366676494124584,0.8223970192506728,0.8294709591214664
oscore,eth,1024,p2,cbor,dns_message,0.2,rf,"n_estimators=250,max_depth=9",21470,4607,1039,23116,0.8876015289058767,0.8338202936190167,0.956986131235769,0.8911677396969814
