protocol;link_layer;link_layer_mode;blocksize;network_setup;data_format;dns_format;randiv_pad;vector_type;k;classifier;classifier_args;job_id;fit_time;score_time;accuracy;precision;recall;f1_score;balanced_accuracy;roc_auc
oscore;schc;;1024;d1;json;dns_message;0;binvec;5;dt;;20833657;[66.62907814979553, 67.86317658424377, 62.07434034347534, 60.25239396095276, 63.147866010665894];[0.4791078567504883, 0.42741990089416504, 0.43610072135925293, 0.4286830425262451, 0.4670405387878418];[0.7920679587280197, 0.7951461826060534, 0.7996908564860687, 0.7983670665327908, 0.7329572477936902];[0.7530935068248501, 0.7548101265822785, 0.7565510356875468, 0.7540087010565568, 0.7098199491881144];[0.7470184429470754, 0.7545713381841189, 0.7672255615311611, 0.7676051882315723, 0.6098702942106928];[0.7500436736703353, 0.7546907134947002, 0.7618509094336067, 0.7607461984637091, 0.6560601677755279];[0.7856956014018531, 0.7894059875821804, 0.7950979337724086, 0.7940153793796126, 0.715544919801685];[0.785695601401853, 0.7894059875821803, 0.7950979337724084, 0.7940153793796125, 0.7155449198016851]
