protocol;link_layer;link_layer_mode;blocksize;network_setup;data_format;dns_format;randiv_pad;vector_type;k;classifier;classifier_args;job_id;fit_time;score_time;accuracy;precision;recall;f1_score;balanced_accuracy;roc_auc
oscore;eth;;64;p1;json;dns_cbor;0;binvec;5;dt;;20833657;[308.28926038742065, 335.40744805336, 350.6033856868744, 327.6703517436981, 339.0522656440735];[4.021120309829712, 3.969917058944702, 3.9519472122192383, 3.949512481689453, 3.956526517868042];[0.7171312848972503, 0.7307000820912231, 0.7427084676078889, 0.7310985372737387, 0.7377337241173437];[0.5022135956207882, 0.5250506015328285, 0.5450769440283263, 0.5269867035878828, 0.534062467136397];[0.5496336253192353, 0.5510418407045851, 0.5732050792438419, 0.5269238113423715, 0.6060721787282796];[0.5248547008547009, 0.5377323333488611, 0.5587872583009517, 0.5269552555885758, 0.5677932939032435];[0.6666414572093806, 0.676544617034757, 0.6916129186704607, 0.6695519530645506, 0.6980455680371256];[0.6666414572093806, 0.6765446170347571, 0.6916129186704607, 0.6695519530645507, 0.6980455680371255]
