protocol,link_layer,blocksize,network_setup,data_format,dns_format,test_size,classifier,classifier_args,true_dns,false_dns,false_data,true_data,accuracy,precision,recall,f1_score
oscore,eth,1024,p1,json,dns_message,0.2,nb,,23165,928,17921,8905,0.6298238378601307,0.5638173587109965,0.9614825883036566,0.710811764525384
oscore,eth,1024,p1,json,dns_message,0.2,lr,max_iter=5000,21911,2182,4465,22361,0.8694593373789744,0.8307173187746436,0.90943427551571,0.8682953892488459
oscore,eth,1024,p1,json,dns_message,0.2,knn,algorithm=brute,19216,4877,4305,22521,0.8196743848072429,0.8169720675141363,0.7975760594363508,0.8071575587012223
oscore,eth,1024,p1,json,dns_message,0.2,svm,C=0.01,21802,2291,4455,22371,0.8675150729590133,0.8303309593632174,0.9049101398746524,0.8660178748758689
oscore,eth,1024,p1,json,dns_message,0.2,dt,,19663,4430,4264,22562,0.829258233665233,0.8217912818155222,0.8161291661478438,0.8189504373177843
oscore,eth,1024,p1,json,dns_message,0.2,rf,"n_estimators=250,max_depth=9",22805,1288,4741,22085,0.8815962607278226,0.8278878966093081,0.9465404889386959,0.8832471581556576
