protocol,link_layer,blocksize,network_setup,data_format,dns_format,test_size,classifier,classifier_args,true_dns,false_dns,false_data,true_data,accuracy,precision,recall,f1_score
oscore-base,eth,1024,p1,cbor,dns_cbor,0.2,nb,,22750,1384,17213,7813,0.6217046379170057,0.5692765808372745,0.9426535178586227,0.7098616159882678
oscore-base,eth,1024,p1,cbor,dns_cbor,0.2,lr,max_iter=2800,21106,3090,4920,20044,0.8370626525630595,0.810958272496734,0.8722929409819805,0.8405081438413444
oscore-base,eth,1024,p1,cbor,dns_cbor,0.2,knn,"algorithm=brute,n_jobs=-1",21363,2771,5746,19280,0.8267493897477624,0.7880408720351175,0.8851827297588465,0.8337919325566419
oscore-base,eth,1024,p1,cbor,dns_cbor,0.2,dt,,19172,4962,4623,20403,0.8050244100895037,0.8057154864467325,0.7943979448081545,0.800016691355964
oscore-base,eth,1024,p1,cbor,dns_cbor,0.2,rf,"n_estimators=250,max_depth=9",22529,1605,5480,19546,0.8558787632221319,0.8043486022349959,0.9334963122565675,0.8641236599351783
