protocol;link_layer;link_layer_mode;blocksize;network_setup;data_format;dns_format;randiv_pad;vector_type;k;classifier;classifier_args;job_id;fit_time;score_time;accuracy;precision;recall;f1_score;balanced_accuracy;roc_auc
oscore;eth;;64;d1;cbor;dns_cbor;0;binvec;5;dt;;20833657;[249.50351667404175, 260.49959325790405, 250.352924823761, 248.84008765220642, 248.96570372581482];[3.490874767303467, 3.4923095703125, 3.461071014404297, 3.421501874923706, 3.3695340156555176];[0.55403135914394, 0.7268261871145129, 0.7426004503265983, 0.7300046816131501, 0.7421471512755538];[0.32631619310556387, 0.5591093303859261, 0.5834003723538741, 0.5639427940770716, 0.5737809129311405];[0.40624403284323085, 0.5795679675378923, 0.6058479532163743, 0.5854397899510682, 0.6678839957035446];[0.3619197482297404, 0.5691548585961581, 0.5944123088452261, 0.5744902619836744, 0.6172665203339914];[0.5135434938586527, 0.6864821224255417, 0.7051349527179914, 0.6903988556333238, 0.7218015916968636];[0.5135434938586527, 0.6864821224255419, 0.7051349527179914, 0.6903988556333238, 0.7218015916968638]
