protocol;link_layer;link_layer_mode;blocksize;network_setup;data_format;dns_format;randiv_pad;vector_type;k;classifier;classifier_args;job_id;fit_time;score_time;accuracy;precision;recall;f1_score;balanced_accuracy;roc_auc
oscore;schc;;1024;d1;cbor;dns_message;1;binvec;5;dt;;20937591;[82.79753279685974, 82.07942461967468, 79.510822057724, 81.76529026031494, 81.84365272521973];[0.4678835868835449, 0.4605984687805176, 0.4731106758117676, 0.4782707691192627, 0.4752347469329834];[0.6165726453182899, 0.617194845417842, 0.6085393506996295, 0.6104612576738012, 0.6005613627564848];[0.563721785984164, 0.5636682242990654, 0.5520156457005867, 0.5548183355130946, 0.5417472153180521];[0.5428029104713699, 0.5495096488453021, 0.5536222714330908, 0.5502372666877571, 0.5585257829800696];[0.553064612310023, 0.5564988946913145, 0.5528177912560021, 0.5525183055639384, 0.5500085671116373];[0.6083248722421201, 0.609627349843882, 0.6023993854586489, 0.6037279569180791, 0.5958616044634593];[0.6083248722421201, 0.6096273498438821, 0.6023993854586489, 0.6037279569180791, 0.5958616044634591]
