protocol,link_layer,blocksize,network_setup,data_format,dns_format,test_size,classifier,classifier_args,true_dns,false_dns,false_data,true_data,accuracy,precision,recall,f1_score
oscore,eth,1024,d1,cbor,dns_cbor,0.2,nb,,22588,1671,16792,8108,0.6244227913505157,0.5735906551549009,0.9311183478296715,0.7098791621489967
oscore,eth,1024,d1,cbor,dns_cbor,0.2,lr,max_iter=5000,21453,2806,5487,19413,0.8313025081877174,0.7963251670378619,0.8843315882765159,0.8380241801597688
oscore,eth,1024,d1,cbor,dns_cbor,0.2,knn,algorithm=brute,15388,8871,6623,18277,0.684818649687748,0.6991049929580664,0.6343212828228698,0.6651393991787335
oscore,eth,1024,d1,cbor,dns_cbor,0.2,dt,,19309,4950,4536,20364,0.8070343172155658,0.8097714405535752,0.7959520178078239,0.8028022617661733
oscore,eth,1024,d1,cbor,dns_cbor,0.2,rf,"n_estimators=250,max_depth=9",22795,1464,5237,19663,0.8636872190239834,0.813177796803653,0.939651263448617,0.8718517526916678
