protocol,link_layer,link_layer_mode,blocksize,network_setup,data_format,dns_format,vector_type,run,test_size,classifier,classifier_args,true_dns,false_dns,false_data,true_data,accuracy,precision,recall,f1_score
oscore-base,schc,,1024,d1,cbor,dns_message,binvec,1,0.2,nb,,7829,5339,4471,16500,0.712645361609889,0.6365040650406504,0.5945473876063183,0.6148107428930423
oscore-base,schc,,1024,d1,cbor,dns_message,binvec,1,0.2,lr,max_iter=5000,10417,2751,2274,18697,0.8528076393567474,0.8208179024505555,0.7910844471445929,0.8056769403302525
oscore-base,schc,,1024,d1,cbor,dns_message,binvec,1,0.2,knn,algorithm=brute,11774,1394,2443,18528,0.8876065496938985,0.828163466272772,0.8941373025516404,0.8598867993427058
oscore-base,schc,,1024,d1,cbor,dns_message,binvec,1,0.2,svm,C=0.01,10360,2808,2222,18749,0.8526611792964058,0.8233985058019393,0.7867557715674363,0.8046601941747573
oscore-base,schc,,1024,d1,cbor,dns_message,binvec,1,0.2,dt,,11954,1214,1456,19515,0.921790327777615,0.8914243102162566,0.9078068043742406,0.8995409737376778
oscore-base,schc,,1024,d1,cbor,dns_message,binvec,1,0.2,rf,"n_estimators=250,max_depth=9",11611,1557,522,20449,0.9391019069099856,0.9569768400230776,0.8817588092345079,0.9178293348089008
