protocol,link_layer,blocksize,network_setup,data_format,dns_format,test_size,classifier,classifier_args,true_dns,false_dns,false_data,true_data,accuracy,precision,recall,f1_score
oscore-base,eth,1024,p1,json,dns_cbor,0.2,nb,,21408,2628,15156,10305,0.6407054973028669,0.5854939284542172,0.890664003994009,0.7065346534653465
oscore-base,eth,1024,p1,json,dns_cbor,0.2,lr,max_iter=5000,19987,4049,5585,19876,0.8053619411277451,0.7815970592835915,0.8315443501414544,0.8057974520238671
oscore-base,eth,1024,p1,json,dns_cbor,0.2,knn,algorithm=brute,19757,4279,5438,20023,0.8036850718225347,0.7841635245088311,0.8219753702779165,0.8026243626982998
oscore-base,eth,1024,p1,json,dns_cbor,0.2,dt,,18818,5218,4899,20562,0.7956037739660989,0.7934393051397731,0.7829089698785155,0.7881389650911984
oscore-base,eth,1024,p1,json,dns_cbor,0.2,rf,"n_estimators=250,max_depth=9",22045,1991,5647,19814,0.8456876174313595,0.7960782897587751,0.9171659177899817,0.8523430250541293
