protocol;link_layer;link_layer_mode;blocksize;network_setup;data_format;dns_format;randiv_pad;vector_type;k;classifier;classifier_args;job_id;fit_time;score_time;accuracy;precision;recall;f1_score;balanced_accuracy;roc_auc
oscore;schc;peer_based;1024;d2;cbor;dns_cbor;0;binvec;5;dt;;20833657;[46.80401015281677, 46.93438673019409, 46.01863694190979, 44.66305875778198, 46.07955503463745];[0.3468592166900635, 0.3483600616455078, 0.3500974178314209, 0.3468475341796875, 0.3477962017059326];[0.7631087401563037, 0.7686227043827797, 0.780920787196844, 0.7805322693922685, 0.7816679368210278];[0.6976797435506029, 0.7042451932229202, 0.7261727621583522, 0.7247659906396255, 0.7259308303474061];[0.697440201426773, 0.7056422385839087, 0.7074733910655019, 0.7089230534467631, 0.7110593980086217];[0.6975599519239941, 0.7049430237432829, 0.7167011265482792, 0.7167569860953079, 0.7184181618454778];[0.7514173592375095, 0.7574098979104078, 0.7678444876129318, 0.7677832325305939, 0.7690970567718258];[0.7514173592375094, 0.7574098979104077, 0.7678444876129318, 0.7677832325305939, 0.7690970567718258]
