protocol;link_layer;link_layer_mode;blocksize;network_setup;data_format;dns_format;randiv_pad;vector_type;k;classifier;classifier_args;job_id;fit_time;score_time;accuracy;precision;recall;f1_score;balanced_accuracy;roc_auc
oscore;schc;;1024;p2;cbor;dns_cbor;1;binvec;5;dt;;20833657;[63.37152719497681, 63.58320999145508, 62.10069799423218, 61.780935764312744, 62.68805932998657];[0.3819906711578369, 0.37958455085754395, 0.3803987503051758, 0.3788778781890869, 0.3830134868621826];[0.6563993701850082, 0.6589579935893831, 0.6720463363886858, 0.6739723331271439, 0.6739677496450212];[0.5420516892867456, 0.5461089279811965, 0.5645487960393069, 0.5660844196609919, 0.5663539619563203];[0.5609428112509806, 0.5554725438924168, 0.562271199103474, 0.5726186029137094, 0.5705640642510272];[0.5513354749885269, 0.5507509398322191, 0.5634076957628388, 0.5693327638396256, 0.5684512179236682];[0.6374741783312453, 0.638439125739996, 0.6502803630880969, 0.6538761379385282, 0.6534657971443365];[0.6374741783312453, 0.638439125739996, 0.650280363088097, 0.6538761379385283, 0.6534657971443365]
