protocol,link_layer,link_layer_mode,blocksize,network_setup,data_format,dns_format,vector_type,run,test_size,classifier,classifier_args,true_dns,false_dns,false_data,true_data,accuracy,precision,recall,f1_score
oscore,schc,,64,p1,json,dns_cbor,binvec,1,0.2,nb,,15691,1717,38245,34561,0.5570310594807901,0.2909188668051023,0.9013671875,0.43986880466472306
oscore,schc,,64,p1,json,dns_cbor,binvec,1,0.2,lr,max_iter=5000,8207,9201,4393,68413,0.8493138537255859,0.6513492063492063,0.4714499080882353,0.5469874700079979
oscore,schc,,64,p1,json,dns_cbor,binvec,1,0.2,knn,algorithm=brute,8712,8696,5391,67415,0.8438490699891369,0.6177409061901723,0.5004595588235294,0.5529497635746248
oscore,schc,,64,p1,json,dns_cbor,binvec,1,0.2,svm,C=0.01,8105,9303,4247,68559,0.8498015829028753,0.6561690414507773,0.4655905330882353,0.5446908602150538
oscore,schc,,64,p1,json,dns_cbor,binvec,1,0.2,dt,,9086,8322,9607,63199,0.8012614450085352,0.48606430214518803,0.5219439338235294,0.5033655577407828
oscore,schc,,64,p1,json,dns_cbor,binvec,1,0.2,rf,"n_estimators=250,max_depth=9",8115,9293,3793,69013,0.8549449087724743,0.6814746388982197,0.4661649816176471,0.5536225951698731
