protocol,link_layer,blocksize,network_setup,data_format,dns_format,test_size,classifier,classifier_args,true_dns,false_dns,false_data,true_data,accuracy,precision,recall,f1_score
oscore,eth,1024,p1,json,dns_cbor,0.2,nb,,19938,4153,12972,13858,0.6636947428369435,0.6058340929808569,0.8276119712755801,0.6995666742688724
oscore,eth,1024,p1,json,dns_cbor,0.2,lr,max_iter=2800,20942,2980,5007,21992,0.8431491918854697,0.8070445874600177,0.8754284758799431,0.8398468047562712
oscore,eth,1024,p1,json,dns_cbor,0.2,knn,"algorithm=brute,n_jobs=-1",20569,3522,6467,20363,0.803833388975079,0.7608004142624648,0.8538043252666971,0.8046237799988265
oscore,eth,1024,p1,json,dns_cbor,0.2,dt,,18763,5328,5011,21819,0.7969599968578779,0.7892235214940692,0.778838570420489,0.7839966572652252
oscore,eth,1024,p1,json,dns_cbor,0.2,rf,"n_estimators=250,max_depth=9",22140,1951,5230,21600,0.8589776320182243,0.8089148702959444,0.919015399941887,0.8604574337848079
