protocol;link_layer;link_layer_mode;blocksize;network_setup;data_format;dns_format;randiv_pad;vector_type;k;classifier;classifier_args;job_id;fit_time;score_time;accuracy;precision;recall;f1_score;balanced_accuracy;roc_auc
oscore;eth;;1024;p1;cbor;dns_cbor;1;binvec;5;dt;;20833657;[166.76184344291687, 191.4519202709198, 167.0066237449646, 163.16688466072083, 164.84625720977783];[1.912445306777954, 2.1272335052490234, 1.953174352645874, 1.8550117015838623, 1.8329401016235352];[0.7717851996270239, 0.7710810180770128, 0.7952402144658487, 0.8018945896115456, 0.8055608536249391];[0.7731697902817687, 0.7724874533522069, 0.8115857226448215, 0.8135713336581477, 0.8190845133137412];[0.7668878679598434, 0.7661122218913515, 0.7670481133279449, 0.7813842685157613, 0.7825328625515804];[0.7700160170848905, 0.7692866296454507, 0.788688653661097, 0.797153024911032, 0.8003916023061025];[0.7717674137096515, 0.7710628677024325, 0.7951372323396482, 0.8018196680416645, 0.8054767353298442];[0.7717674137096514, 0.7710628677024326, 0.7951372323396481, 0.8018196680416643, 0.8054767353298442]
