protocol;link_layer;link_layer_mode;blocksize;network_setup;data_format;dns_format;randiv_pad;vector_type;k;classifier;classifier_args;job_id;fit_time;score_time;accuracy;precision;recall;f1_score;balanced_accuracy;roc_auc
oscore-base;eth;;1024;p2;cbor;dns_cbor;0;binvec;5;dt;;20833657;[41.0913245677948, 103.80150866508484, 98.0868673324585, 98.64957690238953, 106.79048347473145];[1.6862061023712158, 1.8521883487701416, 1.7080044746398926, 1.839104413986206, 1.729905128479004];[0.7567797511432521, 1.0, 1.0, 1.0, 1.0];[0.6727527687948945, 1.0, 1.0, 1.0, 1.0];[1.0, 1.0, 1.0, 1.0, 1.0];[0.8043660501958906, 1.0, 1.0, 1.0, 1.0];[0.7567745777853405, 1.0, 1.0, 1.0, 1.0];[0.7567745777853405, 1.0, 1.0, 1.0, 1.0]
