protocol,link_layer,link_layer_mode,blocksize,network_setup,data_format,dns_format,vector_type,run,test_size,classifier,classifier_args,true_dns,false_dns,false_data,true_data,accuracy,precision,recall,f1_score
oscore,schc,,64,d1,json,dns_cbor,binvec,1,0.2,nb,,7807,9803,11460,52546,0.7394751029209958,0.4052006020657082,0.44332765474162406,0.4234075439976137
oscore,schc,,64,d1,json,dns_cbor,binvec,1,0.2,lr,max_iter=5000,8147,9463,4415,59591,0.8299598118016075,0.648543225601019,0.4626348665530948,0.5400371205090813
oscore,schc,,64,d1,json,dns_cbor,binvec,1,0.2,knn,algorithm=brute,8995,8615,5536,58470,0.8266148794354048,0.619021402518753,0.5107893242475866,0.5597212283376373
oscore,schc,,64,d1,json,dns_cbor,binvec,1,0.2,svm,C=0.01,8254,9356,4331,59675,0.8323000392079984,0.655860150973381,0.4687109596819989,0.5467130319589336
oscore,schc,,64,d1,json,dns_cbor,binvec,1,0.2,dt,,9263,8347,9481,54525,0.7815624387375024,0.4941848058045241,0.526007950028393,0.5096000440116631
oscore,schc,,64,d1,json,dns_cbor,binvec,1,0.2,rf,"n_estimators=250,max_depth=9",8604,9006,4590,59416,0.8334150166633993,0.6521145975443383,0.4885860306643952,0.5586287495130503
