protocol,link_layer,blocksize,network_setup,data_format,dns_format,test_size,classifier,classifier_args,true_dns,false_dns,false_data,true_data,accuracy,precision,recall,f1_score
oscore-base,eth,1024,p2,cbor,dns_message,0.2,nb,,23390,693,11812,13265,0.745626525630594,0.66445088347253,0.9712245152182037,0.7890697478282871
oscore-base,eth,1024,p2,cbor,dns_message,0.2,lr,max_iter=2800,23017,989,2798,22356,0.9229658258746949,0.8916134030602363,0.9588019661751229,0.9239878765982217
oscore-base,eth,1024,p2,cbor,dns_message,0.2,knn,"algorithm=brute,n_jobs=-1",22423,1660,3249,21828,0.9001423921887713,0.8734418822062948,0.9310717103350912,0.9013365490905436
oscore-base,eth,1024,p2,cbor,dns_message,0.2,dt,,21662,2421,2319,22758,0.903580146460537,0.9032984446019766,0.8994726570609974,0.9013814913448736
oscore-base,eth,1024,p2,cbor,dns_message,0.2,rf,"n_estimators=250,max_depth=9",23691,392,3131,21946,0.9283360455655004,0.8832674670046976,0.9837229581032263,0.9307926529810431
