protocol,link_layer,link_layer_mode,blocksize,network_setup,data_format,dns_format,vector_type,run,test_size,classifier,classifier_args,true_dns,false_dns,false_data,true_data,accuracy,precision,recall,f1_score
oscore,schc,,1024,d2,cbor,dns_cbor,binvec,1,0.2,nb,,8812,2485,4604,16385,0.780431146627021,0.6568276684555754,0.7800300964857927,0.713146926718731
oscore,schc,,1024,d2,cbor,dns_cbor,binvec,1,0.2,lr,max_iter=5000,10446,851,467,20522,0.9591773524128105,0.9572070008247044,0.9246702664424183,0.9406573615488518
oscore,schc,,1024,d2,cbor,dns_cbor,binvec,1,0.2,knn,algorithm=brute,10260,1037,1500,19489,0.9214210493712445,0.8724489795918368,0.9082057183323006,0.8899683393329575
oscore,schc,,1024,d2,cbor,dns_cbor,binvec,1,0.2,svm,C=0.01,10417,880,415,20574,0.9598897354890664,0.9616875923190547,0.9221032132424537,0.9414795065298929
oscore,schc,,1024,d2,cbor,dns_cbor,binvec,1,0.2,dt,,10681,616,843,20146,0.9548101344235892,0.9268483165567512,0.9454722492697176,0.9360676569826037
oscore,schc,,1024,d2,cbor,dns_cbor,binvec,1,0.2,rf,"n_estimators=250,max_depth=9",9315,1982,163,20826,0.9335625348448244,0.9828022789618063,0.8245551916437992,0.8967509025270758
