protocol;link_layer;link_layer_mode;blocksize;network_setup;data_format;dns_format;randiv_pad;vector_type;k;classifier;classifier_args;job_id;fit_time;score_time;accuracy;precision;recall;f1_score;balanced_accuracy;roc_auc
oscore-base;schc;min_rules;64;d2;cbor;dns_message;0;binvec;5;knn;algorithm=brute;931197;[3.552931785583496, 1.876089334487915, 1.8686566352844238, 1.8876967430114746, 1.8830063343048096];[29.813377380371094, 29.306500911712646, 29.2470121383667, 29.28410315513611, 29.471086502075195];[0.7451241520940942, 0.9200323604455785, 0.9265853506752132, 0.9303877030306802, 0.9363930549505258];[0.7578777603175916, 0.9353927973474279, 0.9335523679782034, 0.935828195446797, 0.9399058213766512];[0.5562063732928679, 0.8647344461305008, 0.8838998482549317, 0.8913792318548082, 0.9026085373070911];[0.641566897710565, 0.8986768857138352, 0.9080478584512257, 0.9130630770665589, 0.92087968231114];[0.7163350676465394, 0.9116055393433388, 0.9200805286216108, 0.9244428730931687, 0.9312443473530001];[0.7823360995578277, 0.9654541812017652, 0.9709995737722921, 0.9737140457233865, 0.9763256352512052]
oscore-base;schc;min_rules;64;d2;cbor;dns_message;0;binvec;5;dt;;20833657;[25.400586128234863, 25.664771795272827, 25.252410650253296, 25.664034128189087, 25.27017641067505];[0.8843765258789062, 0.8354430198669434, 0.8339493274688721, 0.8349754810333252, 0.86224365234375];[1.0, 1.0, 1.0, 1.0, 1.0];[1.0, 1.0, 1.0, 1.0, 1.0];[1.0, 1.0, 1.0, 1.0, 1.0];[1.0, 1.0, 1.0, 1.0, 1.0];[1.0, 1.0, 1.0, 1.0, 1.0];[1.0, 1.0, 1.0, 1.0, 1.0]
oscore-base;schc;min_rules;64;d2;cbor;dns_message;0;binvec;5;rf;n_estimators=250,max_depth=9;931197;[12.058269500732422, 8.587091445922852, 8.62305235862732, 8.639209270477295, 8.6732816696167];[0.7723991870880127, 0.680203914642334, 0.6740360260009766, 0.6759817600250244, 0.8615720272064209];[0.7846723504885182, 0.9244943680378368, 0.935720953388512, 0.9358578629659593, 0.9417511979588027];[0.9305345401524113, 0.9801396653033523, 0.973533070879561, 0.9716942709747488, 0.9813058653273176];[0.5132625189681336, 0.8327617602427921, 0.8668285280728376, 0.8689054462131444, 0.8746263220989696];[0.6616006024508797, 0.900460247270102, 0.9170874238422823, 0.917429722736267, 0.9249001075148033];[0.7433123439866515, 0.9105152824845145, 0.925222471653256, 0.925654419470151, 0.9315214719650781];[0.8802237986021653, 0.9935330157983601, 0.9928725127712229, 0.9938049229048973, 0.994559761259025]
