protocol,link_layer,blocksize,network_setup,data_format,dns_format,test_size,classifier,classifier_args,true_data,false_data,false_dns,true_dns,accuracy,precision,recall,f1_score
oscore,eth,1024,d1,json,dns_message,0.2,nb,,6131,19195,2546,21621,0.5607257591982705,0.529718737749902,0.8946497289692555,0.6654355754581968
oscore,eth,1024,d1,json,dns_message,0.2,lr,max_iter=2400,20741,4585,2061,22106,0.8657183844179985,0.8282192499344349,0.9147184176769976,0.8693224271501042
oscore,eth,1024,d1,json,dns_message,0.2,knn,"algorithm=brute,n_jobs=-1",19357,5969,3533,20634,0.808013254399612,0.775626809006503,0.8538089129805106,0.8128422296631869
oscore,eth,1024,d1,json,dns_message,0.2,dt,,21133,4193,4446,19721,0.825450063645364,0.8246633771012796,0.8160301237224314,0.8203240365217029
oscore,eth,1024,d1,json,dns_message,0.2,rf,"n_estimators=250,max_depth=9",20566,4760,1197,22970,0.8796395449861597,0.8283447529751172,0.9504696486945008,0.8852149449871861
