protocol,link_layer,link_layer_mode,blocksize,network_setup,data_format,dns_format,vector_type,run,test_size,classifier,classifier_args,true_dns,false_dns,false_data,true_data,accuracy,precision,recall,f1_score
oscore,schc,peer_based,1024,d2,cbor,dns_cbor,binvec,1,0.2,nb,,8747,2483,5323,15732,0.7582158897320738,0.6216773276474769,0.7788958147818343,0.6914624505928854
oscore,schc,peer_based,1024,d2,cbor,dns_cbor,binvec,1,0.2,lr,max_iter=5000,8115,3115,2914,18141,0.8132569304630634,0.7357874693988575,0.7226179875333927,0.7291432678916393
oscore,schc,peer_based,1024,d2,cbor,dns_cbor,binvec,1,0.2,knn,algorithm=brute,8595,2635,3244,17811,0.8179030509524547,0.7259903708083453,0.7653606411398041,0.7451558368373141
oscore,schc,peer_based,1024,d2,cbor,dns_cbor,binvec,1,0.2,svm,C=0.01,8175,3055,2920,18135,0.8149295338392443,0.7368183866606579,0.7279608192341941,0.7323628219484882
oscore,schc,peer_based,1024,d2,cbor,dns_cbor,binvec,1,0.2,dt,,7867,3363,3533,17522,0.7864023540343813,0.6900877192982456,0.7005342831700802,0.695271763146266
oscore,schc,peer_based,1024,d2,cbor,dns_cbor,binvec,1,0.2,rf,"n_estimators=250,max_depth=9",8734,2496,2721,18334,0.8384079293789686,0.762461807071148,0.7777382012466607,0.7700242450958783
