protocol;link_layer;link_layer_mode;blocksize;network_setup;data_format;dns_format;randiv_pad;vector_type;k;classifier;classifier_args;job_id;fit_time;score_time;accuracy;precision;recall;f1_score;balanced_accuracy;roc_auc
oscore;schc;;64;d2;cbor;dns_message;1;binvec;5;knn;algorithm=brute;895868;[1.8536436557769775, 1.853128433227539, 1.8559505939483643, 1.8517377376556396, 1.8475937843322754];[29.29023838043213, 29.306122064590454, 29.257267713546753, 29.215420722961426, 29.24146842956543];[0.963071081787626, 0.9639798331880991, 0.9661645711440309, 0.9659402834575094, 0.9679383041099472];[0.9737553129295771, 0.9766711600983269, 0.9738706542524844, 0.9717100435590389, 0.9730710525496059];[0.9351745068285281, 0.9345068285280729, 0.9428072837632777, 0.944460462222492, 0.9480720496517397];[0.9540750373483811, 0.9551238804234035, 0.958087248839612, 0.9578914967295113, 0.9604089005034395];[0.958823006896746, 0.959491700460744, 0.9626077364363033, 0.9626692349103174, 0.9649129771264187];[0.9875325720244612, 0.98845222984862, 0.9898787840986029, 0.9902200276667037, 0.99102705376663]
oscore;schc;;64;d2;cbor;dns_message;1;binvec;5;dt;;20833657;[16.322527408599854, 16.20272970199585, 16.54543423652649, 16.335211277008057, 16.29551076889038];[0.7376995086669922, 0.737311840057373, 0.7580885887145996, 0.7358214855194092, 0.7367238998413086];[1.0, 1.0, 1.0, 1.0, 1.0];[1.0, 1.0, 1.0, 1.0, 1.0];[1.0, 1.0, 1.0, 1.0, 1.0];[1.0, 1.0, 1.0, 1.0, 1.0];[1.0, 1.0, 1.0, 1.0, 1.0];[1.0, 1.0, 1.0, 1.0, 1.0]
oscore;schc;;64;d2;cbor;dns_message;1;binvec;5;rf;n_estimators=250,max_depth=9;895868;[8.469825744628906, 8.475603342056274, 8.471665382385254, 8.452566623687744, 8.514019966125488];[0.6891772747039795, 0.6997020244598389, 0.691781759262085, 0.6924114227294922, 0.7084369659423828];[0.9853915100211627, 0.9873086020166811, 0.9862691397983319, 0.9855221307240802, 0.9867047597706945];[0.9900680125229407, 0.991518248849345, 0.9926368220771586, 0.9894372161059358, 0.9896634873826967];[0.9741578148710167, 0.9774203338391503, 0.9737481031866464, 0.9751134311598052, 0.9777993596260944];[0.9820484775242655, 0.9844188196816518, 0.9831017419147273, 0.982223105377396, 0.9836956521739131];[0.9836808491830812, 0.9858028220483215, 0.9843624433197901, 0.9839370448327519, 0.9853486034095014];[0.9996287109964251, 0.9996490535790122, 0.9995816084528858, 0.9995398634898842, 0.9995851759178318]
