protocol,link_layer,link_layer_mode,blocksize,network_setup,data_format,dns_format,vector_type,run,test_size,classifier,classifier_args,true_dns,false_dns,false_data,true_data,accuracy,precision,recall,f1_score
oscore,schc,,64,p1,cbor,dns_message,binvec,1,0.2,nb,,21286,6525,32730,30209,0.5674380165289257,0.3940684241706161,0.7653806047966631,0.5202683710755619
oscore,schc,,64,p1,cbor,dns_message,binvec,1,0.2,lr,max_iter=5000,21520,6291,3930,59009,0.8873719008264462,0.8455795677799607,0.7737945417280933,0.8080959801731098
oscore,schc,,64,p1,cbor,dns_message,binvec,1,0.2,knn,algorithm=brute,21675,6136,4219,58720,0.8858953168044077,0.8370665018923302,0.7793678760202798,0.8071874127176241
oscore,schc,,64,p1,cbor,dns_message,binvec,1,0.2,svm,C=0.01,21331,6480,3964,58975,0.8849146005509642,0.8432891875864795,0.7669986695911689,0.8033367227808534
oscore,schc,,64,p1,cbor,dns_message,binvec,1,0.2,dt,,22279,5532,6433,56506,0.8681542699724518,0.775947339091669,0.8010859012620906,0.7883162606372627
oscore,schc,,64,p1,cbor,dns_message,binvec,1,0.2,rf,"n_estimators=250,max_depth=9",20693,7118,2866,60073,0.8899834710743801,0.8783479774183963,0.7440581065046205,0.8056453182791512
