protocol;link_layer;link_layer_mode;blocksize;network_setup;data_format;dns_format;randiv_pad;vector_type;k;classifier;classifier_args;job_id;fit_time;score_time;accuracy;precision;recall;f1_score;balanced_accuracy;roc_auc
oscore;schc;;64;d1;json;dns_message;1;binvec;5;dt;;20833657;[124.92996287345886, 123.20007681846619, 123.32837343215942, 124.92664933204651, 128.11420512199402];[1.0132780075073242, 0.9483449459075928, 1.0821900367736816, 1.0092968940734863, 1.0092899799346924];[0.7418791799397455, 0.841229975172382, 0.8519090301619853, 0.8492880020276965, 0.8513790640337335];[0.7020094630576786, 0.7843305942033285, 0.7988075058732567, 0.79294329273687, 0.7909139714737591];[0.5561001517450683, 0.8023975720789074, 0.8152200303490137, 0.8160821863761211, 0.8271597444574272];[0.6205938883855617, 0.7932612250408797, 0.8069303212821245, 0.8043463629497237, 0.8086308949843493];[0.705828936936445, 0.8336945844368092, 0.8447896690149466, 0.8428442910487252, 0.8466792157573171];[0.7058289369364449, 0.8336945844368092, 0.8447896690149466, 0.842844291048725, 0.8466792157573171]
