protocol,link_layer,link_layer_mode,blocksize,network_setup,data_format,dns_format,vector_type,run,test_size,classifier,classifier_args,true_dns,false_dns,false_data,true_data,accuracy,precision,recall,f1_score
oscore,eth,,1024,p1,cbor,dns_message,binvec,1,0.2,nb,,8868,1147,4227,6094,0.7357395751376868,0.6772050400916381,0.8854717923115327,0.7674599740372133
oscore,eth,,1024,p1,cbor,dns_message,binvec,1,0.2,lr,max_iter=5000,8925,1090,2127,8194,0.8418076317859953,0.8075461454940283,0.891163255117324,0.8472967199886078
oscore,eth,,1024,p1,cbor,dns_message,binvec,1,0.2,knn,algorithm=brute,8954,1061,1948,8373,0.8520357985837923,0.8213171895065126,0.8940589116325511,0.856145718793326
oscore,eth,,1024,p1,cbor,dns_message,binvec,1,0.2,svm,C=0.01,8991,1024,2131,8190,0.8448564122738002,0.8083977701852185,0.8977533699450824,0.8507356767753229
oscore,eth,,1024,p1,cbor,dns_message,binvec,1,0.2,dt,,7735,2280,1924,8397,0.793273013375295,0.800807537012113,0.7723414877683474,0.786316966554844
oscore,eth,,1024,p1,cbor,dns_message,binvec,1,0.2,rf,"n_estimators=250,max_depth=9",9386,629,2480,7841,0.8471184107002361,0.7909994943536154,0.9371942086869696,0.8579132580777844
