protocol;link_layer;link_layer_mode;blocksize;network_setup;data_format;dns_format;randiv_pad;vector_type;k;classifier;classifier_args;job_id;fit_time;score_time;accuracy;precision;recall;f1_score;balanced_accuracy;roc_auc
oscore;eth;;1024;p2;cbor;dns_cbor;1;binvec;5;dt;;20833657;[147.34312057495117, 146.56798362731934, 145.37053632736206, 168.62173891067505, 163.42809867858887];[1.8455138206481934, 1.8586201667785645, 1.8585259914398193, 2.159119129180908, 1.952517032623291];[0.7702593879799949, 0.7663339479093818, 0.7928878716595672, 0.7989912475893785, 0.8050946235191896];[0.7726548710663395, 0.769277238403452, 0.8086014740248068, 0.8125167156993849, 0.8183962264150944];[0.763484771141739, 0.7584123877993789, 0.7654315735738291, 0.7754285957374399, 0.7823627004721998];[0.7680424503070372, 0.7638061779700955, 0.7864245285080531, 0.7935395398445833, 0.7999739011287762];[0.7702347842195181, 0.766305011467257, 0.7927875773274551, 0.7989051762470983, 0.8050115867225864];[0.7702347842195181, 0.766305011467257, 0.7927875773274551, 0.7989051762470984, 0.8050115867225863]
