protocol,link_layer,link_layer_mode,blocksize,network_setup,data_format,dns_format,vector_type,run,test_size,classifier,classifier_args,true_dns,false_dns,false_data,true_data,accuracy,precision,recall,f1_score
oscore,eth,,1024,p1,cbor,dns_cbor,binvec,1,0.2,nb,,8954,1078,5031,5273,0.6995967741935484,0.640257418662853,0.8925438596491229,0.7456385060582088
oscore,eth,,1024,p1,cbor,dns_cbor,binvec,1,0.2,lr,max_iter=5000,8710,1322,2312,7992,0.8213021243115657,0.790237706405371,0.8682216905901117,0.827396219245749
oscore,eth,,1024,p1,cbor,dns_cbor,binvec,1,0.2,knn,algorithm=brute,8833,1199,2144,8160,0.8356117230527144,0.8046825179921654,0.8804824561403509,0.8408777190727783
oscore,eth,,1024,p1,cbor,dns_cbor,binvec,1,0.2,svm,C=0.01,8768,1264,2355,7949,0.8220397324940991,0.7882765440978153,0.8740031897926634,0.8289293311273931
oscore,eth,,1024,p1,cbor,dns_cbor,binvec,1,0.2,dt,,7482,2550,2095,8209,0.771587332808812,0.7812467369740002,0.7458133971291866,0.7631189759804171
oscore,eth,,1024,p1,cbor,dns_cbor,binvec,1,0.2,rf,"n_estimators=250,max_depth=9",9316,716,2701,7603,0.8319728560188828,0.775235083631522,0.9286283891547049,0.8450269853508096
