protocol;link_layer;link_layer_mode;blocksize;network_setup;data_format;dns_format;randiv_pad;vector_type;k;classifier;classifier_args;job_id;fit_time;score_time;accuracy;precision;recall;f1_score;balanced_accuracy;roc_auc
oscore;eth;;1024;d2;json;dns_cbor;0;binvec;5;knn;algorithm=brute;931197;[8.018390893936157, 4.722065448760986, 4.720758676528931, 4.554259538650513, 4.725259780883789];[23.798640489578247, 23.506215572357178, 23.507672548294067, 23.483944416046143, 23.444941759109497];[0.9447835797086036, 0.9458459182371208, 0.9565448589781768, 0.9572255072956991, 0.9589271280895052];[0.9266710193422019, 0.929616724738676, 0.945533045499834, 0.9464567583284872, 0.9496873697373905];[0.9660115705291815, 0.9647339090483685, 0.9689028799931935, 0.9692857446717998, 0.9692006636321095];[0.9459324363727246, 0.9468498183791908, 0.9570753230381343, 0.9577352304491289, 0.9593448007242563];[0.9447831281837212, 0.9458459182371208, 0.9565448589781766, 0.9572255072956991, 0.9589271280895053];[0.9839762548981045, 0.9832088467400434, 0.9881340370905014, 0.9887036506156064, 0.98891377711282]
oscore;eth;;1024;d2;json;dns_cbor;0;binvec;5;dt;;20833657;[84.70584630966187, 67.00013065338135, 75.34787273406982, 69.24910807609558, 60.32003402709961];[2.034130334854126, 1.981755256652832, 1.9748735427856445, 1.9320881366729736, 1.8394882678985596];[1.0, 1.0, 1.0, 1.0, 1.0];[1.0, 1.0, 1.0, 1.0, 1.0];[1.0, 1.0, 1.0, 1.0, 1.0];[1.0, 1.0, 1.0, 1.0, 1.0];[1.0, 1.0, 1.0, 1.0, 1.0];[1.0, 1.0, 1.0, 1.0, 1.0]
oscore;eth;;1024;d2;json;dns_cbor;0;binvec;5;rf;n_estimators=250,max_depth=9;931197;[13.706228256225586, 6.803596496582031, 6.8239240646362305, 6.784371614456177, 6.821500062942505];[1.5933313369750977, 1.5085179805755615, 1.4762227535247803, 1.5282092094421387, 1.4782593250274658];[0.9069020525364245, 0.9099204492278896, 0.9298506827753436, 0.9340621942400136, 0.9340621942400136];[0.8636104458889269, 0.8674776904889024, 0.8966126310005103, 0.901728414504508, 0.9035077312453039];[0.9664369576314447, 0.967669204917684, 0.9717530948228187, 0.9743055260135279, 0.9719232569021994];[0.912134899126769, 0.9148384242594865, 0.9326718928629757, 0.9366130945078314, 0.9364675984752223];[0.9069007862135188, 0.9099204492278896, 0.9298506827753434, 0.9340621942400136, 0.9340621942400136];[0.9769346931866164, 0.9798750241795722, 0.9869399409676135, 0.9872940269583039, 0.9877546343600152]
