protocol;link_layer;link_layer_mode;blocksize;network_setup;data_format;dns_format;randiv_pad;vector_type;k;classifier;classifier_args;job_id;fit_time;score_time;accuracy;precision;recall;f1_score;balanced_accuracy;roc_auc
oscore;schc;min_rules;1024;d2;cbor;dns_message;1;binvec;5;dt;;20833657;[45.60417890548706, 46.30205249786377, 46.266390800476074, 45.54433846473694, 45.96605587005615];[0.3595459461212158, 0.3596198558807373, 0.36780595779418945, 0.36092591285705566, 0.35790467262268066];[0.8943046723804258, 0.8932817251866187, 0.8833010782416367, 0.8821244418640014, 0.8791661482740983];[0.8823473099751101, 0.8746628191455994, 0.859751552795031, 0.8585096138912186, 0.8587969500141203];[0.8747548244226511, 0.8821891806390383, 0.875798797848782, 0.8743435621638722, 0.8658335969629865];[0.878534663531804, 0.8784098784098784, 0.8677009873060649, 0.8663542466655173, 0.8623009184139637];[0.8921159341853004, 0.8920398395215815, 0.8824611470216166, 0.8812533936921156, 0.877673605670474];[0.8921159341853004, 0.8920398395215815, 0.8824611470216166, 0.8812533936921155, 0.877673605670474]
