protocol;link_layer;link_layer_mode;blocksize;network_setup;data_format;dns_format;randiv_pad;vector_type;k;classifier;classifier_args;job_id;fit_time;score_time;accuracy;precision;recall;f1_score;balanced_accuracy;roc_auc
oscore;eth;;64;p1;cbor;dns_message;0;binvec;5;dt;;20833657;[252.53260350227356, 263.90703415870667, 264.93934965133667, 265.9932084083557, 265.62908267974854];[4.032465696334839, 4.025400400161743, 4.024167537689209, 4.018736839294434, 4.12296199798584];[0.6803322108290136, 0.8402575453731381, 0.8554428847099776, 0.8507059839947532, 0.8574158274107193];[0.6330551327139433, 0.803755671693197, 0.822277546980218, 0.81379587104829, 0.8135929644600919];[0.5490288315629742, 0.8144764795144158, 0.8319726858877087, 0.8308623803092612, 0.8521373617202082];[0.5880555532981724, 0.8090805628622465, 0.8270967060651546, 0.8222405766631626, 0.8324192113845241];[0.6613650966628561, 0.8365334034492898, 0.8520525535315057, 0.8478394168417274, 0.856653310853414];[0.6613650966628563, 0.8365334034492897, 0.8520525535315058, 0.8478394168417273, 0.8566533108534139]
