protocol;link_layer;link_layer_mode;blocksize;network_setup;data_format;dns_format;randiv_pad;vector_type;k;classifier;classifier_args;job_id;fit_time;score_time;accuracy;precision;recall;f1_score;balanced_accuracy;roc_auc
oscore;eth;;1024;d2;cbor;dns_cbor;1;binvec;5;dt;;20833657;[58.214383602142334, 56.36249375343323, 55.711262941360474, 56.44973802566528, 57.53548717498779];[1.7570655345916748, 1.7632217407226562, 1.7567815780639648, 1.7575037479400635, 1.7541742324829102];[1.0, 1.0, 1.0, 1.0, 1.0];[1.0, 1.0, 1.0, 1.0, 1.0];[1.0, 1.0, 1.0, 1.0, 1.0];[1.0, 1.0, 1.0, 1.0, 1.0];[1.0, 1.0, 1.0, 1.0, 1.0];[1.0, 1.0, 1.0, 1.0, 1.0]
