protocol;link_layer;link_layer_mode;blocksize;network_setup;data_format;dns_format;randiv_pad;vector_type;k;classifier;classifier_args;job_id;fit_time;score_time;accuracy;precision;recall;f1_score;balanced_accuracy;roc_auc
oscore-base;eth;;1024;d2;json;dns_cbor;0;binvec;5;dt;;20833657;[82.63814091682434, 81.6790771484375, 80.57384371757507, 79.78875160217285, 80.81610894203186];[2.540663242340088, 2.551374912261963, 2.526336669921875, 2.4998323917388916, 2.490846633911133];[0.45540784855897054, 1.0, 1.0, 1.0, 1.0];[0.43000267165375367, 1.0, 1.0, 1.0, 1.0];[0.27386421643695763, 1.0, 1.0, 1.0, 1.0];[0.3346153846153846, 1.0, 1.0, 1.0, 1.0];[0.4554117100392131, 1.0, 1.0, 1.0, 1.0];[0.45541171003921305, 1.0, 1.0, 1.0, 1.0]
