protocol;link_layer;link_layer_mode;blocksize;network_setup;data_format;dns_format;randiv_pad;vector_type;k;classifier;classifier_args;job_id;fit_time;score_time;accuracy;precision;recall;f1_score;balanced_accuracy;roc_auc
oscore;schc;min_rules;1024;d2;json;dns_message;0;binvec;5;dt;;20833657;[50.78268551826477, 50.50214171409607, 51.5401566028595, 50.18586778640747, 49.577850341796875];[0.42618751525878906, 0.4161527156829834, 0.4263424873352051, 0.418041467666626, 0.412050724029541];[0.9109379128137385, 0.9138573315719947, 0.9171994715984148, 0.9169209632888149, 0.918149513203609];[0.8891427498356859, 0.8905111761409625, 0.8918267000649411, 0.8908855131530197, 0.8976340990173374];[0.8987630105349742, 0.904963776139707, 0.9123667309943371, 0.9128412793824544, 0.9074601366742597];[0.8939269981120201, 0.8976793083428787, 0.901979795452413, 0.9017297685829023, 0.9025203738082502];[0.909214577776616, 0.912598465149076, 0.9165154060496623, 0.9163435246991656, 0.9166363303860741];[0.909214577776616, 0.9125984651490759, 0.9165154060496623, 0.9163435246991655, 0.9166363303860742]
