protocol,link_layer,link_layer_mode,blocksize,network_setup,data_format,dns_format,vector_type,run,test_size,classifier,classifier_args,true_dns,false_dns,false_data,true_data,accuracy,precision,recall,f1_score
oscore,schc,,1024,p1,cbor,dns_message,binvec,1,0.2,nb,,6881,7001,4056,18889,0.6997583294865181,0.6291487610862211,0.4956778562166835,0.5544945404730247
oscore,schc,,1024,p1,cbor,dns_message,binvec,1,0.2,lr,max_iter=5000,9139,4743,3998,18947,0.7626469709723844,0.6956687219304255,0.6583345339288287,0.6764869166142344
oscore,schc,,1024,p1,cbor,dns_message,binvec,1,0.2,knn,algorithm=brute,10236,3646,4677,18268,0.7739973389089527,0.6863810098571715,0.7373577294337992,0.7109567633269664
oscore,schc,,1024,p1,cbor,dns_message,binvec,1,0.2,svm,C=0.01,8884,4998,3884,19061,0.7588182583430635,0.6958020050125313,0.6399654228497335,0.6667166979362101
oscore,schc,,1024,p1,cbor,dns_message,binvec,1,0.2,dt,,9378,4504,4480,18465,0.7560485513346186,0.6767210275653053,0.6755510733323729,0.6761355443403028
oscore,schc,,1024,p1,cbor,dns_message,binvec,1,0.2,rf,"n_estimators=250,max_depth=9",8100,5782,2058,20887,0.7871127162136476,0.7974010632014176,0.5834894107477309,0.6738768718801996
