protocol,link_layer,link_layer_mode,blocksize,network_setup,data_format,dns_format,vector_type,run,test_size,classifier,classifier_args,true_dns,false_dns,false_data,true_data,accuracy,precision,recall,f1_score
oscore-base,schc,peer_based,1024,d2,cbor,dns_message,binvec,1,0.2,nb,,7799,5410,4500,16447,0.7098606394191357,0.6341165948451094,0.5904307669013551,0.6114944331190215
oscore-base,schc,peer_based,1024,d2,cbor,dns_message,binvec,1,0.2,lr,max_iter=5000,10464,2745,2458,18489,0.8476695163368075,0.8097817675282464,0.7921871451283216,0.800887834372967
oscore-base,schc,peer_based,1024,d2,cbor,dns_message,binvec,1,0.2,knn,algorithm=brute,11690,1519,2909,18038,0.8703595268766835,0.800739776697034,0.885002649708532,0.840765247410817
oscore-base,schc,peer_based,1024,d2,cbor,dns_message,binvec,1,0.2,svm,C=0.01,10380,2829,2467,18480,0.8449467150720225,0.8079707324667238,0.785827844651374,0.7967454712926005
oscore-base,schc,peer_based,1024,d2,cbor,dns_message,binvec,1,0.2,dt,,11980,1229,1480,19467,0.9206874341257758,0.8900445765230312,0.9069573775456128,0.8984213881285388
oscore-base,schc,peer_based,1024,d2,cbor,dns_message,binvec,1,0.2,rf,"n_estimators=250,max_depth=9",11137,2072,919,20028,0.9124311980325565,0.9237723954877239,0.8431372549019608,0.8816148822481694
