protocol;link_layer;link_layer_mode;blocksize;network_setup;data_format;dns_format;randiv_pad;vector_type;k;classifier;classifier_args;job_id;fit_time;score_time;accuracy;precision;recall;f1_score;balanced_accuracy;roc_auc
oscore-base;eth;;64;p2;cbor;dns_cbor;0;binvec;5;dt;;20833657;[295.207195520401, 301.69229650497437, 301.2458927631378, 301.19428610801697, 300.7106018066406];[4.5002264976501465, 4.495372533798218, 4.487096309661865, 4.492113828659058, 4.494273900985718];[0.5543357267281301, 0.802676636784637, 0.8094574499723839, 0.787209816117739, 0.7817205397505184];[0.36768466251748927, 0.724065982620649, 0.7291466230517606, 0.693905000117983, 0.6702097841788663];[0.36747191282125463, 0.7111480784994455, 0.7308693765369594, 0.7089953468187188, 0.749451503242761];[0.36757825688515894, 0.7175488955920989, 0.7300069834083849, 0.701369013547033, 0.7076191126590635];[0.5117570043458564, 0.7818209719461942, 0.7915503994236229, 0.769387381703873, 0.7743675168135544];[0.5117570043458564, 0.7818209719461943, 0.7915503994236229, 0.7693873817038731, 0.7743675168135544]
