protocol;link_layer;link_layer_mode;blocksize;network_setup;data_format;dns_format;randiv_pad;vector_type;k;classifier;classifier_args;job_id;fit_time;score_time;accuracy;precision;recall;f1_score;balanced_accuracy;roc_auc
oscore;eth;;1024;p2;cbor;dns_cbor;0;binvec;5;dt;;20833657;[106.58410477638245, 105.93778276443481, 107.65689516067505, 105.29618263244629, 106.70758628845215];[1.8402090072631836, 1.8331389427185059, 1.8498272895812988, 1.8214962482452393, 1.8223390579223633];[0.7550012715097059, 0.7379362960137326, 0.797253480831585, 0.7708267107466039, 0.8069595439421875];[0.7677138887643974, 0.7625241528818512, 0.8147295222613564, 0.8200292471383188, 0.8403138886262645];[0.7286881061766207, 0.6883056110945676, 0.7675585995660867, 0.69179393372187, 0.756200280767431];[0.7476921062394972, 0.7235165228278854, 0.7904409348783212, 0.7504730259818173, 0.7960412888202235];[0.7549057084937157, 0.7377550014932297, 0.7971450092425028, 0.7705380141582323, 0.806774126870202];[0.7549057084937159, 0.7377550014932297, 0.7971450092425028, 0.7705380141582323, 0.8067741268702019]
