protocol;link_layer;link_layer_mode;blocksize;network_setup;data_format;dns_format;randiv_pad;vector_type;k;classifier;classifier_args;job_id;fit_time;score_time;accuracy;precision;recall;f1_score;balanced_accuracy;roc_auc
oscore;eth;;1024;d1;json;dns_cbor;1;binvec;5;dt;;20833657;[131.23874187469482, 122.89209270477295, 151.74765515327454, 149.8994631767273, 145.60666608810425];[1.873302936553955, 2.0172245502471924, 2.01786470413208, 2.0714430809020996, 2.002192974090576];[0.7621610124428374, 0.7629429531628876, 0.785361807121283, 0.7945930999276811, 0.7931041817331008];[0.7652121525088218, 0.7669056049745229, 0.8019989195029714, 0.8079146287238773, 0.8087470872916294];[0.7564233452441722, 0.7555196324499085, 0.7578168205215468, 0.7729612455864211, 0.7677713021653124];[0.76079236726137, 0.7611700417872067, 0.7792821365296704, 0.790051525099463, 0.7877266874713572];[0.7621611344845101, 0.7629429531628876, 0.785361807121283, 0.7945930999276811, 0.7931041817331008];[0.7621611344845101, 0.7629429531628876, 0.785361807121283, 0.7945930999276811, 0.7931041817331008]
