protocol;link_layer;link_layer_mode;blocksize;network_setup;data_format;dns_format;randiv_pad;vector_type;k;classifier;classifier_args;job_id;fit_time;score_time;accuracy;precision;recall;f1_score;balanced_accuracy;roc_auc
oscore-base;schc;;64;d1;cbor;dns_cbor;0;binvec;5;dt;;20833657;[80.89210200309753, 81.89725065231323, 81.99411749839783, 82.2205548286438, 86.47741961479187];[0.7125794887542725, 0.6809663772583008, 0.6725513935089111, 0.6726586818695068, 0.6814064979553223];[0.6650493962678375, 0.7158068057080131, 0.7090889132821075, 0.71273847594933, 0.7023102986483618];[0.44664151359092286, 0.5314814814814814, 0.5204475161327274, 0.5287421369958427, 0.5100402932822511];[0.3871013939278213, 0.6165413533834586, 0.6506743048096432, 0.5798305287027091, 0.7372240124119823];[0.4147454831408953, 0.5708602685231228, 0.5783204098734527, 0.5531091327216011, 0.6029418941738002];[0.5875235107765202, 0.6881187058194798, 0.692795334031121, 0.6756667893529376, 0.7120486948945953];[0.5875235107765202, 0.6881187058194799, 0.692795334031121, 0.6756667893529376, 0.7120486948945953]
