protocol;link_layer;link_layer_mode;blocksize;network_setup;data_format;dns_format;randiv_pad;vector_type;k;classifier;classifier_args;job_id;fit_time;score_time;accuracy;precision;recall;f1_score;balanced_accuracy;roc_auc
oscore;eth;;64;p2;cbor;dns_cbor;1;binvec;5;dt;;20833657;[363.72079586982727, 370.14222598075867, 369.85090494155884, 355.1828439235687, 363.9185428619385];[3.5711514949798584, 3.4832112789154053, 3.3891382217407227, 3.4080605506896973, 3.409996509552002];[0.6934926544352052, 0.7415713638153837, 0.7565745963097547, 0.744958014416289, 0.7459091922419558];[0.5077711521421558, 0.579719559179285, 0.6076334079396867, 0.5901023078753271, 0.592301423709314];[0.5060864999045255, 0.6177586824203366, 0.6156104547081991, 0.5920038190714882, 0.5898555913593507];[0.5069274263923589, 0.5981349449381204, 0.6115959212710458, 0.5910515341078344, 0.5910759773730222];[0.6421503446379924, 0.7076503283049933, 0.7179545648309005, 0.7030534336792564, 0.7031554730468186];[0.6421503446379925, 0.7076503283049933, 0.7179545648309005, 0.7030534336792564, 0.7031554730468187]
