protocol,link_layer,blocksize,network_setup,data_format,dns_format,test_size,classifier,classifier_args,true_data,false_data,false_dns,true_dns,accuracy,precision,recall,f1_score
oscore,eth,1024,d1,cbor,dns_message,0.2,nb,,22132,2014,12051,12963,0.713893409275834,0.8655271416171463,0.5182297913168625,0.6482958665699783
oscore,eth,1024,d1,cbor,dns_message,0.2,knn,"algorithm=brute,n_jobs=-1",20881,3265,4814,20200,0.8356590724165989,0.8608565949286171,0.8075477732469817,0.8333505229068257
oscore,eth,1024,d1,cbor,dns_message,0.2,dt,,20015,4131,3902,21112,0.8365947925142392,0.8363506714732797,0.8440073558807069,0.8401615695326025
oscore,eth,1024,d1,cbor,dns_message,0.2,rf,"n_estimators=250,max_depth=9",22972,1174,4547,20467,0.8836248982912938,0.9457511205581998,0.8182217957943552,0.8773764869788876
oscore,eth,1024,d1,cbor,dns_message,0.2,lr,max_iter=2400,22145,2168,4601,20246,0.862306753458096,0.9032747390024092,0.8148267396466374,0.8567740843401536
