protocol;link_layer;link_layer_mode;blocksize;network_setup;data_format;dns_format;randiv_pad;vector_type;k;classifier;classifier_args;job_id;fit_time;score_time;accuracy;precision;recall;f1_score;balanced_accuracy;roc_auc
oscore-base;eth;;1024;p1;json;dns_cbor;0;binvec;5;dt;;20833657;[222.0027186870575, 219.9088065624237, 240.9444704055786, 235.1686544418335, 224.58892464637756];[2.494966983795166, 2.549280881881714, 2.4742953777313232, 2.472149610519409, 2.5576531887054443];[0.7891949377858131, 1.0, 0.9999574594801548, 0.9999361892202323, 0.9999787297400774];[0.9997794604131441, 1.0, 0.9999574594801548, 1.0, 0.9999574612897737];[0.5785264590777608, 1.0, 0.9999574594801548, 0.9998723784404645, 1.0];[0.7329363261566652, 1.0, 0.9999574594801548, 0.9999361851481569, 0.9999787301924917];[0.7891994187591127, 1.0, 0.9999574594801548, 0.9999361892202323, 0.9999787297400774];[0.7891994187591126, 1.0, 0.9999574594801547, 0.9999361892202323, 0.9999787297400774]
