protocol;link_layer;link_layer_mode;blocksize;network_setup;data_format;dns_format;randiv_pad;vector_type;k;classifier;classifier_args;job_id;fit_time;score_time;accuracy;precision;recall;f1_score;balanced_accuracy;roc_auc
oscore;schc;;1024;d1;json;dns_cbor;1;binvec;5;dt;;20833657;[63.97586131095886, 58.69384145736694, 56.75903367996216, 56.362224817276, 56.75651717185974];[0.44800376892089844, 0.40508508682250977, 0.4018898010253906, 0.3953216075897217, 0.38337135314941406];[0.6479885057471264, 0.6529105496756572, 0.6536502788209856, 0.6553004438374872, 0.6415392275410768];[0.5277767273002307, 0.5343658878327716, 0.5348602600508146, 0.537856215142486, 0.5186190703305573];[0.5323872739757382, 0.538300144960708, 0.5461030786251097, 0.5371380612673101, 0.5392744058291687];[0.5300719752359611, 0.5363258014860987, 0.540423202521849, 0.5374968983222309, 0.5287450907050683];[0.6245598635656106, 0.6296827161898046, 0.6318519839283931, 0.631350601760847, 0.6208122857148203];[0.6245598635656104, 0.6296827161898045, 0.631851983928393, 0.6313506017608469, 0.6208122857148203]
