protocol;link_layer;link_layer_mode;blocksize;network_setup;data_format;dns_format;randiv_pad;vector_type;k;classifier;classifier_args;job_id;fit_time;score_time;accuracy;precision;recall;f1_score;balanced_accuracy;roc_auc
oscore-base;schc;peer_based;64;d2;cbor;dns_cbor;0;binvec;5;dt;;20833657;[74.10666966438293, 76.33636856079102, 76.10732316970825, 75.97413492202759, 77.69593596458435];[0.6726138591766357, 0.6624524593353271, 0.6516189575195312, 0.6785309314727783, 0.6689369678497314];[0.6182983768277154, 0.6427630519737131, 0.6988693329430276, 0.7034871382048373, 0.639847780745728];[0.36826700898587933, 0.4394151637191385, 0.5058202047590108, 0.5202861853727476, 0.4480830897585062];[0.34237158678632806, 0.5989974937343359, 0.7747941281775869, 0.42179257667979475, 0.7537892349922425];[0.3548474878163422, 0.5069440937326397, 0.6120601878040502, 0.4658906655769256, 0.5620567218103993];[0.5413388276939556, 0.6305559388756956, 0.7200461406059439, 0.6249173965193169, 0.6716281267309497];[0.5413388276939555, 0.6305559388756955, 0.7200461406059437, 0.6249173965193169, 0.6716281267309496]
