protocol,link_layer,link_layer_mode,blocksize,network_setup,data_format,dns_format,vector_type,run,test_size,classifier,classifier_args,true_dns,false_dns,false_data,true_data,accuracy,precision,recall,f1_score
oscore-base,eth,,1024,p1,cbor,dns_message,binvec,1,0.2,nb,,9245,806,4081,6031,0.7576253533700342,0.6937565661113613,0.9198089742314197,0.7909483680540702
oscore-base,eth,,1024,p1,cbor,dns_message,binvec,1,0.2,lr,max_iter=5000,10048,3,2,10110,0.9997520210286168,0.9998009950248756,0.9997015222365934,0.9997512561564101
oscore-base,eth,,1024,p1,cbor,dns_message,binvec,1,0.2,knn,algorithm=brute,9630,421,1239,8873,0.9176709815007688,0.8860060723157605,0.9581136205352702,0.9206500956022945
oscore-base,eth,,1024,p1,cbor,dns_message,binvec,1,0.2,svm,C=0.01,10047,4,2,10110,0.9997024252343402,0.9998009752214151,0.9996020296487912,0.9997014925373134
oscore-base,eth,,1024,p1,cbor,dns_message,binvec,1,0.2,dt,,10050,1,1,10111,0.9999008084114467,0.9999005074121978,0.9999005074121978,0.9999005074121978
oscore-base,eth,,1024,p1,cbor,dns_message,binvec,1,0.2,rf,"n_estimators=250,max_depth=9",9807,244,1992,8120,0.8891038039974211,0.8311721332316298,0.9757238085762611,0.8976659038901602
