protocol;link_layer;link_layer_mode;blocksize;network_setup;data_format;dns_format;randiv_pad;vector_type;k;classifier;classifier_args;job_id;fit_time;score_time;accuracy;precision;recall;f1_score;balanced_accuracy;roc_auc
oscore;eth;;64;p1;json;dns_message;0;binvec;5;knn;algorithm=brute;895868;[55.369197368621826, 61.04901456832886, 15.822686195373535, 11.485820293426514, 16.33348298072815];[202.44730591773987, 205.31517457962036, 197.04502248764038, 193.22750234603882, 550.2153549194336];[0.7712678751670099, 0.8837429111531191, 0.9013162500875166, 0.9000793484095312, 0.9050094517958412];[0.7738837820091924, 0.8620342079566573, 0.8874248655488769, 0.8841180084111708, 0.8810555094768532];[0.5723216995447648, 0.8305614567526556, 0.8513353566009104, 0.8517579932927662, 0.8704532693971077];[0.6580131895739558, 0.8460052243535249, 0.8690055762081784, 0.8676363748782712, 0.8757223006755467];[0.7339318764366477, 0.8737625665502871, 0.8919365415748921, 0.8910107065528259, 0.898524169225602];[0.781083575893815, 0.9387588036333433, 0.9515103574466875, 0.9508907107150453, 0.9548883603314209]
oscore;eth;;64;p1;json;dns_message;0;binvec;5;dt;;20937591;[584.2032458782196, 999.5572493076324, 949.4498310089111, 904.646886587143, 706.8284802436829];[5.392922639846802, 5.947827577590942, 5.46188497543335, 6.12136173248291, 5.402468204498291];[0.7376150107644824, 0.8495647506359542, 0.8614495087399939, 0.860685196854069, 0.8682407990851595];[0.641275584597937, 0.7985176806762709, 0.8190943361947586, 0.8098299736038813, 0.8133844595572276];[0.7207587253414264, 0.8141729893778452, 0.8209711684370258, 0.8333510371932806, 0.8530174964718736];[0.6786979881115683, 0.8062693475190094, 0.8200316784260824, 0.8214221610625823, 0.8327296698738602];[0.7344516111706705, 0.8429229245061669, 0.8538531052619648, 0.8555552971685428, 0.8653837873365747];[0.7344516111706706, 0.8429229245061668, 0.8538531052619648, 0.8555552971685428, 0.8653837873365748]
