protocol,link_layer,link_layer_mode,blocksize,network_setup,data_format,dns_format,vector_type,run,test_size,classifier,classifier_args,true_dns,false_dns,false_data,true_data,accuracy,precision,recall,f1_score
oscore,eth,,1024,d1,cbor,dns_cbor,binvec,1,0.2,nb,,9013,1146,5073,4932,0.6915790517754414,0.6398551753514128,0.887193621419431,0.7434935038152196
oscore,eth,,1024,d1,cbor,dns_cbor,binvec,1,0.2,lr,max_iter=5000,9072,1087,1667,8338,0.8634199563578655,0.8447713939845424,0.8930012796535092,0.8682170542635659
oscore,eth,,1024,d1,cbor,dns_cbor,binvec,1,0.2,knn,algorithm=brute,8955,1204,2099,7906,0.836193215631819,0.8101139858874615,0.8814843980706762,0.8442935935511243
oscore,eth,,1024,d1,cbor,dns_cbor,binvec,1,0.2,svm,C=0.01,9059,1100,1772,8233,0.8575679428684785,0.8363955313452128,0.8917216261443055,0.8631729394949976
oscore,eth,,1024,d1,cbor,dns_cbor,binvec,1,0.2,dt,,8766,1393,1191,8814,0.8718508232493553,0.8803856583308225,0.8628802047445615,0.8715450387751044
oscore,eth,,1024,d1,cbor,dns_cbor,binvec,1,0.2,rf,"n_estimators=250,max_depth=9",9446,713,2649,7356,0.8332672088871256,0.7809838776353866,0.9298159267644454,0.8489260357688505
