protocol;link_layer;link_layer_mode;blocksize;network_setup;data_format;dns_format;randiv_pad;vector_type;k;classifier;classifier_args;job_id;fit_time;score_time;accuracy;precision;recall;f1_score;balanced_accuracy;roc_auc
oscore;eth;;64;d2;json;dns_cbor;1;binvec;5;dt;;20833657;[210.27254176139832, 218.82371044158936, 218.68122935295105, 218.78786420822144, 219.09801173210144];[3.8519887924194336, 3.732819080352783, 3.7817649841308594, 3.870694398880005, 3.7566721439361572];[1.0, 1.0, 1.0, 1.0, 1.0];[1.0, 1.0, 1.0, 1.0, 1.0];[1.0, 1.0, 1.0, 1.0, 1.0];[1.0, 1.0, 1.0, 1.0, 1.0];[1.0, 1.0, 1.0, 1.0, 1.0];[1.0, 1.0, 1.0, 1.0, 1.0]
