protocol;link_layer;link_layer_mode;blocksize;network_setup;data_format;dns_format;randiv_pad;vector_type;k;classifier;classifier_args;job_id;fit_time;score_time;accuracy;precision;recall;f1_score;balanced_accuracy;roc_auc
oscore-base;schc;;64;p2;json;dns_cbor;0;binvec;5;dt;;20833657;[103.78018283843994, 104.9714584350586, 103.25010561943054, 97.99537181854248, 105.57606434822083];[0.9818899631500244, 0.9647159576416016, 0.9700777530670166, 0.9740617275238037, 0.9816529750823975];[0.7766588122289093, 0.8126491467679239, 0.7939635894280268, 0.783007399180537, 0.7613633805353565];[0.6451365145433824, 0.6931228070175438, 0.661187235607872, 0.6324546604808098, 0.5873623397725222];[0.6277785814166547, 0.7143787067843194, 0.693355513766334, 0.7230580066541299, 0.7843676165678191];[0.6363391984359726, 0.7035902550220829, 0.6768894014639772, 0.6747283403451146, 0.6717182144774332];[0.7358603083592317, 0.785719534259451, 0.7663933812021908, 0.7665791231788845, 0.7676673066876838];[0.7358603083592317, 0.785719534259451, 0.7663933812021908, 0.7665791231788845, 0.7676673066876838]
