protocol,link_layer,link_layer_mode,blocksize,network_setup,data_format,dns_format,vector_type,run,test_size,classifier,classifier_args,true_dns,false_dns,false_data,true_data,accuracy,precision,recall,f1_score
oscore,schc,,1024,p2,json,dns_cbor,binvec,1,0.2,nb,,8990,2382,5389,19624,0.7864229765013054,0.6252173308296822,0.7905381639113612,0.698225311638383
oscore,schc,,1024,p2,json,dns_cbor,binvec,1,0.2,lr,max_iter=5000,8210,3162,2780,22233,0.8366909440703587,0.7470427661510464,0.7219486457966936,0.734281370181558
oscore,schc,,1024,p2,json,dns_cbor,binvec,1,0.2,knn,algorithm=brute,8432,2940,3107,21906,0.8338051394805551,0.7307392321691655,0.7414702778754837,0.7360656453232072
oscore,schc,,1024,p2,json,dns_cbor,binvec,1,0.2,svm,C=0.01,8338,3034,2786,22227,0.840043974165178,0.7495505213951816,0.7332043615898699,0.7412873399715505
oscore,schc,,1024,p2,json,dns_cbor,binvec,1,0.2,dt,,7719,3653,3778,21235,0.7957674866016216,0.6713925371836131,0.6787724234963067,0.6750623114259477
oscore,schc,,1024,p2,json,dns_cbor,binvec,1,0.2,rf,"n_estimators=250,max_depth=9",8535,2837,2460,22553,0.8544180294077229,0.7762619372442019,0.7505276116778051,0.7631778960075111
