protocol;link_layer;link_layer_mode;blocksize;network_setup;data_format;dns_format;randiv_pad;vector_type;k;classifier;classifier_args;job_id;fit_time;score_time;accuracy;precision;recall;f1_score;balanced_accuracy;roc_auc
oscore-base;schc;peer_based;64;d2;json;dns_cbor;0;binvec;5;dt;;20833657;[137.1576738357544, 127.02636051177979, 145.64383745193481, 143.89965796470642, 128.4919023513794];[1.1143138408660889, 1.106412649154663, 1.0734784603118896, 1.0653541088104248, 1.0293021202087402];[0.6983059459025819, 0.6453049163669425, 0.798597415447149, 0.8160327849125223, 0.775706807682794];[0.46271514927783675, 0.40861676519232976, 0.6229395173926668, 0.6755733580831889, 0.5744278553718272];[0.4786853160206225, 0.5956080677885189, 0.7117078410311493, 0.6602219835302542, 0.7686597445995942];[0.4705647715807504, 0.4847030943454867, 0.6643716577540107, 0.6678094594268331, 0.6574992853934419];[0.6312181107153982, 0.6301236267884807, 0.772054726562786, 0.7684363079622186, 0.7735540982901765];[0.6312181107153984, 0.6301236267884807, 0.772054726562786, 0.7684363079622185, 0.7735540982901765]
