protocol,link_layer,link_layer_mode,blocksize,network_setup,data_format,dns_format,vector_type,run,test_size,classifier,classifier_args,true_dns,false_dns,false_data,true_data,accuracy,precision,recall,f1_score
oscore-base,schc,peer_based,64,d2,json,dns_message,binvec,1,0.2,nb,,19749,7701,17724,46517,0.722709971534829,0.527019454006885,0.7194535519125683,0.6083822374197125
oscore-base,schc,peer_based,64,d2,json,dns_message,binvec,1,0.2,lr,max_iter=5000,19683,7767,4371,59870,0.8676205952601673,0.8182838613120479,0.7170491803278689,0.7643289841565704
oscore-base,schc,peer_based,64,d2,json,dns_message,binvec,1,0.2,knn,algorithm=brute,22327,5123,2557,61684,0.9162404161804321,0.8972432084873815,0.8133697632058288,0.8532502770665342
oscore-base,schc,peer_based,64,d2,json,dns_message,binvec,1,0.2,svm,C=0.01,19295,8155,4164,60077,0.8656465738185863,0.822498827742018,0.7029143897996357,0.7580192107485906
oscore-base,schc,peer_based,64,d2,json,dns_message,binvec,1,0.2,dt,,24095,3355,4182,60059,0.9178000021812391,0.8521059518336457,0.8777777777777778,0.8647513772498071
oscore-base,schc,peer_based,64,d2,json,dns_message,binvec,1,0.2,rf,"n_estimators=250,max_depth=9",18752,8698,3338,60903,0.8687330272327709,0.8488909008601176,0.6831329690346084,0.7570448122729108
