protocol;link_layer;link_layer_mode;blocksize;network_setup;data_format;dns_format;randiv_pad;vector_type;k;classifier;classifier_args;job_id;fit_time;score_time;accuracy;precision;recall;f1_score;balanced_accuracy;roc_auc
oscore;eth;;1024;p1;json;dns_cbor;1;binvec;5;dt;;20833657;[193.82296681404114, 174.88201069831848, 167.60193133354187, 169.11913132667542, 194.935227394104];[1.9253571033477783, 1.9662554264068604, 1.9723234176635742, 1.9780302047729492, 1.968975305557251];[0.7543807606738002, 0.7587032524631847, 0.7822862591376205, 0.7872656001695095, 0.7906346011230003];[0.7574762316335351, 0.7600755397227349, 0.7984751421095372, 0.7999465455031405, 0.8046141464723241];[0.7456185128466905, 0.7533500659378057, 0.7529246607393543, 0.7639426553792488, 0.7655591951333646];[0.751500600240096, 0.7566978592488143, 0.7750312000525474, 0.7815301592827922, 0.7846009635297452];[0.7543476530121914, 0.7586828006149684, 0.782174083155898, 0.7871764948628767, 0.7905388005386512];[0.7543476530121913, 0.7586828006149684, 0.7821740831558979, 0.7871764948628767, 0.7905388005386513]
