protocol;link_layer;link_layer_mode;blocksize;network_setup;data_format;dns_format;randiv_pad;vector_type;k;classifier;classifier_args;job_id;fit_time;score_time;accuracy;precision;recall;f1_score;balanced_accuracy;roc_auc
oscore-base;schc;;1024;d2;json;dns_message;0;binvec;5;dt;;20833657;[55.83819794654846, 61.04554486274719, 58.086036682128906, 58.743021726608276, 57.59827375411987];[0.47173213958740234, 0.4634993076324463, 0.46148157119750977, 0.48040270805358887, 0.4689621925354004];[0.847361535106847, 0.9112042078553682, 0.9180234709520537, 0.9176930802981446, 0.9188164085214358];[0.8593497974837808, 0.8844323589394969, 0.8942074874278264, 0.890149767813759, 0.8985502708457275];[0.758678522831556, 0.9057308313028068, 0.9115534318534224, 0.9159520268345939, 0.908132911392405];[0.8058823529411765, 0.8949548957991339, 0.9027971480059547, 0.9028665897251942, 0.9033161779750382];[0.8348171592100959, 0.9104300331656431, 0.9171083246134837, 0.9174468192357098, 0.9173050869025201];[0.8348171592100959, 0.910430033165643, 0.9171083246134836, 0.9174468192357098, 0.91730508690252]
