protocol;link_layer;link_layer_mode;blocksize;network_setup;data_format;dns_format;randiv_pad;vector_type;k;classifier;classifier_args;job_id;fit_time;score_time;accuracy;precision;recall;f1_score;balanced_accuracy;roc_auc
oscore-base;schc;peer_based;1024;d2;json;dns_message;0;binvec;5;dt;;20833657;[72.23995995521545, 76.5063693523407, 74.01707053184509, 72.21288990974426, 72.03808236122131];[0.5536313056945801, 0.6091752052307129, 0.5767967700958252, 0.5554981231689453, 0.5439803600311279];[0.8356582792315117, 0.871662986420553, 0.9138954633804492, 0.9122943883217856, 0.9147273496588565];[0.8515567631076516, 0.8675022682213784, 0.8900715841892313, 0.885966269534272, 0.8965691380235458];[0.7344437759270401, 0.8175053041578264, 0.9056305022484008, 0.9066438659826461, 0.8995503198429287];[0.7886763580719204, 0.8417620398447944, 0.89778363784768, 0.8961858106521842, 0.8980572548647666];[0.8213308550463805, 0.8639966929415692, 0.9127253553216079, 0.911494464205852, 0.9125787921575597];[0.8213308550463805, 0.8639966929415692, 0.9127253553216079, 0.911494464205852, 0.9125787921575597]
