protocol;link_layer;link_layer_mode;blocksize;network_setup;data_format;dns_format;randiv_pad;vector_type;k;classifier;classifier_args;job_id;fit_time;score_time;accuracy;precision;recall;f1_score;balanced_accuracy;roc_auc
oscore;eth;;64;d1;cbor;dns_cbor;1;binvec;5;knn;algorithm=brute;895868;[63.11597514152527, 113.5607795715332, 82.34413456916809, 148.46757888793945, 95.99592018127441];[128.76917695999146, 126.06502056121826, 128.02087354660034, 150.0037293434143, 135.2649049758911];[0.7616630749795645, 0.8206583934012038, 0.829083964360291, 0.8266837087293507, 0.8267803134451471];[0.6690531098337521, 0.7293221433182698, 0.7477772823834876, 0.7429109553207074, 0.7437504918290796];[0.4639583731143785, 0.6741377252655448, 0.6805585392051557, 0.6778851891633847, 0.6767872061105143];[0.5479428885537498, 0.700645001240387, 0.7125862241327602, 0.7089100507968997, 0.7086905446274588];[0.6801037954010937, 0.7805163943295623, 0.7883930879335013, 0.7859180137931217, 0.7856873423996256];[0.7402886207346253, 0.8714371993673213, 0.8780369526609519, 0.8759962202992675, 0.8760367995307075]
oscore;eth;;64;d1;cbor;dns_cbor;1;binvec;5;dt;;20833657;[302.2580089569092, 333.21663212776184, 331.1323251724243, 323.9584228992462, 331.0612123012543];[3.365175485610962, 3.3618431091308594, 3.3612799644470215, 3.3432981967926025, 3.364870071411133];[0.7329122389834287, 0.7851006910901389, 0.7910514308644636, 0.7877965950553247, 0.7890821808886148];[0.5858964741185296, 0.6507645117813822, 0.6629064680146625, 0.6551226886847308, 0.6587779083431258];[0.4846763414168417, 0.6684568564267812, 0.669077455543621, 0.6723236663086287, 0.669077455543621];[0.5305013454554954, 0.6594920462974956, 0.6659776669042528, 0.6636117328307221, 0.6638877375806738];[0.6649054495568574, 0.7531439933604098, 0.7576347417563153, 0.7561609699132759, 0.7562049987863345];[0.6649054495568574, 0.7531439933604097, 0.7576347417563153, 0.7561609699132759, 0.7562049987863345]
