protocol,link_layer,link_layer_mode,blocksize,network_setup,data_format,dns_format,vector_type,run,test_size,classifier,classifier_args,true_dns,false_dns,false_data,true_data,accuracy,precision,recall,f1_score
oscore-base,schc,,64,p1,cbor,dns_cbor,word2vec,1,0.2,nb,,12469,4803,18575,23313,0.6048343475321163,0.4016557144697848,0.7219198703103289,0.5161437205066645
oscore-base,schc,,64,p1,cbor,dns_cbor,word2vec,1,0.2,lr,max_iter=5000,9091,8181,4815,37073,0.7803245436105477,0.6537465842082554,0.5263432144511347,0.5831676181923151
oscore-base,schc,,64,p1,cbor,dns_cbor,word2vec,1,0.2,knn,algorithm=brute,10303,6969,5316,36572,0.7923427991886409,0.6596453037966579,0.5965145900880037,0.6264935696695144
oscore-base,schc,,64,p1,cbor,dns_cbor,word2vec,1,0.2,svm,C=0.01,9003,8269,4702,37186,0.7807471264367816,0.6569135352061292,0.5212482630847615,0.5812699744972076
oscore-base,schc,,64,p1,cbor,dns_cbor,word2vec,1,0.2,dt,,10112,7160,7280,34608,0.7559161595672752,0.5814167433302668,0.5854562297359889,0.5834294945765058
oscore-base,schc,,64,p1,cbor,dns_cbor,word2vec,1,0.2,rf,"n_estimators=250,max_depth=9",9207,8065,4117,37771,0.7940838404327248,0.691008706094266,0.5330592867068087,0.6018433782193751
