protocol,link_layer,link_layer_mode,blocksize,network_setup,data_format,dns_format,vector_type,run,test_size,classifier,classifier_args,true_dns,false_dns,false_data,true_data,accuracy,precision,recall,f1_score
oscore-base,schc,,1024,d2,cbor,dns_cbor,word2vec,1,0.2,nb,,9087,2174,7549,13463,0.6987264896352988,0.5462250540995431,0.8069443211082498,0.6514678997741693
oscore-base,schc,,1024,d2,cbor,dns_cbor,word2vec,1,0.2,lr,max_iter=5000,10565,696,444,20568,0.9646763548477055,0.959669361431556,0.9381937660953734,0.9488100583744948
oscore-base,schc,,1024,d2,cbor,dns_cbor,word2vec,1,0.2,knn,algorithm=brute,10130,1131,783,20229,0.9406934589285161,0.9282507101621918,0.8995648699049817,0.9136826914404257
oscore-base,schc,,1024,d2,cbor,dns_cbor,word2vec,1,0.2,svm,C=0.01,10399,862,430,20582,0.9599665354940663,0.9602918090313048,0.9234526241008791,0.9415119963784518
oscore-base,schc,,1024,d2,cbor,dns_cbor,word2vec,1,0.2,dt,,10714,547,601,20411,0.9644284696185667,0.9468846663720725,0.9514252730663352,0.9491495393338059
oscore-base,schc,,1024,d2,cbor,dns_cbor,word2vec,1,0.2,rf,"n_estimators=250,max_depth=9",10484,777,150,20862,0.971276299073529,0.9858943012977243,0.9310007992185418,0.9576615665677095
