protocol;link_layer;link_layer_mode;blocksize;network_setup;data_format;dns_format;randiv_pad;vector_type;k;classifier;classifier_args;job_id;fit_time;score_time;accuracy;precision;recall;f1_score;balanced_accuracy;roc_auc
oscore;schc;;64;p1;cbor;dns_cbor;1;binvec;5;dt;;20833657;[127.11656618118286, 128.13003778457642, 129.01479530334473, 127.56417536735535, 130.5950322151184];[0.8336639404296875, 0.8140320777893066, 0.8293826580047607, 0.8256311416625977, 0.8056998252868652];[0.620026818638954, 0.6280363931370643, 0.6466419486553715, 0.6377716243488055, 0.6482913060094269];[0.3462874737345788, 0.3565665526126811, 0.37729894191907726, 0.3667830708747886, 0.3787760536222569];[0.3972932976895169, 0.40295016230666414, 0.3966344432509846, 0.3986155865855114, 0.3938656164220074];[0.3700410168624879, 0.37834203626095336, 0.38672515912819855, 0.3820373801843845, 0.38617348670122514];[0.5521626016297362, 0.5594557436989018, 0.5704665120948454, 0.5649025496654784, 0.5707696814278534];[0.5521626016297362, 0.5594557436989019, 0.5704665120948454, 0.5649025496654784, 0.5707696814278533]
