protocol,link_layer,blocksize,network_setup,data_format,dns_format,test_size,classifier,classifier_args,true_data,false_data,false_dns,true_dns,accuracy,precision,recall,f1_score
oscore,eth,1024,d1,json,dns_cbor,0.2,nb,,9481,16000,2373,21639,0.628775786474855,0.5749090039586598,0.9011744127936032,0.7019837472222673
oscore,eth,1024,d1,json,dns_cbor,0.2,lr,max_iter=2600,19834,5647,3264,20748,0.8199543369769462,0.7860579655237735,0.8640679660169915,0.8232189973614775
oscore,eth,1024,d1,json,dns_cbor,0.2,knn,"algorithm=brute,n_jobs=-1",19098,6383,3785,20227,0.7945568060129715,0.7601277715144682,0.8423704814259537,0.7991387143929517
oscore,eth,1024,d1,json,dns_cbor,0.2,dt,,20499,4982,5178,18834,0.7947184450326309,0.7908128988915015,0.7843578210894553,0.7875721334782972
oscore,eth,1024,d1,json,dns_cbor,0.2,rf,"n_estimators=250,max_depth=9",20347,5134,1900,22112,0.8578788919645203,0.8115686706305513,0.9208728968848909,0.8627726403683328
