protocol,link_layer,link_layer_mode,blocksize,network_setup,data_format,dns_format,vector_type,run,test_size,classifier,classifier_args,true_dns,false_dns,false_data,true_data,accuracy,precision,recall,f1_score
oscore,schc,min_rules,1024,d2,json,dns_cbor,binvec,1,0.2,nb,,8935,2240,4995,18362,0.7904841885787096,0.6414213926776741,0.7995525727069351,0.7118103963353913
oscore,schc,min_rules,1024,d2,json,dns_cbor,binvec,1,0.2,lr,max_iter=5000,9973,1202,444,22913,0.952334066952392,0.9573773639243545,0.8924384787472036,0.9237680622452761
oscore,schc,min_rules,1024,d2,json,dns_cbor,binvec,1,0.2,knn,algorithm=brute,9490,1685,2383,20974,0.8821962237924245,0.7992925124231449,0.8492170022371365,0.8234987851440472
oscore,schc,min_rules,1024,d2,json,dns_cbor,binvec,1,0.2,svm,C=0.01,9586,1589,316,23041,0.9448337773659214,0.9680872550999798,0.8578076062639821,0.9096171181857
oscore,schc,min_rules,1024,d2,json,dns_cbor,binvec,1,0.2,dt,,10536,639,837,22520,0.9572570369512337,0.9264046425745186,0.9428187919463087,0.9345396487493347
oscore,schc,min_rules,1024,d2,json,dns_cbor,binvec,1,0.2,rf,"n_estimators=250,max_depth=9",9097,2078,610,22747,0.9221591567241978,0.9371587514165035,0.8140492170022371,0.8712766976343262
