protocol;link_layer;link_layer_mode;blocksize;network_setup;data_format;dns_format;randiv_pad;vector_type;k;classifier;classifier_args;job_id;fit_time;score_time;accuracy;precision;recall;f1_score;balanced_accuracy;roc_auc
oscore;eth;;1024;d2;json;dns_cbor;1;binvec;5;dt;;20833657;[72.81341338157654, 66.10801577568054, 63.197124004364014, 73.4426326751709, 66.84131097793579];[2.0021049976348877, 1.9633097648620605, 1.9956839084625244, 1.9592225551605225, 1.850414514541626];[1.0, 1.0, 1.0, 1.0, 1.0];[1.0, 1.0, 1.0, 1.0, 1.0];[1.0, 1.0, 1.0, 1.0, 1.0];[1.0, 1.0, 1.0, 1.0, 1.0];[1.0, 1.0, 1.0, 1.0, 1.0];[1.0, 1.0, 1.0, 1.0, 1.0]
