protocol,link_layer,link_layer_mode,blocksize,network_setup,data_format,dns_format,vector_type,run,test_size,classifier,classifier_args,true_dns,false_dns,false_data,true_data,accuracy,precision,recall,f1_score
oscore,schc,min_rules,1024,d2,cbor,dns_message,binvec,1,0.2,nb,,7611,5534,3983,17103,0.7219771552101896,0.656460238054166,0.5790034233548877,0.6153037713731355
oscore,schc,min_rules,1024,d2,cbor,dns_message,binvec,1,0.2,lr,max_iter=5000,11754,1391,1124,19962,0.9265285852005493,0.9127193663612362,0.8941802966907569,0.903354724666641
oscore,schc,min_rules,1024,d2,cbor,dns_message,binvec,1,0.2,knn,algorithm=brute,11491,1654,3137,17949,0.8600391458035115,0.7855482636040471,0.8741726892354508,0.8274943290245922
oscore,schc,min_rules,1024,d2,cbor,dns_message,binvec,1,0.2,svm,C=0.01,11740,1405,1132,19954,0.9258858929040927,0.9120571783716594,0.893115252947889,0.9024868355306146
oscore,schc,min_rules,1024,d2,cbor,dns_message,binvec,1,0.2,dt,,11931,1214,1406,19680,0.9234611901492799,0.8945789907775362,0.9076454925827311,0.9010648742542104
oscore,schc,min_rules,1024,d2,cbor,dns_message,binvec,1,0.2,rf,"n_estimators=250,max_depth=9",10387,2758,864,20222,0.8941894773743099,0.9232068260599058,0.7901863826550019,0.8515330382029841
