protocol,link_layer,link_layer_mode,blocksize,network_setup,data_format,dns_format,vector_type,run,test_size,classifier,classifier_args,true_dns,false_dns,false_data,true_data,accuracy,precision,recall,f1_score
oscore,schc,,1024,p2,json,dns_cbor,word2vec,1,0.2,nb,,9256,2170,8956,16003,0.6942146488937749,0.5082363276960246,0.8100822685104149,0.624603549497267
oscore,schc,,1024,p2,json,dns_cbor,word2vec,1,0.2,lr,max_iter=5000,8393,3033,2680,22279,0.8429847464614539,0.7579698365393299,0.7345527743742342,0.7460776034490422
oscore,schc,,1024,p2,json,dns_cbor,word2vec,1,0.2,knn,algorithm=brute,8470,2956,3041,21918,0.8351793321423664,0.7358179133003214,0.7412917906528969,0.7385447094214588
oscore,schc,,1024,p2,json,dns_cbor,word2vec,1,0.2,svm,C=0.01,8367,3059,2673,22286,0.8424625532499657,0.7578804347826087,0.7322772623840365,0.7448588978901451
oscore,schc,,1024,p2,json,dns_cbor,word2vec,1,0.2,dt,,7822,3604,3562,21397,0.8030507077092208,0.6871047083626142,0.6845790302818134,0.685839544059623
oscore,schc,,1024,p2,json,dns_cbor,word2vec,1,0.2,rf,"n_estimators=250,max_depth=9",8742,2684,2776,22183,0.8499381613302185,0.7589859350581698,0.7650971468580431,0.7620292887029289
