protocol;link_layer;link_layer_mode;blocksize;network_setup;data_format;dns_format;randiv_pad;vector_type;k;classifier;classifier_args;job_id;fit_time;score_time;accuracy;precision;recall;f1_score;balanced_accuracy;roc_auc
oscore;schc;;1024;d2;json;dns_cbor;1;binvec;5;dt;;20833657;[29.374423027038574, 29.601399898529053, 30.25732111930847, 27.790668725967407, 30.00335693359375];[0.3478507995605469, 0.3569962978363037, 0.34992146492004395, 0.3444352149963379, 0.34641480445861816];[0.9400039836102891, 0.9398190302754382, 0.938651528732198, 0.9352369570475337, 0.9324910723177828];[0.9157437157437157, 0.9093854748603352, 0.9041222275528656, 0.9044400463049405, 0.8981158667754617];[0.9241626611734188, 0.9314488441290913, 0.9346125968031129, 0.9239690230038531, 0.923778277953687];[0.9199339269779186, 0.9202849389416553, 0.9191146126430313, 0.9141002415458938, 0.9107663375646451];[0.9367943132976047, 0.938123115171593, 0.9378331396231383, 0.9329537904418912, 0.9307256412230658];[0.9367943132976047, 0.9381231151715929, 0.9378331396231383, 0.9329537904418912, 0.9307256412230658]
