protocol;link_layer;link_layer_mode;blocksize;network_setup;data_format;dns_format;randiv_pad;vector_type;k;classifier;classifier_args;job_id;fit_time;score_time;accuracy;precision;recall;f1_score;balanced_accuracy;roc_auc
oscore-base;eth;;64;d1;cbor;dns_cbor;0;binvec;5;dt;;20833657;[228.63736200332642, 242.21677660942078, 242.89420080184937, 242.30303812026978, 249.56551480293274];[3.5044054985046387, 3.1901118755340576, 3.1657958030700684, 3.1561758518218994, 3.4565436840057373];[0.659552649178866, 0.729122389834287, 0.7228559326442197, 0.7000646508482637, 0.6935921348899078];[0.4470024889081268, 0.5617582317834207, 0.5494198538891276, 0.5156246814929571, 0.5055229259827805];[0.3943813251861753, 0.5908819668218165, 0.6103353622150615, 0.6037713330946414, 0.7231650554958826];[0.4190464113619072, 0.5759521649100765, 0.5782778311754396, 0.5562274606385786, 0.595068105708702];[0.5869062246709088, 0.6912489143523703, 0.6920291525018808, 0.6736835818202127, 0.7016941016521647];[0.5869062246709089, 0.6912489143523703, 0.6920291525018809, 0.6736835818202127, 0.7016941016521647]
