protocol,link_layer,blocksize,network_setup,data_format,dns_format,test_size,classifier,classifier_args,true_dns,false_dns,false_data,true_data,accuracy,precision,recall,f1_score
oscore-base,eth,1024,p1,cbor,dns_message,0.2,nb,,23300,936,12650,12273,0.7236314815191521,0.6481223922114048,0.9613797656378941,0.7742664407004951
oscore-base,eth,1024,p1,cbor,dns_message,0.2,lr,max_iter=5000,22285,1951,4404,20519,0.8707256046705588,0.8349881973846903,0.9194999174781318,0.8752086401570938
oscore-base,eth,1024,p1,cbor,dns_message,0.2,knn,algorithm=brute,21944,2292,6027,18896,0.8307736121564718,0.7845268313610525,0.9054299389338175,0.840653552205643
oscore-base,eth,1024,p1,cbor,dns_message,0.2,dt,,19797,4439,3998,20925,0.828373237860819,0.8319815087203194,0.8168427133190296,0.8243426120630426
oscore-base,eth,1024,p1,cbor,dns_message,0.2,rf,"n_estimators=250,max_depth=9",22998,1238,4560,20363,0.8820561850322424,0.8345308077509254,0.9489189635253342,0.8880565316445921
