protocol;link_layer;link_layer_mode;blocksize;network_setup;data_format;dns_format;randiv_pad;vector_type;k;classifier;classifier_args;job_id;fit_time;score_time;accuracy;precision;recall;f1_score;balanced_accuracy;roc_auc
oscore;eth;;64;d2;cbor;dns_cbor;1;binvec;5;dt;;20833657;[178.68138432502747, 193.16883897781372, 192.56730341911316, 209.22620487213135, 232.36782717704773];[3.1822848320007324, 3.202087640762329, 3.205063581466675, 3.859952926635742, 3.6320643424987793];[1.0, 1.0, 1.0, 1.0, 1.0];[1.0, 1.0, 1.0, 1.0, 1.0];[1.0, 1.0, 1.0, 1.0, 1.0];[1.0, 1.0, 1.0, 1.0, 1.0];[1.0, 1.0, 1.0, 1.0, 1.0];[1.0, 1.0, 1.0, 1.0, 1.0]
