protocol;link_layer;link_layer_mode;blocksize;network_setup;data_format;dns_format;randiv_pad;vector_type;k;classifier;classifier_args;job_id;fit_time;score_time;accuracy;precision;recall;f1_score;balanced_accuracy;roc_auc
oscore-base;schc;;64;d1;json;dns_cbor;0;binvec;5;dt;;20833657;[151.62538623809814, 155.19148111343384, 150.67316365242004, 155.79251384735107, 154.25837922096252];[1.1521267890930176, 1.1500763893127441, 1.1437063217163086, 1.0419158935546875, 1.0844740867614746];[0.6936801433231724, 0.7312623669714958, 0.7269773784694369, 0.6812663778811702, 0.7226704815129252];[0.449054253911419, 0.5183063888648742, 0.51132477253662, 0.4394304261333892, 0.5038505714662298];[0.4130943288142066, 0.5724072084974341, 0.5674185463659148, 0.5008950948800572, 0.6387158372120778];[0.43032435322053286, 0.5440150630082915, 0.5379132441789424, 0.46815393195761296, 0.563323649530546];[0.6079641158259118, 0.6827327554785563, 0.6782327975151115, 0.6261636769515284, 0.697022827237743];[0.6079641158259119, 0.6827327554785564, 0.6782327975151115, 0.6261636769515284, 0.697022827237743]
