protocol;link_layer;link_layer_mode;blocksize;network_setup;data_format;dns_format;randiv_pad;vector_type;k;classifier;classifier_args;job_id;fit_time;score_time;accuracy;precision;recall;f1_score;balanced_accuracy;roc_auc
oscore;schc;;1024;p2;json;dns_message;1;binvec;5;dt;;20833657;[84.12762403488159, 83.7942636013031, 81.25036382675171, 84.18290758132935, 86.30297255516052];[0.4931318759918213, 0.5136468410491943, 0.4913191795349121, 0.5108108520507812, 0.4929473400115967];[0.6479886124520361, 0.646924124272806, 0.6445184369159168, 0.648974489101239, 0.6451001992845561];[0.5706990297095137, 0.5696710189066128, 0.566183285991927, 0.5715695362258171, 0.5660934822431011];[0.5731611657515235, 0.5699631931454776, 0.5712906534725155, 0.576691003439329, 0.5780486333192542];[0.5719274478813878, 0.5698170685728936, 0.5687255034464117, 0.5741188484584541, 0.5720085980415572];[0.6366036707777012, 0.635214574492309, 0.6333774174946063, 0.6379771370071149, 0.6348988417734949];[0.6366036707777011, 0.635214574492309, 0.6333774174946063, 0.637977137007115, 0.6348988417734949]
