protocol,link_layer,link_layer_mode,blocksize,network_setup,data_format,dns_format,vector_type,run,test_size,classifier,classifier_args,true_dns,false_dns,false_data,true_data,accuracy,precision,recall,f1_score
oscore-base,schc,,64,p2,json,dns_cbor,binvec,1,0.2,nb,,11726,5674,4801,43222,0.8398881127432248,0.7095056574090881,0.6739080459770115,0.6912488578418369
oscore-base,schc,,64,p2,json,dns_cbor,binvec,1,0.2,lr,max_iter=5000,12089,5311,1942,46081,0.8891368478975283,0.8615921887249661,0.6947701149425287,0.7692405586841017
oscore-base,schc,,64,p2,json,dns_cbor,binvec,1,0.2,knn,algorithm=brute,11848,5552,2975,45048,0.8696635739724562,0.7992983876408284,0.6809195402298851,0.7353753530087205
oscore-base,schc,,64,p2,json,dns_cbor,binvec,1,0.2,svm,C=0.01,12036,5364,1966,46057,0.8879598917811778,0.8595914869304385,0.6917241379310345,0.7665753773644991
oscore-base,schc,,64,p2,json,dns_cbor,binvec,1,0.2,dt,,12518,4882,6248,41775,0.8298763431820614,0.6670574443141852,0.7194252873563218,0.6922523917491566
oscore-base,schc,,64,p2,json,dns_cbor,binvec,1,0.2,rf,"n_estimators=250,max_depth=9",10147,7253,1420,46603,0.8674319428947006,0.8772369672343736,0.5831609195402299,0.7005903269237408
