protocol;link_layer;link_layer_mode;blocksize;network_setup;data_format;dns_format;randiv_pad;vector_type;k;classifier;classifier_args;job_id;fit_time;score_time;accuracy;precision;recall;f1_score;balanced_accuracy;roc_auc
oscore;schc;peer_based;1024;d2;cbor;dns_message;0;binvec;5;dt;;20833657;[60.296462297439575, 61.20459985733032, 60.49741053581238, 61.33492827415466, 57.91406583786011];[0.38510942459106445, 0.3848264217376709, 0.3869760036468506, 0.3845350742340088, 0.38814473152160645];[0.7419002447557282, 0.7449285783425751, 0.7515660218205954, 0.7521571989601195, 0.7482023341999005];[0.713832634048036, 0.7131062617367092, 0.7173165137614679, 0.7196225688426728, 0.7158922472127344];[0.6835495096488453, 0.6967731730465043, 0.7123695033217337, 0.7093549305577526, 0.7028694359201493];[0.6983629341133503, 0.7048451100870455, 0.7148344497000095, 0.7144518616470438, 0.7093210733840972];[0.7353802772161488, 0.7395478118653309, 0.7471862993062349, 0.7473740530893266, 0.7431363908910202];[0.7353802772161488, 0.7395478118653309, 0.7471862993062349, 0.7473740530893266, 0.7431363908910201]
