protocol,link_layer,blocksize,network_setup,data_format,dns_format,test_size,classifier,classifier_args,true_dns,false_dns,false_data,true_data,accuracy,precision,recall,f1_score
oscore-base,eth,1024,p2,cbor,dns_cbor,0.2,nb,,21848,2334,8807,16171,0.7733726606997559,0.7127059207307128,0.9034819287073029,0.796834254244397
oscore-base,eth,1024,p2,cbor,dns_cbor,0.2,lr,max_iter=2800,22682,1632,3345,21501,0.8987591537835639,0.8714796173204749,0.9328781771818705,0.9011342643173557
oscore-base,eth,1024,p2,cbor,dns_cbor,0.2,knn,"algorithm=brute,n_jobs=-1",21332,2850,3238,21740,0.8761594792514239,0.8682132682132682,0.8821437432801257,0.8751230718739744
oscore-base,eth,1024,p2,cbor,dns_cbor,0.2,dt,,21464,2718,2509,22469,0.8936737184703011,0.8953405914987694,0.8876023488545199,0.8914546776035718
oscore-base,eth,1024,p2,cbor,dns_cbor,0.2,rf,"n_estimators=250,max_depth=9",23640,542,4504,20474,0.8973555736371034,0.8399658897100626,0.9775866346869573,0.903566104804495
