protocol,link_layer,link_layer_mode,blocksize,network_setup,data_format,dns_format,vector_type,run,test_size,classifier,classifier_args,true_dns,false_dns,false_data,true_data,accuracy,precision,recall,f1_score
oscore-base,eth,,1024,p1,cbor,dns_message,word2vec,1,0.2,nb,,9096,1034,6684,3349,0.6172196597728513,0.5764258555133079,0.8979269496544916,0.7021227325357005
oscore-base,eth,,1024,p1,cbor,dns_message,word2vec,1,0.2,lr,max_iter=5000,9136,994,1766,8267,0.8631156077964589,0.8380113740598055,0.9018756169792695,0.8687713959680486
oscore-base,eth,,1024,p1,cbor,dns_message,word2vec,1,0.2,knn,algorithm=brute,8481,1649,2211,7822,0.8085602340921489,0.7932098765432098,0.8372161895360316,0.8146191528191337
oscore-base,eth,,1024,p1,cbor,dns_message,word2vec,1,0.2,svm,C=0.01,9287,843,2028,8005,0.8576104746317512,0.8207688908528502,0.9167818361303061,0.8661226393098624
oscore-base,eth,,1024,p1,cbor,dns_message,word2vec,1,0.2,dt,,9491,639,658,9375,0.935674254823191,0.9351660262094788,0.9369200394866732,0.9360422111543961
oscore-base,eth,,1024,p1,cbor,dns_message,word2vec,1,0.2,rf,"n_estimators=250,max_depth=9",9501,629,2225,7808,0.8584536031344542,0.8102507248848713,0.9379072063178677,0.869418008784773
