protocol,link_layer,blocksize,network_setup,data_format,dns_format,test_size,classifier,classifier_args,true_data,false_data,false_dns,true_dns,accuracy,precision,recall,f1_score
oscore,eth,1024,p1,json,dns_cbor,0.2,nb,,20169,4047,13910,12795,0.6473557078611968,0.7597078731742073,0.47912375959558134,0.5876409396743748
oscore,eth,1024,p1,json,dns_cbor,0.2,lr,max_iter=600,21104,3112,5387,21318,0.833094401131164,0.8726156365124846,0.7982774761280659,0.8337929011440305
oscore,eth,1024,p1,json,dns_cbor,0.2,knn,"algorithm=brute,n_jobs=-1",21321,2895,7588,19117,0.7941320869582295,0.8684808286389242,0.7158584534731324,0.7848184412012233
oscore,eth,1024,p1,json,dns_cbor,0.2,dt,,18817,5399,4966,21739,0.7964494020148858,0.8010538727982902,0.8140423141733758,0.8074958676151032
oscore,eth,1024,p1,json,dns_cbor,0.2,rf,"n_estimators=250,max_depth=9",22259,1957,5265,21440,0.8581724632273522,0.9163567978800701,0.8028459090058041,0.8558540577222467
