protocol;link_layer;link_layer_mode;blocksize;network_setup;data_format;dns_format;randiv_pad;vector_type;k;classifier;classifier_args;job_id;fit_time;score_time;accuracy;precision;recall;f1_score;balanced_accuracy;roc_auc
oscore;schc;peer_based;1024;d2;cbor;dns_cbor;1;binvec;5;dt;;20833657;[56.94362759590149, 57.18665909767151, 56.74024558067322, 55.25087571144104, 57.352898836135864];[0.35970544815063477, 0.3617997169494629, 0.3598349094390869, 0.36233043670654297, 0.36441612243652344];[0.6276953422692428, 0.6338369121800331, 0.6305494538336247, 0.6327311307362412, 0.6246021428251222];[0.524442603193733, 0.5322903676831803, 0.5278661526368978, 0.5309436390476551, 0.5200972626459861];[0.5312249647121657, 0.5373669553275092, 0.5380154884980735, 0.535116163735551, 0.5385495746385381];[0.5278119965886477, 0.534816614777128, 0.532892499527678, 0.5330217358261133, 0.5291626058924956];[0.6105201172190091, 0.6166617620304639, 0.6140750528861596, 0.6153521272642578, 0.6092816655741575];[0.610520117219009, 0.6166617620304639, 0.6140750528861596, 0.6153521272642579, 0.6092816655741576]
