protocol,link_layer,link_layer_mode,blocksize,network_setup,data_format,dns_format,vector_type,run,test_size,classifier,classifier_args,true_dns,false_dns,false_data,true_data,accuracy,precision,recall,f1_score
oscore,schc,,64,d1,cbor,dns_cbor,word2vec,1,0.2,nb,,13706,4117,28879,26641,0.5501138486290443,0.32185041681343196,0.7690063401223138,0.4537809561647464
oscore,schc,,64,d1,cbor,dns_cbor,word2vec,1,0.2,lr,max_iter=5000,8919,8904,4846,50674,0.8125247126515142,0.6479476934253542,0.5004208045783538,0.5647081170064582
oscore,schc,,64,d1,cbor,dns_cbor,word2vec,1,0.2,knn,algorithm=brute,9503,8320,5850,49670,0.806798194783415,0.6189669771380186,0.5331874544128373,0.572884012539185
oscore,schc,,64,d1,cbor,dns_cbor,word2vec,1,0.2,svm,C=0.01,8845,8978,4727,50793,0.8131382681373819,0.6517094017094017,0.49626886607192955,0.5634655199872591
oscore,schc,,64,d1,cbor,dns_cbor,word2vec,1,0.2,dt,,9564,8259,8391,47129,0.7729844702289244,0.5326649958228905,0.5366099983167817,0.5346302196880764
oscore,schc,,64,d1,cbor,dns_cbor,word2vec,1,0.2,rf,"n_estimators=250,max_depth=9",8600,9223,4030,51490,0.8193010921287649,0.6809184481393508,0.48252258317903834,0.5648047811381474
