protocol,link_layer,link_layer_mode,blocksize,network_setup,data_format,dns_format,vector_type,run,test_size,classifier,classifier_args,true_dns,false_dns,false_data,true_data,accuracy,precision,recall,f1_score
oscore-base,eth,,64,p2,cbor,dns_cbor,binvec,1,0.2,nb,,11999,5334,4587,32725,0.818446335437826,0.7234414566501869,0.6922633127560145,0.7075090657153807
oscore-base,eth,,64,p2,cbor,dns_cbor,binvec,1,0.2,lr,max_iter=5000,11603,5730,1627,35685,0.8653673712142007,0.8770219198790628,0.6694167195522991,0.7592841016915879
oscore-base,eth,,64,p2,cbor,dns_cbor,binvec,1,0.2,knn,algorithm=brute,11988,5345,2664,34648,0.8534358129746545,0.8181818181818182,0.6916286851670225,0.7496013756448335
oscore-base,eth,,64,p2,cbor,dns_cbor,binvec,1,0.2,svm,C=0.01,11513,5820,1535,35777,0.8654039710861012,0.8823574494175352,0.6642243120060001,0.7579079029656693
oscore-base,eth,,64,p2,cbor,dns_cbor,binvec,1,0.2,dt,,12431,4902,5766,31546,0.8047762832830085,0.6831345826235093,0.7171868689782496,0.6997466929355475
oscore-base,eth,,64,p2,cbor,dns_cbor,binvec,1,0.2,rf,"n_estimators=250,max_depth=9",11289,6044,1289,36023,0.8658065696770061,0.8975194784544442,0.6513009865574338,0.7548393567583832
