protocol;link_layer;link_layer_mode;blocksize;network_setup;data_format;dns_format;randiv_pad;vector_type;k;classifier;classifier_args;job_id;fit_time;score_time;accuracy;precision;recall;f1_score;balanced_accuracy;roc_auc
oscore-base;eth;;64;p2;json;dns_message;0;binvec;5;knn;algorithm=brute;895868;[135.65233421325684, 50.27254557609558, 243.9979453086853, 51.928826332092285, 248.9580283164978];[288.00766134262085, 267.08516812324524, 238.06464743614197, 265.79536843299866, 240.20228099822998];[0.7068030857119595, 0.9380415092035362, 0.948387928460933, 0.9493513718891633, 0.9514207398159958];[0.672210591610452, 0.9289661790985505, 0.9419704221386814, 0.9438960866608053, 0.9396216551769203];[0.5686596044734512, 0.9206487160145617, 0.9327178511691975, 0.9330458167983995, 0.9431963530222033];[0.616114417695656, 0.924788746314385, 0.9373213035059531, 0.938439589982105, 0.9414056106582867];[0.6864789336728361, 0.9354826206480391, 0.9460825558880499, 0.9469525081955101, 0.9502107728585776];[0.6978542642134418, 0.9816181769526275, 0.9863883328656998, 0.986501243989353, 0.9876450374059175]
oscore-base;eth;;64;p2;json;dns_message;0;binvec;5;dt;;20937591;[560.3845841884613, 444.52637791633606, 470.4285843372345, 455.2599642276764, 451.7736339569092];[6.89699649810791, 6.901666164398193, 6.211335182189941, 6.333173990249634, 5.784648656845093];[0.7286500349415492, 0.9252522237073323, 0.931561592531278, 0.9259573370966429, 0.9224020951502158];[0.6800061751689594, 0.9132275832409812, 0.9145826884540819, 0.9236744571747703, 0.8838138915141843];[0.6500770719228625, 0.9053655176937457, 0.9205667246072612, 0.8950018038109606, 0.9354235676101145];[0.6647048960429243, 0.9092795559910737, 0.9175649501891912, 0.9091121086690375, 0.908886675960964];[0.7170901058573887, 0.9223264219760174, 0.9299440340162431, 0.921403177210436, 0.9243178065349602];[0.7170901058573886, 0.9223264219760176, 0.9299440340162433, 0.921403177210436, 0.9243178065349603]
