protocol;link_layer;link_layer_mode;blocksize;network_setup;data_format;dns_format;randiv_pad;vector_type;k;classifier;classifier_args;job_id;fit_time;score_time;accuracy;precision;recall;f1_score;balanced_accuracy;roc_auc
oscore-base;schc;min_rules;64;p2;json;dns_message;0;binvec;5;dt;;20833657;[160.94492483139038, 165.37988901138306, 162.05032396316528, 167.48139429092407, 168.02203917503357];[1.112130880355835, 1.109971046447754, 1.1180915832519531, 1.0716338157653809, 1.1345577239990234];[0.7222196770879009, 0.9030478347087967, 0.9287677687897589, 0.7943401659729312, 0.9395533914500379];[0.6331858915441176, 0.8580244999224687, 0.9153638277765804, 0.6780179420795954, 0.9138215022468137];[0.7228816894018888, 0.9072337355718783, 0.9052483153252119, 0.9231853880080667, 0.9369251200996869];[0.6750673689367956, 0.881943226917008, 0.9102779701256306, 0.7818323196978533, 0.9252291052750883];[0.7223307744433332, 0.9037503027840329, 0.9248206611210232, 0.8159633709824115, 0.9391123067956634];[0.7223307744433332, 0.9037503027840329, 0.9248206611210233, 0.8159633709824115, 0.9391123067956634]
