protocol;link_layer;link_layer_mode;blocksize;network_setup;data_format;dns_format;randiv_pad;vector_type;k;classifier;classifier_args;job_id;fit_time;score_time;accuracy;precision;recall;f1_score;balanced_accuracy;roc_auc
oscore;schc;;64;p2;json;dns_cbor;1;binvec;5;dt;;20833657;[159.3458652496338, 155.40531063079834, 162.37682509422302, 159.88604021072388, 154.32789826393127];[1.0097684860229492, 1.0587224960327148, 1.0099472999572754, 1.0195491313934326, 1.0392436981201172];[0.6366566565342108, 0.6437675840978593, 0.6591743119266055, 0.64965749235474, 0.6622996941896024];[0.312671174255392, 0.3297792586422324, 0.3466341355217922, 0.33507707480222115, 0.35090900949310405];[0.34878392247654966, 0.3779835783845713, 0.37301890395264464, 0.37304277257972124, 0.3740929921710903];[0.32974174404567147, 0.3522398683215446, 0.35934284498913555, 0.35304216221100304, 0.36213031423290204];[0.5423116020395642, 0.5566606158756184, 0.5653909032443727, 0.559000909989739, 0.5678440027465103];[0.5423116020395643, 0.5566606158756184, 0.5653909032443727, 0.559000909989739, 0.5678440027465103]
