protocol,link_layer,blocksize,network_setup,data_format,dns_format,test_size,classifier,classifier_args,true_data,false_data,false_dns,true_dns,accuracy,precision,recall,f1_score
oscore,eth,1024,p1,cbor,dns_message,0.2,nb,,23134,974,14261,11863,0.6967072782290173,0.9241255745111786,0.45410350635431024,0.6089679423012756
oscore,eth,1024,p1,cbor,dns_message,0.2,lr,max_iter=600,22066,2042,4438,21686,0.8709985666507406,0.9139413351314902,0.830117899249732,0.8700152451255717
oscore,eth,1024,p1,cbor,dns_message,0.2,knn,"algorithm=brute,n_jobs=-1",21619,2489,6120,20004,0.8286152253543558,0.889343351264838,0.7657326596233348,0.8229220231606228
oscore,eth,1024,p1,cbor,dns_message,0.2,dt,,19875,4233,3885,22239,0.8383898709985667,0.8400951949229375,0.8512861736334405,0.8456536618754278
oscore,eth,1024,p1,cbor,dns_message,0.2,rf,"n_estimators=250,max_depth=9",22905,1203,4645,21479,0.883580187928014,0.9469623489992064,0.822194150972286,0.8801786665573905
