protocol,link_layer,link_layer_mode,blocksize,network_setup,data_format,dns_format,vector_type,run,test_size,classifier,classifier_args,true_dns,false_dns,false_data,true_data,accuracy,precision,recall,f1_score
oscore,schc,,64,p2,cbor,dns_message,binvec,1,0.2,nb,,21577,5909,32874,30372,0.5725543358462285,0.3962645314135645,0.7850178272575129,0.5266729316426034
oscore,schc,,64,p2,cbor,dns_message,binvec,1,0.2,lr,max_iter=5000,21133,6353,4458,58788,0.8808468897412159,0.8257981321558361,0.7688641490213199,0.7963147879495827
oscore,schc,,64,p2,cbor,dns_message,binvec,1,0.2,knn,algorithm=brute,21320,6166,4769,58477,0.8794802274831371,0.8172026524588907,0.7756676126027796,0.7958936070928605
oscore,schc,,64,p2,cbor,dns_message,binvec,1,0.2,svm,C=0.01,21044,6442,4403,58843,0.8804721597672266,0.8269737100640547,0.7656261369424434,0.795118357168496
oscore,schc,,64,p2,cbor,dns_message,binvec,1,0.2,dt,,21322,6164,6902,56344,0.8559934752898647,0.7554563492063492,0.7757403769191589,0.7654640100520553
oscore,schc,,64,p2,cbor,dns_message,binvec,1,0.2,rf,"n_estimators=250,max_depth=9",20448,7038,3483,59763,0.8840431159899484,0.8544565626175253,0.7439423706614277,0.7953789602660598
