protocol;link_layer;link_layer_mode;blocksize;network_setup;data_format;dns_format;randiv_pad;vector_type;k;classifier;classifier_args;job_id;fit_time;score_time;accuracy;precision;recall;f1_score;balanced_accuracy;roc_auc
oscore;eth;;1024;d1;json;dns_cbor;0;binvec;5;dt;;20833657;[136.89666867256165, 122.307199716568, 129.07724595069885, 172.60239553451538, 172.77405405044556];[1.8898518085479736, 1.9819858074188232, 1.9689226150512695, 1.9139277935028076, 1.99649977684021];[0.8533446772306711, 0.8554260433062492, 0.873505764240439, 0.8740162504785809, 0.8709533330497299];[0.8545997865528282, 0.8576320520503381, 0.8813080865109008, 0.8822276323797931, 0.8813522260124201];[0.8515824400204186, 0.8523418556174757, 0.8632747692176799, 0.8632747692176799, 0.8573190964393584];[0.8530884452304349, 0.8549787706159722, 0.8721982249156512, 0.8726483046292115, 0.8691695598732021];[0.8533447147139146, 0.8554260433062493, 0.873505764240439, 0.8740162504785809, 0.8709533330497299];[0.8533447147139146, 0.8554260433062492, 0.873505764240439, 0.874016250478581, 0.8709533330497299]
