protocol,link_layer,link_layer_mode,blocksize,network_setup,data_format,dns_format,vector_type,run,test_size,classifier,classifier_args,true_dns,false_dns,false_data,true_data,accuracy,precision,recall,f1_score
oscore,schc,,1024,p2,cbor,dns_message,word2vec,1,0.2,nb,,7165,6840,4808,17950,0.6831596986100155,0.5984298003841978,0.511602998928954,0.5516206020478867
oscore,schc,,1024,p2,cbor,dns_message,word2vec,1,0.2,lr,max_iter=5000,9933,4072,3997,18761,0.7805130158039333,0.7130653266331658,0.7092466976079972,0.7111508859853231
oscore,schc,,1024,p2,cbor,dns_message,word2vec,1,0.2,knn,algorithm=brute,10537,3468,3982,18776,0.797350597067704,0.7257386872374131,0.7523741520885399,0.738816435282569
oscore,schc,,1024,p2,cbor,dns_message,word2vec,1,0.2,svm,C=0.01,10177,3828,4237,18521,0.7806218208524875,0.7060496739281255,0.7266690467690111,0.7162109856082198
oscore,schc,,1024,p2,cbor,dns_message,word2vec,1,0.2,dt,,9741,4264,4343,18415,0.7658787367733862,0.6916358988923601,0.6955373081042485,0.6935811171633024
oscore,schc,,1024,p2,cbor,dns_message,word2vec,1,0.2,rf,"n_estimators=250,max_depth=9",12238,1767,5455,17303,0.8035524848352964,0.6916859775052281,0.873830774723313,0.7721622815319579
