protocol,link_layer,link_layer_mode,blocksize,network_setup,data_format,dns_format,vector_type,run,test_size,classifier,classifier_args,true_dns,false_dns,false_data,true_data,accuracy,precision,recall,f1_score
oscore-base,schc,,1024,d1,json,dns_cbor,word2vec,1,0.2,nb,,9141,2057,7875,15431,0.7121493160213309,0.5372002820874471,0.8163064833005894,0.6479761820372865
oscore-base,schc,,1024,d1,json,dns_cbor,word2vec,1,0.2,lr,max_iter=5000,8905,2293,1494,21812,0.8902446093206585,0.8563323396480431,0.7952312913020182,0.8246515719775894
oscore-base,schc,,1024,d1,json,dns_cbor,word2vec,1,0.2,knn,algorithm=brute,8785,2413,2078,21228,0.869841177834454,0.8087084599097855,0.7845150919807108,0.7964280857622048
oscore-base,schc,,1024,d1,json,dns_cbor,word2vec,1,0.2,svm,C=0.01,8694,2504,1562,21744,0.8821585903083701,0.8476989079563183,0.7763886408287194,0.8104782324974363
oscore-base,schc,,1024,d1,json,dns_cbor,word2vec,1,0.2,dt,,10524,674,739,22567,0.9590482262926038,0.9343869306579065,0.9398106804786569,0.9370909576599439
oscore-base,schc,,1024,d1,json,dns_cbor,word2vec,1,0.2,rf,"n_estimators=250,max_depth=9",9499,1699,339,22967,0.9409343844191977,0.9655417767838992,0.8482764779424897,0.9031184635862332
