protocol;link_layer;link_layer_mode;blocksize;network_setup;data_format;dns_format;randiv_pad;vector_type;k;classifier;classifier_args;job_id;fit_time;score_time;accuracy;precision;recall;f1_score;balanced_accuracy;roc_auc
oscore;eth;;64;d2;cbor;dns_cbor;0;binvec;5;dt;;20833657;[179.90058279037476, 194.1740095615387, 193.29468750953674, 193.6360821723938, 193.45390558242798];[3.2703843116760254, 3.342047929763794, 3.2376677989959717, 3.2527878284454346, 3.186814785003662];[1.0, 1.0, 1.0, 1.0, 1.0];[1.0, 1.0, 1.0, 1.0, 1.0];[1.0, 1.0, 1.0, 1.0, 1.0];[1.0, 1.0, 1.0, 1.0, 1.0];[1.0, 1.0, 1.0, 1.0, 1.0];[1.0, 1.0, 1.0, 1.0, 1.0]
