protocol;link_layer;link_layer_mode;blocksize;network_setup;data_format;dns_format;randiv_pad;vector_type;k;classifier;classifier_args;job_id;fit_time;score_time;accuracy;precision;recall;f1_score;balanced_accuracy;roc_auc
oscore-base;eth;;64;d2;cbor;dns_message;0;binvec;5;dt;;20833657;[192.05970215797424, 202.8045129776001, 201.58935952186584, 202.39661526679993, 201.52840495109558];[4.540850639343262, 4.638927221298218, 4.588197469711304, 4.614625453948975, 4.558362245559692];[0.7476131017695209, 1.0, 1.0, 1.0, 1.0];[0.7199313298884961, 1.0, 1.0, 1.0, 1.0];[0.6427162367223065, 1.0, 1.0, 1.0, 1.0];[0.6791360677292114, 1.0, 1.0, 1.0, 1.0];[0.7324604771672909, 1.0, 1.0, 1.0, 1.0];[0.732460477167291, 1.0, 1.0, 1.0, 1.0]
