protocol;link_layer;link_layer_mode;blocksize;network_setup;data_format;dns_format;randiv_pad;vector_type;k;classifier;classifier_args;job_id;fit_time;score_time;accuracy;precision;recall;f1_score;balanced_accuracy;roc_auc
oscore-base;eth;;64;p1;json;dns_cbor;0;binvec;5;dt;;20833657;[874.3328964710236, 878.9335834980011, 876.0422766208649, 854.9513607025146, 835.1914761066437];[7.901870250701904, 7.769627094268799, 7.681986570358276, 7.846951484680176, 7.8060619831085205];[0.6690750993087485, 0.7058349754464984, 0.7074614494385537, 0.681383128460167, 0.6924322041850427];[0.49150113049095606, 0.548995708590437, 0.5599622563618671, 0.5101333555130444, 0.5227128268146956];[0.5869858720285452, 0.5212401755147307, 0.45783306813250396, 0.44361935530534996, 0.5948115823227331];[0.5350165908541543, 0.5347580355928221, 0.5037736599859399, 0.47455703711345526, 0.5564364251480124];[0.6477333822795783, 0.6578436601944646, 0.6425625771651109, 0.6195668038114353, 0.6670517689177984];[0.6477333822795782, 0.6578436601944646, 0.6425625771651109, 0.6195668038114353, 0.6670517689177984]
