protocol;link_layer;link_layer_mode;blocksize;network_setup;data_format;dns_format;randiv_pad;vector_type;k;classifier;classifier_args;job_id;fit_time;score_time;accuracy;precision;recall;f1_score;balanced_accuracy;roc_auc
oscore-base;eth;;1024;d2;cbor;dns_cbor;0;binvec;5;knn;algorithm=brute;931197;[8.330924987792969, 4.696733236312866, 4.693443536758423, 6.148094654083252, 4.723296165466309];[23.783057689666748, 23.494324684143066, 23.456798791885376, 23.763288259506226, 23.5367488861084];[0.9571626076784006, 0.9710937167652188, 0.9763474709660952, 0.9775386055217595, 0.9774747947419917];[0.9483147004838979, 0.9583609271523179, 0.967946842743115, 0.9695093897695428, 0.97120067170445];[0.9670324995746129, 0.9849831964946612, 0.9853235206534224, 0.9860892500106351, 0.9841323860977581];[0.9575821398483572, 0.9714897098621688, 0.9765578885234842, 0.9777290366121141, 0.9776237665603144];[0.9571623977432344, 0.9710937167652189, 0.9763474709660953, 0.9775386055217594, 0.9774747947419917];[0.9901559621088687, 0.9943160901491218, 0.9962250604618924, 0.9959965990313904, 0.9961707958276209]
oscore-base;eth;;1024;d2;cbor;dns_cbor;0;binvec;5;dt;;20833657;[47.43409752845764, 45.96198058128357, 45.33935475349426, 45.46037483215332, 46.8974244594574];[1.952988862991333, 1.9638645648956299, 1.9543542861938477, 1.944871187210083, 1.9566802978515625];[1.0, 1.0, 1.0, 1.0, 1.0];[1.0, 1.0, 1.0, 1.0, 1.0];[1.0, 1.0, 1.0, 1.0, 1.0];[1.0, 1.0, 1.0, 1.0, 1.0];[1.0, 1.0, 1.0, 1.0, 1.0];[1.0, 1.0, 1.0, 1.0, 1.0]
oscore-base;eth;;1024;d2;cbor;dns_cbor;0;binvec;5;rf;n_estimators=250,max_depth=9;931197;[13.72668981552124, 6.8661580085754395, 6.810656547546387, 6.683274745941162, 6.680999279022217];[1.5922269821166992, 1.5137498378753662, 1.462967872619629, 1.5124454498291016, 1.4769470691680908];[0.9495267467829416, 0.9532905092100226, 0.9661377462032587, 0.9656485302250394, 0.9664355298421746];[0.9172754195459033, 0.9192272888224416, 0.9394778005053543, 0.9396690231362468, 0.9403944250311282];[0.988174238557087, 0.9939167056621432, 0.9964691368528523, 0.9951929212574978, 0.9960011911345557];[0.9514058116437655, 0.9551140544518028, 0.9671345995045417, 0.9666342995268888, 0.9673993884802908];[0.9495259247407462, 0.9532905092100226, 0.9661377462032585, 0.9656485302250394, 0.9664355298421747];[0.9937380058010444, 0.9970096694708379, 0.9983484507752303, 0.9984490608148266, 0.9985409834095972]
