protocol;link_layer;link_layer_mode;blocksize;network_setup;data_format;dns_format;randiv_pad;vector_type;k;classifier;classifier_args;job_id;fit_time;score_time;accuracy;precision;recall;f1_score;balanced_accuracy;roc_auc
oscore;eth;;1024;p1;cbor;dns_cbor;0;binvec;5;dt;;20833657;[123.54285168647766, 115.2015745639801, 109.99783444404602, 114.39275407791138, 124.7216911315918];[1.836191177368164, 1.8372507095336914, 1.8397550582885742, 1.8356516361236572, 1.8344905376434326];[0.7465033483088921, 0.7411363299213767, 0.794731599805031, 0.7693644435967534, 0.7994786699726619];[0.7648408110835857, 0.7603282921431206, 0.8151306489123991, 0.8191747572815534, 0.8313594111263153];[0.7092053768929726, 0.7014931722465648, 0.7604117922321011, 0.6891564214914706, 0.7495214191517421];[0.7359731602878206, 0.7297267396835934, 0.7868210229773748, 0.7485617910033963, 0.7883221476510067];[0.746367891149189, 0.7409915185557148, 0.7946062339538884, 0.7690714539889785, 0.799296182548844];[0.7463678911491891, 0.7409915185557148, 0.7946062339538884, 0.7690714539889785, 0.799296182548844]
