protocol,link_layer,link_layer_mode,blocksize,network_setup,data_format,dns_format,vector_type,run,test_size,classifier,classifier_args,true_dns,false_dns,false_data,true_data,accuracy,precision,recall,f1_score
oscore,schc,,1024,p2,cbor,dns_cbor,binvec,1,0.2,nb,,8887,2475,5388,17412,0.769831977050524,0.6225569176882662,0.7821686322830488,0.6932948472910246
oscore,schc,,1024,p2,cbor,dns_cbor,binvec,1,0.2,lr,max_iter=5000,8172,3190,2819,19981,0.8241028042854633,0.7435174233463743,0.7192395704981517,0.73117702321836
oscore,schc,,1024,p2,cbor,dns_cbor,binvec,1,0.2,knn,algorithm=brute,8547,2815,3151,19649,0.8253615127919911,0.7306377158488631,0.7522443231825383,0.7412836079791847
oscore,schc,,1024,p2,cbor,dns_cbor,binvec,1,0.2,svm,C=0.01,8260,3102,2799,20001,0.8272642116972074,0.7469029749525273,0.7269846857947544,0.7368092413362473
oscore,schc,,1024,p2,cbor,dns_cbor,binvec,1,0.2,dt,,7752,3610,3722,19078,0.7853755634915989,0.6756144326302945,0.6822742474916388,0.6789280084077772
oscore,schc,,1024,p2,cbor,dns_cbor,binvec,1,0.2,rf,"n_estimators=250,max_depth=9",8544,2818,2300,20500,0.8501844154323517,0.7879011434894873,0.7519802851610632,0.769521750878141
