protocol;link_layer;link_layer_mode;blocksize;network_setup;data_format;dns_format;randiv_pad;vector_type;k;classifier;classifier_args;job_id;fit_time;score_time;accuracy;precision;recall;f1_score;balanced_accuracy;roc_auc
oscore;schc;;64;d2;json;dns_message;1;binvec;5;knn;algorithm=brute;931197;[3.6847527027130127, 2.0280213356018066, 2.0280840396881104, 2.050680637359619, 2.0238263607025146];[34.06225252151489, 33.885603189468384, 33.880231618881226, 33.93702483177185, 34.15649080276489];[0.9634720294021072, 0.9637254958437265, 0.9668304597535615, 0.9670088483340246, 0.9677519701368726];[0.9744905275569223, 0.9747956728854335, 0.9728293342557942, 0.9736610094776283, 0.9711972744463719];[0.9280728376327769, 0.9284522003034902, 0.9388467374810319, 0.9384816158060062, 0.9430188621982124];[0.9507154460170526, 0.9510597122805381, 0.9555359928338661, 0.9557476992976193, 0.9569006667385246];[0.956603252315316, 0.9568811473692986, 0.9614005631728375, 0.9614733578366106, 0.962952700392375];[0.9868639105030856, 0.9878559896988133, 0.9900532559062858, 0.9900384506008686, 0.9902770763818061]
oscore;schc;;64;d2;json;dns_message;1;binvec;5;dt;;20833657;[19.515443086624146, 19.857967853546143, 18.851775884628296, 19.61577558517456, 20.77569341659546];[0.8397388458251953, 0.8405699729919434, 0.8500361442565918, 0.8642041683197021, 0.876868724822998];[1.0, 1.0, 1.0, 1.0, 1.0];[1.0, 1.0, 1.0, 1.0, 1.0];[1.0, 1.0, 1.0, 1.0, 1.0];[1.0, 1.0, 1.0, 1.0, 1.0];[1.0, 1.0, 1.0, 1.0, 1.0];[1.0, 1.0, 1.0, 1.0, 1.0]
oscore;schc;;64;d2;json;dns_message;1;binvec;5;rf;n_estimators=250,max_depth=9;931197;[12.553802490234375, 9.28652024269104, 9.231093168258667, 9.219691276550293, 9.244317054748535];[0.7776298522949219, 0.7328503131866455, 0.7315900325775146, 0.7355024814605713, 0.8730015754699707];[0.9869695206603953, 0.9848669013151452, 0.9855293704239226, 0.9897863956864371, 0.9872632379372321];[0.989930095771872, 0.9901464094817569, 0.988486791405937, 0.9925948686434168, 0.9889148191365228];[0.9755993930197269, 0.9697875569044007, 0.973216995447648, 0.9804094144068954, 0.9774048164615547];[0.9827125017195787, 0.9798612442025375, 0.9807924637947119, 0.9864645122872913, 0.9831261304576779];[0.9847632874582073, 0.9819409402918742, 0.9831403057336296, 0.9879668644467225, 0.9853502869229858];[0.9996439130413524, 0.9994839152242563, 0.9994098408521936, 0.9996170096191375, 0.9994597808811222]
