protocol,link_layer,link_layer_mode,blocksize,network_setup,data_format,dns_format,vector_type,run,test_size,classifier,classifier_args,true_dns,false_dns,false_data,true_data,accuracy,precision,recall,f1_score
oscore-base,eth,,1024,p1,cbor,dns_cbor,word2vec,1,0.2,nb,,9007,1058,5353,4745,0.6820413628924267,0.6272284122562675,0.894883258817685,0.7375230296827021
oscore-base,eth,,1024,p1,cbor,dns_cbor,word2vec,1,0.2,lr,max_iter=5000,8874,1191,1955,8143,0.8439716312056738,0.8194662480376766,0.8816691505216095,0.8494304585048339
oscore-base,eth,,1024,p1,cbor,dns_cbor,word2vec,1,0.2,knn,algorithm=brute,8377,1688,2637,7461,0.7854981897535089,0.7605774468857818,0.8322901142573274,0.7948194885905403
oscore-base,eth,,1024,p1,cbor,dns_cbor,word2vec,1,0.2,svm,C=0.01,8994,1071,2309,7789,0.8323662153449387,0.7957179509864638,0.893591654247392,0.8418195432422314
oscore-base,eth,,1024,p1,cbor,dns_cbor,word2vec,1,0.2,dt,,9312,753,788,9310,0.9235728810196895,0.921980198019802,0.9251862891207153,0.9235804611951401
oscore-base,eth,,1024,p1,cbor,dns_cbor,word2vec,1,0.2,rf,"n_estimators=250,max_depth=9",9459,606,2552,7546,0.843376481674354,0.7875280992423612,0.9397913561847988,0.8569487225946729
