protocol,link_layer,link_layer_mode,blocksize,network_setup,data_format,dns_format,vector_type,run,test_size,classifier,classifier_args,true_dns,false_dns,false_data,true_data,accuracy,precision,recall,f1_score
oscore-base,schc,,64,p2,cbor,dns_message,word2vec,1,0.2,nb,,24109,1061,18622,23116,0.7058199318467149,0.5642039736959117,0.9578466428287644,0.7101220895126729
oscore-base,schc,,64,p2,cbor,dns_message,word2vec,1,0.2,lr,max_iter=5000,22345,2825,1758,39980,0.9315029592873797,0.9270630212006804,0.8877632101708383,0.9069875996996326
oscore-base,schc,,64,p2,cbor,dns_message,word2vec,1,0.2,knn,algorithm=brute,22880,2290,1984,39754,0.936121241107192,0.9202059202059202,0.9090186730234406,0.9145780869009074
oscore-base,schc,,64,p2,cbor,dns_message,word2vec,1,0.2,svm,C=0.01,22325,2845,1923,39815,0.9287379685538352,0.9206944902672385,0.8869686134286849,0.9035169371484074
oscore-base,schc,,64,p2,cbor,dns_message,word2vec,1,0.2,dt,,23061,2109,2156,39582,0.9362557541699049,0.9145021215846453,0.9162097735399285,0.9153551511302519
oscore-base,schc,,64,p2,cbor,dns_message,word2vec,1,0.2,rf,"n_estimators=250,max_depth=9",23288,1882,2545,39193,0.9338345190410713,0.901482599775481,0.9252284465633691,0.913201184244064
