protocol;link_layer;link_layer_mode;blocksize;network_setup;data_format;dns_format;randiv_pad;vector_type;k;classifier;classifier_args;job_id;fit_time;score_time;accuracy;precision;recall;f1_score;balanced_accuracy;roc_auc
oscore;schc;;1024;p1;json;dns_cbor;0;binvec;5;dt;;20833657;[54.95208406448364, 54.04406929016113, 55.41472268104553, 54.17266225814819, 54.11298680305481];[0.4125204086303711, 0.39476823806762695, 0.397662878036499, 0.4059939384460449, 0.3968498706817627];[0.7535061794734014, 0.7406501880709296, 0.7772031166039763, 0.7613245566899517, 0.7648038688876948];[0.6595599651607529, 0.6484359473746969, 0.6972359863734903, 0.6818769181069294, 0.6817415179446951];[0.6504705706602928, 0.6092997198879552, 0.6726797385620915, 0.6306629318394025, 0.6491503267973856];[0.6549837354041705, 0.628258944044364, 0.6847377725397761, 0.6552707658278197, 0.6650468720107136];[0.7309293101706968, 0.7118668955046615, 0.7542985391646081, 0.7326922127989628, 0.7394602992426034];[0.7309293101706968, 0.7118668955046615, 0.7542985391646081, 0.7326922127989628, 0.7394602992426035]
