protocol,link_layer,blocksize,network_setup,data_format,dns_format,test_size,classifier,classifier_args,true_dns,false_dns,false_data,true_data,accuracy,precision,recall,f1_score
oscore-base,eth,1024,p1,json,dns_message,0.2,nb,,23413,735,11996,13349,0.7427717050896087,0.6612160750091785,0.9695626967036608,0.7862383934718001
oscore-base,eth,1024,p1,json,dns_message,0.2,lr,max_iter=2800,21886,2189,4474,20944,0.8653749015012224,0.8302731411229135,0.9090758047767393,0.8678893625458511
oscore-base,eth,1024,p1,json,dns_message,0.2,knn,"algorithm=brute,n_jobs=-1",20616,3532,5539,19806,0.8167215565837593,0.7882240489390174,0.8537352989895644,0.8196727829354115
oscore-base,eth,1024,p1,json,dns_message,0.2,dt,,19680,4468,4096,21249,0.8269654294546703,0.8277254374158816,0.8149743249958589,0.821300392287789
oscore-base,eth,1024,p1,json,dns_message,0.2,rf,"n_estimators=250,max_depth=9",22814,1334,4703,20642,0.8780231547895662,0.8290874731983865,0.9447573297995693,0.8831510693893352
