protocol;link_layer;link_layer_mode;blocksize;network_setup;data_format;dns_format;randiv_pad;vector_type;k;classifier;classifier_args;job_id;fit_time;score_time;accuracy;precision;recall;f1_score;balanced_accuracy;roc_auc
oscore;schc;;64;d1;cbor;dns_cbor;0;binvec;5;dt;;20833657;[81.58843207359314, 82.14144992828369, 82.51118350028992, 83.12924027442932, 84.14131593704224];[0.7375280857086182, 0.7292571067810059, 0.7146458625793457, 0.7110354900360107, 0.7045764923095703];[0.6771013983711281, 0.730736583295526, 0.7454887383102343, 0.7348270865957354, 0.7218457755857689];[0.46907830907830905, 0.5583428702220188, 0.5818190182637899, 0.5643733357609413, 0.54361451196226];[0.40390490738972695, 0.582265186776465, 0.6037474638978398, 0.5919083422842821, 0.5776106934001671];[0.43405881673955704, 0.5700531635216451, 0.592580444892174, 0.5778129878602885, 0.5600972109709524];[0.6008950789811038, 0.6893207047819199, 0.7059502174970769, 0.6949601122795048, 0.681611610748288];[0.6008950789811038, 0.68932070478192, 0.705950217497077, 0.6949601122795049, 0.681611610748288]
