protocol;link_layer;link_layer_mode;blocksize;network_setup;data_format;dns_format;randiv_pad;vector_type;k;classifier;classifier_args;job_id;fit_time;score_time;accuracy;precision;recall;f1_score;balanced_accuracy;roc_auc
oscore;schc;peer_based;1024;d2;json;dns_cbor;0;binvec;5;dt;;20833657;[53.690290689468384, 53.73741292953491, 52.845024824142456, 51.06884551048279, 53.441219091415405];[0.43971967697143555, 0.42110180854797363, 0.5174446105957031, 0.5146036148071289, 0.5201597213745117];[0.7674852037332119, 0.7671152970635101, 0.7779137263828818, 0.7718814022308218, 0.7778678845305675];[0.6885314792176039, 0.6854000301340968, 0.7057636328352416, 0.7012535094309779, 0.7031315880256047];[0.6875596078281768, 0.6941593865639186, 0.6937015984435204, 0.676534543928585, 0.699832137952083];[0.6880452003283132, 0.6897519000777089, 0.699680634114433, 0.688672284571473, 0.701477983212558];[0.7512897301761418, 0.7523321039456008, 0.7608496647918113, 0.7525610893210708, 0.7620544694298135];[0.7512897301761416, 0.7523321039456009, 0.7608496647918113, 0.7525610893210708, 0.7620544694298134]
