protocol;link_layer;link_layer_mode;blocksize;network_setup;data_format;dns_format;randiv_pad;vector_type;k;classifier;classifier_args;job_id;fit_time;score_time;accuracy;precision;recall;f1_score;balanced_accuracy;roc_auc
oscore;schc;min_rules;1024;d2;cbor;dns_message;0;binvec;5;dt;;20833657;[42.725914478302, 43.0921094417572, 43.39327573776245, 42.659865617752075, 43.380857944488525];[0.3574554920196533, 0.35822629928588867, 0.36498570442199707, 0.35817861557006836, 0.3557627201080322];[0.9132844899087642, 0.9142106718274814, 0.9201548244401437, 0.919186054548722, 0.923402314104425];[0.8984180897568953, 0.8948644615767222, 0.9018729388339245, 0.9007590841214534, 0.9087459625576217];[0.9037329958873774, 0.910661183169883, 0.9170515659601391, 0.9159759569756406, 0.9167668459348307];[0.9010677054583879, 0.9026937188372166, 0.9093989208181704, 0.9083037927032029, 0.9127387832879258];[0.912215135311722, 0.9138132824761764, 0.9198073935865021, 0.9188266929173423, 0.9226594916162896];[0.912215135311722, 0.9138132824761764, 0.9198073935865021, 0.9188266929173422, 0.9226594916162896]
