protocol;link_layer;link_layer_mode;blocksize;network_setup;data_format;dns_format;randiv_pad;vector_type;k;classifier;classifier_args;job_id;fit_time;score_time;accuracy;precision;recall;f1_score;balanced_accuracy;roc_auc
oscore;eth;;64;d1;json;dns_cbor;0;binvec;5;dt;;20833657;[332.18767833709717, 347.50502705574036, 499.1907558441162, 345.5700705051422, 459.5824861526489];[4.348096609115601, 5.127761602401733, 4.509748935699463, 4.303017616271973, 4.581921815872192];[0.6881920321320018, 0.7312744246634825, 0.7379640686061659, 0.7174405666521928, 0.7447012049500651];[0.4464878537176582, 0.5260223471315113, 0.5384760068652575, 0.5030571992110454, 0.5449052631578948];[0.40447775443956463, 0.5517364840673111, 0.5466762143453873, 0.48702709153836976, 0.6178064208139397];[0.424445835942392, 0.5385726601272164, 0.5425451272089828, 0.4949123764477594, 0.5790704178086022];[0.6026711210963274, 0.6771545345348642, 0.6803022862488759, 0.647984762960195, 0.7064500600804202];[0.6026711210963274, 0.6771545345348641, 0.6803022862488759, 0.647984762960195, 0.7064500600804203]
