protocol,link_layer,link_layer_mode,blocksize,network_setup,data_format,dns_format,vector_type,run,test_size,classifier,classifier_args,true_dns,false_dns,false_data,true_data,accuracy,precision,recall,f1_score
oscore,schc,min_rules,1024,d2,json,dns_message,binvec,1,0.2,nb,,7754,5459,4112,19132,0.7374715418163864,0.6534636777347042,0.5868462877469159,0.6183659635551657
oscore,schc,min_rules,1024,d2,json,dns_message,binvec,1,0.2,lr,max_iter=5000,11621,1592,1298,21946,0.9207285295005074,0.8995278272312098,0.8795126012260652,0.8894076228378999
oscore,schc,min_rules,1024,d2,json,dns_message,binvec,1,0.2,knn,algorithm=brute,11408,1805,3429,19815,0.8564336067147599,0.7688885893374672,0.8633921138272913,0.8134046345811051
oscore,schc,min_rules,1024,d2,json,dns_message,binvec,1,0.2,svm,C=0.01,11600,1613,1328,21916,0.9193296211975752,0.8972772277227723,0.8779232573980171,0.8874947400635018
oscore,schc,min_rules,1024,d2,json,dns_message,binvec,1,0.2,dt,,11982,1231,1568,21676,0.9232246207861317,0.8842804428044281,0.906834178460607,0.8954153121847327
oscore,schc,min_rules,1024,d2,json,dns_message,binvec,1,0.2,rf,"n_estimators=250,max_depth=9",8459,4754,813,22431,0.8472995583838495,0.9123166522864539,0.6402028305456747,0.7524127195908383
