protocol;link_layer;link_layer_mode;blocksize;network_setup;data_format;dns_format;randiv_pad;vector_type;k;classifier;classifier_args;job_id;fit_time;score_time;accuracy;precision;recall;f1_score;balanced_accuracy;roc_auc
oscore-base;eth;;64;d1;json;dns_cbor;0;binvec;5;dt;;20833657;[519.1452915668488, 544.7943842411041, 719.6967399120331, 538.3476507663727, 719.862646818161];[5.886311292648315, 5.990028619766235, 5.75635838508606, 5.889925479888916, 5.810311794281006];[0.6866587060356057, 0.7280924337820235, 0.7323056882327399, 0.7084780720798958, 0.6836531155015197];[0.4442798482249597, 0.5200830718925368, 0.5278966029966831, 0.488671157379057, 0.46208697881613947];[0.40803417987397367, 0.5618808927079604, 0.5508294545888531, 0.5523809523809524, 0.6883160281656522];[0.4253863189588673, 0.5401746273965373, 0.539119261768485, 0.5185766145296464, 0.5529573062578499];[0.6026720152422117, 0.6779896515446491, 0.6776015193359064, 0.6614241795185329, 0.685058703201948];[0.6026720152422116, 0.6779896515446491, 0.6776015193359064, 0.6614241795185329, 0.685058703201948]
