protocol;link_layer;link_layer_mode;blocksize;network_setup;data_format;dns_format;randiv_pad;vector_type;k;classifier;classifier_args;job_id;fit_time;score_time;accuracy;precision;recall;f1_score;balanced_accuracy;roc_auc
oscore-base;schc;;1024;p1;cbor;dns_message;0;binvec;5;dt;;20937591;[44.16616702079773, 50.097492694854736, 50.91773509979248, 46.382298946380615, 48.15297031402588];[0.41734910011291504, 0.4125220775604248, 0.4350161552429199, 0.41650962829589844, 0.412217378616333];[0.9015126375753554, 0.9143714396327637, 0.9189204136939328, 0.918464133620928, 0.9244362097811208];[0.8845924297157217, 0.8946371456075521, 0.899683308494784, 0.8987593052109181, 0.9127044263433731];[0.8908889591901297, 0.9114204365707055, 0.9167035748180955, 0.9167009396058085, 0.9145812901388845];[0.8877295295137521, 0.9029508093962045, 0.9081136983296249, 0.9076414665852245, 0.9136418943476131];[0.9003248647205745, 0.9140415048206969, 0.9186725615899192, 0.9182669624960149, 0.9233342664281886];[0.9003248647205745, 0.9140415048206969, 0.9186725615899192, 0.9182669624960148, 0.9233342664281886]
