protocol;link_layer;link_layer_mode;blocksize;network_setup;data_format;dns_format;randiv_pad;vector_type;k;classifier;classifier_args;job_id;fit_time;score_time;accuracy;precision;recall;f1_score;balanced_accuracy;roc_auc
oscore;eth;;64;p1;cbor;dns_cbor;0;binvec;5;dt;;20833657;[291.62927889823914, 304.6823904514313, 307.74114751815796, 299.0242986679077, 302.5979871749878];[3.48549485206604, 3.4548449516296387, 3.4612176418304443, 3.4303250312805176, 3.413815498352051];[0.7127442966485844, 0.7280002972430705, 0.7444824255034554, 0.7325981466756831, 0.7467990398977477];[0.5360866078588613, 0.5605602856358143, 0.5866965275212412, 0.5678536170994329, 0.5833333333333334];[0.574422379224747, 0.5846043680630146, 0.6065401599236185, 0.5903807136889844, 0.6534670008354219];[0.5545928008480435, 0.5723299099162256, 0.5964533430351966, 0.5788980948368675, 0.6164116766298535];[0.6748495779413547, 0.6887143771796055, 0.7066906356672314, 0.693635443923932, 0.7212292597461094];[0.6748495779413546, 0.6887143771796055, 0.7066906356672314, 0.693635443923932, 0.7212292597461095]
