protocol;link_layer;link_layer_mode;blocksize;network_setup;data_format;dns_format;randiv_pad;vector_type;k;classifier;classifier_args;job_id;fit_time;score_time;accuracy;precision;recall;f1_score;balanced_accuracy;roc_auc
oscore;schc;;64;d1;json;dns_cbor;1;binvec;5;dt;;20833657;[117.42829489707947, 104.44629263877869, 108.4502272605896, 122.29315686225891, 124.66073989868164];[0.9149796962738037, 0.9073607921600342, 0.8650140762329102, 0.9475994110107422, 0.8664035797119141];[0.694491052388815, 0.7340249878002313, 0.7426015923204963, 0.732881886184514, 0.7363027434622172];[0.4473494909251881, 0.5239949891811867, 0.5397439504783342, 0.5220070022279816, 0.5280669571199266];[0.38593183120106933, 0.5491347416159447, 0.5494450411743644, 0.5480606277598759, 0.5496837331423797];[0.4143772424397745, 0.5362703962703963, 0.5445512934246478, 0.5347166427964276, 0.5386585579790656];[0.6002288848568742, 0.6775414278935263, 0.6835926945922706, 0.6764194018852863, 0.6792913869849433];[0.6002288848568742, 0.6775414278935264, 0.6835926945922705, 0.6764194018852862, 0.6792913869849432]
