protocol;link_layer;link_layer_mode;blocksize;network_setup;data_format;dns_format;randiv_pad;vector_type;k;classifier;classifier_args;job_id;fit_time;score_time;accuracy;precision;recall;f1_score;balanced_accuracy;roc_auc
oscore;schc;;64;p2;cbor;dns_message;1;binvec;5;dt;;20833657;[155.56376957893372, 157.53951835632324, 156.92188215255737, 157.44443702697754, 156.30816793441772];[0.9856002330780029, 1.0233027935028076, 0.9789454936981201, 1.0149257183074951, 0.9813189506530762];[0.5854464187749397, 0.5921947726459005, 0.6096924338496009, 0.6046799025212801, 0.6146934155665662];[0.45798541229535106, 0.4657072248873383, 0.4872163824179819, 0.4809452810496496, 0.4936689385663954];[0.48688922610015173, 0.4861305007587253, 0.4881183611532625, 0.4894840667678301, 0.4869117892532512];[0.4719952338572658, 0.47569975499294676, 0.4876669547156653, 0.4851771076182598, 0.49026708226378196];[0.5664423663199538, 0.5717434895231734, 0.5862505552899607, 0.5824678738179762, 0.5900536367094655];[0.5664423663199538, 0.5717434895231734, 0.5862505552899608, 0.5824678738179762, 0.5900536367094656]
