protocol;link_layer;link_layer_mode;blocksize;network_setup;data_format;dns_format;randiv_pad;vector_type;k;classifier;classifier_args;job_id;fit_time;score_time;accuracy;precision;recall;f1_score;balanced_accuracy;roc_auc
oscore;schc;;64;p1;json;dns_cbor;1;binvec;5;dt;;20833657;[155.9162893295288, 154.31929731369019, 153.31362986564636, 154.03426909446716, 154.55252981185913];[0.9564647674560547, 1.0206656455993652, 1.471944808959961, 1.0085511207580566, 0.9930498600006104];[0.6382173240289406, 0.643305791189368, 0.657788351569046, 0.6508161730078834, 0.6613212970777831];[0.31226474619786343, 0.3283447944317873, 0.344354142214939, 0.3367351323478859, 0.3485325183154299];[0.34255435950068025, 0.37494331336372533, 0.37114829224049456, 0.3740929921710903, 0.37017853733053274];[0.3267090077169979, 0.35010028972587476, 0.3572495232843982, 0.35443238353686113, 0.3590295622381184];[0.5413166501886264, 0.5553525875263656, 0.5638448475428277, 0.5601213001739911, 0.5659008795525289];[0.5413166501886264, 0.5553525875263655, 0.5638448475428276, 0.5601213001739911, 0.5659008795525289]
