protocol;link_layer;link_layer_mode;blocksize;network_setup;data_format;dns_format;randiv_pad;vector_type;k;classifier;classifier_args;job_id;fit_time;score_time;accuracy;precision;recall;f1_score;balanced_accuracy;roc_auc
oscore;schc;;64;p2;json;dns_message;1;binvec;5;dt;;20833657;[182.4789960384369, 193.83523535728455, 186.8091630935669, 190.81534266471863, 197.45450258255005];[1.139540195465088, 1.2148337364196777, 1.200047254562378, 1.1713151931762695, 1.1946909427642822];[0.5913721014570045, 0.5969825287454402, 0.61571772937688, 0.6092433389508715, 0.6187715658615411];[0.42466869967256426, 0.4308458138437111, 0.4538170687792582, 0.44616980250087646, 0.4577979987303123];[0.4585584218512898, 0.45705614567526553, 0.45896813353566007, 0.46347496206373295, 0.4595972624774276];[0.44096338073384456, 0.44356412314353244, 0.4563780668135317, 0.45465777486677184, 0.4586958661789985];[0.5609514693296973, 0.564932750161493, 0.5798146371250433, 0.5758554666907048, 0.5823124461193138];[0.5609514693296973, 0.564932750161493, 0.5798146371250434, 0.5758554666907046, 0.5823124461193138]
