protocol;link_layer;link_layer_mode;blocksize;network_setup;data_format;dns_format;randiv_pad;vector_type;k;classifier;classifier_args;job_id;fit_time;score_time;accuracy;precision;recall;f1_score;balanced_accuracy;roc_auc
oscore-base;schc;;1024;p2;json;dns_message;0;binvec;5;dt;;20833657;[57.10765743255615, 65.45317959785461, 66.3980803489685, 65.73447179794312, 64.2429563999176];[0.47195935249328613, 0.4794600009918213, 0.471585750579834, 0.47348451614379883, 0.47322940826416016];[0.8397420650651445, 0.9085323149702023, 0.9171875206469601, 0.9134347291779537, 0.9148882751694702];[0.8570538202082417, 0.8826976744186047, 0.8914534668149796, 0.8865165072508485, 0.8925006239081608];[0.7396380434094793, 0.9006834145415428, 0.9128618889416231, 0.9090966619205821, 0.9052365132099351];[0.7940287354369756, 0.8915998496617389, 0.9020306711063171, 0.8976646098570648, 0.8988234554908029];[0.8255845871431131, 0.907422327179555, 0.9165757075857144, 0.9128211572445533, 0.9135231395238277];[0.8255845871431132, 0.907422327179555, 0.9165757075857144, 0.9128211572445533, 0.9135231395238277]
