protocol;link_layer;link_layer_mode;blocksize;network_setup;data_format;dns_format;randiv_pad;vector_type;k;classifier;classifier_args;job_id;fit_time;score_time;accuracy;precision;recall;f1_score;balanced_accuracy;roc_auc
oscore-base;eth;;64;p2;json;dns_cbor;0;binvec;5;dt;;20833657;[638.8066363334656, 656.3822674751282, 655.8320021629333, 656.681755065918, 654.8148884773254];[8.005258083343506, 7.768660545349121, 7.636466979980469, 7.758826494216919, 7.790596961975098];[0.6946162567932127, 0.8009915235682337, 0.7844061806011698, 0.7801836038910263, 0.77205905351725];[0.5275379441970371, 0.6833867276887872, 0.6488048107171136, 0.6471183903491392, 0.6237228255414818];[0.5597666232701674, 0.7199961425333912, 0.7309417040358744, 0.7087301395954384, 0.7491380765243388];[0.543174640308808, 0.7012139284791847, 0.6874284353849468, 0.6765244007686732, 0.6807019081210156];[0.6595574121130542, 0.779934186814227, 0.7705063819579877, 0.76160638126554, 0.7660998170185203];[0.6595574121130542, 0.779934186814227, 0.7705063819579877, 0.76160638126554, 0.7660998170185203]
