protocol,link_layer,blocksize,network_setup,data_format,dns_format,test_size,classifier,classifier_args,true_data,false_data,false_dns,true_dns,accuracy,precision,recall,f1_score
oscore,eth,1024,p2,json,dns_message,0.2,nb,,23033,986,15432,11470,0.6775789949136898,0.9208413615928067,0.426362352241469,0.5828548198587327
oscore,eth,1024,p2,json,dns_message,0.2,lr,max_iter=600,21876,2143,4489,22413,0.8697590385106341,0.912730086333279,0.8331350828934652,0.8711181934781764
oscore,eth,1024,p2,json,dns_message,0.2,knn,"algorithm=brute,n_jobs=-1",21962,2057,6532,20370,0.8313269574438836,0.9082801979756543,0.7571927737714668,0.8258833546189868
oscore,eth,1024,p2,json,dns_message,0.2,dt,,19595,4424,4088,22814,0.832839103709668,0.837579851677803,0.8480410378410527,0.8427779830070189
oscore,eth,1024,p2,json,dns_message,0.2,rf,"n_estimators=250,max_depth=9",22888,1131,4862,22040,0.8823078886903243,0.951188986232791,0.8192699427551855,0.8803147404789008
