protocol,link_layer,link_layer_mode,blocksize,network_setup,data_format,dns_format,vector_type,run,test_size,classifier,classifier_args,true_dns,false_dns,false_data,true_data,accuracy,precision,recall,f1_score
oscore-base,schc,,64,p1,json,dns_cbor,binvec,1,0.2,nb,,11062,6164,13017,35180,0.7068156458737753,0.45940446031811955,0.6421688145826077,0.5356252269701005
oscore-base,schc,,64,p1,json,dns_cbor,binvec,1,0.2,lr,max_iter=5000,8936,8290,4669,43528,0.8019198141326445,0.6568173465637633,0.5187507256472774,0.5796762998280951
oscore-base,schc,,64,p1,json,dns_cbor,binvec,1,0.2,knn,algorithm=brute,9788,7438,3855,44342,0.8273848646500466,0.7174375137433116,0.568210844072913,0.6341637241245263
oscore-base,schc,,64,p1,json,dns_cbor,binvec,1,0.2,svm,C=0.01,8871,8355,4611,43586,0.8018128181220672,0.6579884290164664,0.514977359804946,0.5777647518561938
oscore-base,schc,,64,p1,json,dns_cbor,binvec,1,0.2,dt,,9812,7414,8543,39654,0.7560949513168151,0.5345682375374557,0.5696040868454662,0.551530311121104
oscore-base,schc,,64,p1,json,dns_cbor,binvec,1,0.2,rf,"n_estimators=250,max_depth=9",8933,8293,4395,43802,0.8060620882564236,0.6702430972388955,0.5185765703007083,0.5847352228840741
