protocol;link_layer;link_layer_mode;blocksize;network_setup;data_format;dns_format;randiv_pad;vector_type;k;classifier;classifier_args;job_id;fit_time;score_time;accuracy;precision;recall;f1_score;balanced_accuracy;roc_auc
oscore-base;eth;;64;p1;cbor;dns_message;0;binvec;5;dt;;20833657;[770.1802203655243, 869.4744312763214, 874.2106804847717, 881.8791875839233, 816.4273386001587];[6.459856748580933, 6.208921194076538, 6.582722425460815, 6.403945684432983, 6.430958986282349];[0.5729176537477495, 0.8677007631807215, 0.8704770096509898, 0.8728751785870484, 0.8772268711549115];[0.526925069255197, 0.8518548943580981, 0.8430637811403439, 0.8505797101449275, 0.8446689884587153];[0.38365419304056936, 0.8502344954248795, 0.870699550687088, 0.8661736250040996, 0.8869010527696697];[0.4440184849548789, 0.8510439235769155, 0.8566588417511677, 0.8583058448838985, 0.8652700119187604];[0.554011672740317, 0.8659560158046098, 0.8704992386403974, 0.8722057795125213, 0.8781931975655818];[0.5540116727403169, 0.8659560158046098, 0.8704992386403974, 0.8722057795125213, 0.8781931975655818]
