protocol,link_layer,link_layer_mode,blocksize,network_setup,data_format,dns_format,vector_type,run,test_size,classifier,classifier_args,true_dns,false_dns,false_data,true_data,accuracy,precision,recall,f1_score
oscore-base,schc,,64,d1,json,dns_cbor,binvec,1,0.2,nb,,7646,9846,11319,52798,0.7406536043818697,0.4031637226469813,0.4371141093071118,0.41945305428312807
oscore-base,schc,,64,d1,json,dns_cbor,binvec,1,0.2,lr,max_iter=5000,7988,9504,4495,59622,0.8284625470229999,0.6399102779780501,0.4566659044134461,0.532977481234362
oscore-base,schc,,64,d1,json,dns_cbor,binvec,1,0.2,knn,algorithm=brute,9401,8091,3936,60181,0.8526265485424401,0.7048811576816375,0.537445689458038,0.6098803075026761
oscore-base,schc,,64,d1,json,dns_cbor,binvec,1,0.2,svm,C=0.01,8050,9442,4372,59745,0.8307294538592557,0.6480437932700048,0.4602103818888635,0.5382095339974594
oscore-base,schc,,64,d1,json,dns_cbor,binvec,1,0.2,dt,,9644,7848,9133,54984,0.7919224595326496,0.5136070724822922,0.5513377544020124,0.5318040199619509
oscore-base,schc,,64,d1,json,dns_cbor,binvec,1,0.2,rf,"n_estimators=250,max_depth=9",8650,8842,4651,59466,0.8346628435589212,0.6503270430794678,0.49451177681225705,0.5618159971422076
