protocol,link_layer,link_layer_mode,blocksize,network_setup,data_format,dns_format,vector_type,run,test_size,classifier,classifier_args,true_dns,false_dns,false_data,true_data,accuracy,precision,recall,f1_score
oscore,schc,,64,p2,cbor,dns_message,word2vec,1,0.2,nb,,23551,4367,33665,29149,0.5808314596834634,0.41161563199105144,0.8435776201733649,0.5532689642211103
oscore,schc,,64,p2,cbor,dns_message,word2vec,1,0.2,lr,max_iter=5000,21246,6672,3772,59042,0.884891769166336,0.8492285554400831,0.7610143993122717,0.8027051533927761
oscore,schc,,64,p2,cbor,dns_message,word2vec,1,0.2,knn,algorithm=brute,21880,6038,4760,58054,0.8809901688489177,0.8213213213213213,0.7837237624471667,0.8020821877634811
oscore,schc,,64,p2,cbor,dns_message,word2vec,1,0.2,svm,C=0.01,20581,7337,3419,59395,0.8814530705814927,0.8575416666666666,0.7371946414499606,0.792827150506568
oscore,schc,,64,p2,cbor,dns_message,word2vec,1,0.2,dt,,21694,6224,6334,56480,0.8615923819600582,0.7740117025831311,0.7770613940826707,0.7755335502091303
oscore,schc,,64,p2,cbor,dns_message,word2vec,1,0.2,rf,"n_estimators=250,max_depth=9",21195,6723,3524,59290,0.8870629987215095,0.857437598608358,0.7591876208897486,0.8053270513137147
