protocol;link_layer;link_layer_mode;blocksize;network_setup;data_format;dns_format;randiv_pad;vector_type;k;classifier;classifier_args;job_id;fit_time;score_time;accuracy;precision;recall;f1_score;balanced_accuracy;roc_auc
oscore;schc;peer_based;1024;d2;json;dns_message;0;binvec;5;dt;;20833657;[68.2559962272644, 69.62732243537903, 66.67667484283447, 61.838608741760254, 65.27225875854492];[0.4529891014099121, 0.4575049877166748, 0.4546668529510498, 0.41869139671325684, 0.4411773681640625];[0.7403282067543999, 0.7452698060356218, 0.7461154273029966, 0.7442920564452196, 0.7497192236037155];[0.6959328810670862, 0.6976058459664755, 0.6961917123049163, 0.692339076672002, 0.7000031578614963];[0.6717810819360962, 0.6885795634292945, 0.6957291996203733, 0.6978804175893705, 0.7012876079597583];[0.6836437390338522, 0.6930633169349317, 0.6959603791199228, 0.6950987033856916, 0.700644794234781];[0.7306357422204872, 0.7372538875366739, 0.7389908874173927, 0.73772951768428, 0.7428705136046012];[0.7306357422204871, 0.7372538875366739, 0.7389908874173926, 0.73772951768428, 0.7428705136046012]
