protocol;link_layer;link_layer_mode;blocksize;network_setup;data_format;dns_format;randiv_pad;vector_type;k;classifier;classifier_args;job_id;fit_time;score_time;accuracy;precision;recall;f1_score;balanced_accuracy;roc_auc
oscore;eth;;64;d2;json;dns_message;1;binvec;5;knn;algorithm=brute;884088;[120.28243398666382, 49.426178216934204, 58.772947788238525, 18.57941222190857, 55.55780529975891];[212.0319173336029, 196.04374623298645, 247.60064315795898, 208.3917999267578, 243.40188097953796];[0.9657638945611967, 0.9660612496134705, 0.9721465369872285, 0.9718839886345735, 0.9740543883498545];[0.9702490991696694, 0.971438883919464, 0.9762817515973197, 0.9758788332086762, 0.97582618391303];[0.9397723823975721, 0.9393474962063733, 0.9506525037936268, 0.9503634349534894, 0.9562057087360961];[0.9547675942341787, 0.9551237048980505, 0.963296686399631, 0.9629521429944263, 0.9659163198516169];[0.9608860205794378, 0.9610479104016406, 0.9681127766321139, 0.9678450855026788, 0.9707046098515644];[0.9916989100124906, 0.9919725016308745, 0.9936340984776976, 0.9937146472823783, 0.9944490922308954]
oscore;eth;;64;d2;json;dns_message;1;binvec;5;dt;;20833657;[404.29814314842224, 426.6867780685425, 482.9780077934265, 443.38127994537354, 436.5823829174042];[6.20636248588562, 6.587181806564331, 7.124546766281128, 5.33509635925293, 6.1732916831970215];[1.0, 1.0, 1.0, 1.0, 1.0];[1.0, 1.0, 1.0, 1.0, 1.0];[1.0, 1.0, 1.0, 1.0, 1.0];[1.0, 1.0, 1.0, 1.0, 1.0];[1.0, 1.0, 1.0, 1.0, 1.0];[1.0, 1.0, 1.0, 1.0, 1.0]
oscore;eth;;64;d2;json;dns_message;1;binvec;5;rf;n_estimators=250,max_depth=9;895868;[31.746431827545166, 5813.435029029846, 19.09763193130493, 16.208884477615356, 18.060173749923706];[14.944262981414795, 763.5625026226044, 5.19640851020813, 5.171188592910767, 3.4991157054901123];[0.9626016639634069, 0.9643109272624375, 0.970903808117995, 0.971376395152774, 0.9746203259100218];[0.9828106739384496, 0.9852752569118626, 0.9905771306154664, 0.9892669779082639, 0.9882438799955577];[0.9188012139605463, 0.9209408194233687, 0.9332018209408194, 0.9357046389171307, 0.9452343738144736];[0.9497286444772093, 0.9520224005270712, 0.9610338873131588, 0.96174062231927, 0.9662607616536105];[0.954381554486387, 0.9561717092747051, 0.963828319780627, 0.9646816432372152, 0.9691052719894184];[0.9933155183403429, 0.9937215396368742, 0.9946713049381134, 0.9948955916596466, 0.9949567195362258]
