protocol,link_layer,link_layer_mode,blocksize,network_setup,data_format,dns_format,vector_type,run,test_size,classifier,classifier_args,true_dns,false_dns,false_data,true_data,accuracy,precision,recall,f1_score
oscore,schc,,64,d1,cbor,dns_cbor,binvec,1,0.2,nb,,7698,9890,10428,45327,0.7229728808475246,0.4246938099966898,0.4376847850807369,0.43109144873158983
oscore,schc,,64,d1,cbor,dns_cbor,binvec,1,0.2,lr,max_iter=5000,8169,9419,4754,51001,0.806757291084357,0.6321287626712063,0.4644644075506027,0.5354790075710399
oscore,schc,,64,d1,cbor,dns_cbor,binvec,1,0.2,knn,algorithm=brute,9370,8218,5777,49978,0.8091842438951229,0.6186043440945401,0.5327496020013646,0.5724759431800824
oscore,schc,,64,d1,cbor,dns_cbor,binvec,1,0.2,svm,C=0.01,8195,9393,4626,51129,0.8088570143026601,0.6391857109429842,0.4659426881964976,0.5389851688644809
oscore,schc,,64,d1,cbor,dns_cbor,binvec,1,0.2,dt,,9788,7800,8957,46798,0.7715255716291943,0.5221659109095759,0.5565158062315215,0.5387939338893017
oscore,schc,,64,d1,cbor,dns_cbor,binvec,1,0.2,rf,"n_estimators=250,max_depth=9",8331,9257,4243,51512,0.8159333542396684,0.6625576586607285,0.47367523311348647,0.5524169484782177
