protocol;link_layer;link_layer_mode;blocksize;network_setup;data_format;dns_format;randiv_pad;vector_type;k;classifier;classifier_args;job_id;fit_time;score_time;accuracy;precision;recall;f1_score;balanced_accuracy;roc_auc
oscore;eth;;1024;d1;cbor;dns_cbor;0;binvec;5;dt;;20833657;[124.04565501213074, 124.03708410263062, 122.52826523780823, 161.3579626083374, 175.77090573310852];[1.780088186264038, 1.7787938117980957, 1.7744126319885254, 1.7896449565887451, 1.7755978107452393];[0.8632138679144954, 0.8704853873314332, 0.883396435104437, 0.8806100310545795, 0.8839707321223466];[0.8657215059750717, 0.870658835546476, 0.8928213398422177, 0.8921370967741935, 0.8983581957807397];[0.8597924110940957, 0.8702514144722848, 0.871400008508104, 0.8659122814480793, 0.8659122814480793];[0.8627467719560346, 0.8704550773354892, 0.8819806243272336, 0.8788290913800919, 0.8818368894183906];[0.8632139406897712, 0.8704853873314331, 0.883396435104437, 0.8806100310545795, 0.8839707321223466];[0.8632139406897713, 0.8704853873314331, 0.8833964351044371, 0.8806100310545795, 0.8839707321223467]
