protocol;link_layer;link_layer_mode;blocksize;network_setup;data_format;dns_format;randiv_pad;vector_type;k;classifier;classifier_args;job_id;fit_time;score_time;accuracy;precision;recall;f1_score;balanced_accuracy;roc_auc
oscore;schc;min_rules;1024;d2;cbor;dns_cbor;1;binvec;5;dt;;20833657;[29.049533367156982, 30.53098177909851, 29.668219566345215, 29.625553369522095, 29.397984266281128];[0.32122039794921875, 0.31850433349609375, 0.31851911544799805, 0.32893896102905273, 0.318234920501709];[0.9418618546845124, 0.9409506453154876, 0.9377380756763216, 0.933570350895538, 0.9327935706496572];[0.9238890998860615, 0.9182952495490078, 0.9066892963878538, 0.9046627500557746, 0.9047494780793319];[0.9279774166475929, 0.9321329111509556, 0.9374737725556022, 0.9281654141075039, 0.9258383244954793];[0.9259287454323996, 0.9251623407356923, 0.9218245929927227, 0.9162633927730808, 0.9151724267963874];[0.9393876771428488, 0.9393791657961943, 0.937690974173701, 0.9326071362214416, 0.9315540750883977];[0.9393876771428488, 0.9393791657961943, 0.9376909741737008, 0.9326071362214415, 0.9315540750883976]
