protocol;link_layer;link_layer_mode;blocksize;network_setup;data_format;dns_format;randiv_pad;vector_type;k;classifier;classifier_args;job_id;fit_time;score_time;accuracy;precision;recall;f1_score;balanced_accuracy;roc_auc
oscore-base;eth;;1024;p2;json;dns_cbor;0;binvec;5;dt;;20833657;[239.10383486747742, 239.99109411239624, 236.47888016700745, 228.93238806724548, 230.96812629699707];[2.4996893405914307, 2.538095474243164, 2.5544731616973877, 2.5388190746307373, 2.527691125869751];[0.9993193661597363, 0.9999361892202323, 0.9999149189603097, 0.9999787297400774, 0.9999787297400774];[1.0, 1.0, 0.9999149189603097, 1.0, 1.0];[0.9986387612727582, 0.9998723784404645, 0.9999149189603097, 0.9999574594801548, 0.9999574594801548];[0.9993189170781542, 0.9999361851481569, 0.9999149189603097, 0.9999787292876439, 0.9999787292876439];[0.9993193806363792, 0.9999361892202323, 0.9999149189603097, 0.9999787297400774, 0.9999787297400774];[0.9993193806363792, 0.9999361892202323, 0.9999149189603097, 0.9999787297400774, 0.9999787297400774]
