protocol;link_layer;link_layer_mode;blocksize;network_setup;data_format;dns_format;randiv_pad;vector_type;k;classifier;classifier_args;job_id;fit_time;score_time;accuracy;precision;recall;f1_score;balanced_accuracy;roc_auc
oscore;eth;;1024;p1;json;dns_cbor;0;binvec;5;dt;;20833657;[154.53999638557434, 140.24029231071472, 132.83381485939026, 129.50643944740295, 143.3099467754364];[1.9990043640136719, 2.019618034362793, 2.0570173263549805, 2.0663204193115234, 2.0376813411712646];[0.7467740226718932, 0.7116643712257654, 0.753278949041212, 0.7010064625489988, 0.7642758766818519];[0.7555388493344536, 0.7401853739020721, 0.7849080167155003, 0.7543308791684712, 0.7830042055220333];[0.726773864216437, 0.6488705491981112, 0.6951546347896371, 0.592759603522355, 0.7286765644276173];[0.7408772576483598, 0.6915264995239606, 0.7373099309660245, 0.6638557373925058, 0.7548641561818302];[0.7466984531957348, 0.7114244674393122, 0.7530568851084288, 0.7005929054423663, 0.764139869515396];[0.7466984531957348, 0.7114244674393122, 0.7530568851084288, 0.7005929054423663, 0.764139869515396]
