protocol;link_layer;link_layer_mode;blocksize;network_setup;data_format;dns_format;randiv_pad;vector_type;k;classifier;classifier_args;job_id;fit_time;score_time;accuracy;precision;recall;f1_score;balanced_accuracy;roc_auc
oscore;schc;;1024;d2;cbor;dns_cbor;0;binvec;5;dt;;20833657;[25.66977834701538, 26.021153211593628, 25.921877145767212, 24.186785459518433, 25.962122678756714];[0.3177013397216797, 0.3174905776977539, 0.31752538681030273, 0.32884788513183594, 0.3208317756652832];[0.9548123907293674, 0.9542146710300204, 0.9578009892261025, 0.957038896609435, 0.9578159322185861];[0.9361950265227041, 0.9336155546397932, 0.9378158810976751, 0.9390142964635064, 0.9414206990261946];[0.9493381146759241, 0.950711479037119, 0.9556327013314004, 0.9521611414183802, 0.9515126082478159];[0.9427207637231504, 0.9420859637848259, 0.9466404655732749, 0.9455420226166348, 0.9464397518356196];[0.9538377711042979, 0.9535909758357453, 0.9574149553625657, 0.9561704793266608, 0.9566937120044228];[0.9538377711042979, 0.9535909758357451, 0.9574149553625658, 0.9561704793266608, 0.9566937120044227]
