protocol,link_layer,blocksize,network_setup,data_format,dns_format,test_size,classifier,classifier_args,true_data,false_data,false_dns,true_dns,accuracy,precision,recall,f1_score
oscore,eth,1024,p1,cbor,dns_cbor,0.2,nb,,11848,14227,3781,20376,0.6415034241121198,0.5888506776869058,0.8434822204743967,0.6935330156569095
oscore,eth,1024,p1,cbor,dns_cbor,0.2,lr,max_iter=2600,21404,4671,2800,21357,0.8512701067048893,0.8205394190871369,0.8840915676615474,0.8511308159808708
oscore,eth,1024,p1,cbor,dns_cbor,0.2,knn,"algorithm=brute,n_jobs=-1",16481,9594,3504,20653,0.7392498805542284,0.6828115184977023,0.854948876102165,0.7592456437026689
oscore,eth,1024,p1,cbor,dns_cbor,0.2,dt,,21473,4602,4930,19227,0.8102404841535277,0.806873977086743,0.7959183673469388,0.8013587296294753
oscore,eth,1024,p1,cbor,dns_cbor,0.2,rf,"n_estimators=250,max_depth=9",21015,5060,1552,22605,0.8683707596751075,0.8170974155069582,0.9357536117895434,0.8724094014125275
