protocol,link_layer,blocksize,network_setup,data_format,dns_format,test_size,classifier,classifier_args,true_data,false_data,false_dns,true_dns,accuracy,precision,recall,f1_score
oscore,eth,1024,p2,json,dns_cbor,0.2,nb,,7434,19421,297,23769,0.612772726380079,0.5503357258624682,0.987658937920718,0.706821696205543
oscore,eth,1024,p2,json,dns_cbor,0.2,lr,max_iter=2600,22164,4691,3328,20738,0.8425207674633255,0.8155255810295332,0.8617136208759245,0.8379836347105768
oscore,eth,1024,p2,json,dns_cbor,0.2,knn,"algorithm=brute,n_jobs=-1",19524,7331,3538,20528,0.7865517173661162,0.7368534405398615,0.8529876173855231,0.7906788637457872
oscore,eth,1024,p2,json,dns_cbor,0.2,dt,,21880,4975,5187,18879,0.8004359694428624,0.7914395908443028,0.7844677137870855,0.7879382303839733
oscore,eth,1024,p2,json,dns_cbor,0.2,rf,"n_estimators=250,max_depth=9",21111,5744,1740,22326,0.8530272382710473,0.7953687210545066,0.9276988282223885,0.8564523553782415
