protocol,link_layer,blocksize,network_setup,data_format,dns_format,test_size,classifier,classifier_args,true_dns,false_dns,false_data,true_data,accuracy,precision,recall,f1_score
oscore,eth,1024,p2,json,dns_message,0.2,nb,,23151,902,19451,7417,0.6003024292531568,0.5434251913055725,0.9624994803143059,0.6946515640237041
oscore,eth,1024,p2,json,dns_message,0.2,lr,max_iter=2800,21964,2138,4498,22321,0.8696804854578661,0.8300204066208148,0.911293668575222,0.8687603828811011
oscore,eth,1024,p2,json,dns_message,0.2,knn,"algorithm=brute,n_jobs=-1",20173,3880,5331,21537,0.8191119577384576,0.790973964868256,0.8386895605537771,0.8141332203321427
oscore,eth,1024,p2,json,dns_message,0.2,dt,,19601,4452,4255,22613,0.8290096423872273,0.8216381623071763,0.8149087431921174,0.8182596171909244
oscore,eth,1024,p2,json,dns_message,0.2,rf,"n_estimators=250,max_depth=9",22970,1083,4852,22016,0.8834469079554604,0.8256056358277623,0.9549744314638506,0.8855903614457832
