protocol,link_layer,link_layer_mode,blocksize,network_setup,data_format,dns_format,vector_type,run,test_size,classifier,classifier_args,true_dns,false_dns,false_data,true_data,accuracy,precision,recall,f1_score
oscore-base,schc,,64,d1,cbor,dns_message,binvec,1,0.2,nb,,20953,6547,18562,37362,0.6990194668200997,0.5302543337972921,0.7619272727272727,0.625322688950235
oscore-base,schc,,64,d1,cbor,dns_message,binvec,1,0.2,lr,max_iter=5000,18859,8641,4114,51810,0.8471063482930572,0.8209202106821051,0.6857818181818182,0.7472906306342004
oscore-base,schc,,64,d1,cbor,dns_message,binvec,1,0.2,knn,algorithm=brute,22237,5263,2929,52995,0.9018028385116993,0.883612810935389,0.8086181818181818,0.8444537272623704
oscore-base,schc,,64,d1,cbor,dns_message,binvec,1,0.2,svm,C=0.01,18654,8846,3998,51926,0.8460395090141926,0.8235034434045558,0.6783272727272728,0.743898548412825
oscore-base,schc,,64,d1,cbor,dns_message,binvec,1,0.2,dt,,22150,5350,6123,49801,0.8624736286919831,0.7834329572383546,0.8054545454545454,0.7942911444605812
oscore-base,schc,,64,d1,cbor,dns_message,binvec,1,0.2,rf,"n_estimators=250,max_depth=9",18969,8531,2876,53048,0.8632647679324894,0.8683451590753033,0.6897818181818182,0.7688316952072145
