protocol;link_layer;link_layer_mode;blocksize;network_setup;data_format;dns_format;randiv_pad;vector_type;k;classifier;classifier_args;job_id;fit_time;score_time;accuracy;precision;recall;f1_score;balanced_accuracy;roc_auc
oscore;schc;;1024;d2;cbor;dns_cbor;1;binvec;5;dt;;20833657;[27.832570552825928, 28.99953579902649, 27.676677227020264, 26.128039598464966, 28.63912034034729];[0.31845545768737793, 0.317821741104126, 0.3184056282043457, 0.32637476921081543, 0.3204188346862793];[0.9410797806368704, 0.940586661884909, 0.9375980633881741, 0.933608284395033, 0.9315312084398022];[0.9212377998032837, 0.9176276152199226, 0.9064517318971559, 0.9059143794749404, 0.9025870091196725];[0.9290046923282341, 0.9319803151108229, 0.937435623545569, 0.926753900736276, 0.9250371952847823];[0.9251049442513344, 0.9247482776894541, 0.9216833577135142, 0.9162156555846801, 0.9136742153057764];[0.938929977096612, 0.9390544201082267, 0.9375691432064093, 0.9323879555759595, 0.9303750386367904];[0.938929977096612, 0.9390544201082268, 0.9375691432064093, 0.9323879555759595, 0.9303750386367903]
