protocol;link_layer;link_layer_mode;blocksize;network_setup;data_format;dns_format;randiv_pad;vector_type;k;classifier;classifier_args;job_id;fit_time;score_time;accuracy;precision;recall;f1_score;balanced_accuracy;roc_auc
oscore-base;schc;min_rules;1024;d2;json;dns_message;0;binvec;5;dt;;20833657;[74.8023328781128, 73.69366073608398, 73.20224785804749, 67.30027675628662, 67.86962246894836];[0.5657908916473389, 0.5506806373596191, 0.5356564521789551, 0.5786776542663574, 0.5374546051025391];[0.8793315440855666, 0.9109430569694726, 0.8943638695347516, 0.9094094160265479, 0.9107832249193506];[0.8802168021680217, 0.8876611418047882, 0.8817702094596782, 0.8837389792623866, 0.8904687008493237];[0.822929532858274, 0.9006492478226445, 0.8626128266033254, 0.9015962500791791, 0.8965604611389117];[0.8506097061952697, 0.8941080299314594, 0.8720863217213115, 0.8925783087197817, 0.8935041979673001];[0.8713394884117978, 0.9094844441646017, 0.889864808290542, 0.9083021533626724, 0.9087677254630149];[0.8713394884117978, 0.9094844441646017, 0.8898648082905419, 0.9083021533626724, 0.9087677254630149]
