protocol,link_layer,blocksize,network_setup,data_format,dns_format,test_size,classifier,classifier_args,true_data,false_data,false_dns,true_dns,accuracy,precision,recall,f1_score
oscore,eth,1024,d1,json,dns_cbor,0.2,nb,,21756,2241,15916,9580,0.6331400400056574,0.8104221301074359,0.3757452149356762,0.5134389152397031
oscore,eth,1024,d1,json,dns_cbor,0.2,knn,"algorithm=brute,n_jobs=-1",20331,3666,5816,19680,0.8084173519487604,0.8429709586224621,0.771885786005648,0.8058638057409606
oscore,eth,1024,d1,json,dns_cbor,0.2,dt,,18783,5214,4999,20497,0.7936475865273878,0.7972074209482323,0.8039300282397239,0.8005546116741852
oscore,eth,1024,d1,json,dns_cbor,0.2,rf,"n_estimators=250,max_depth=9",22161,1836,5157,20339,0.8587072919402744,0.9172040586245772,0.7977329777219956,0.8533070420171592
oscore,eth,1024,d1,json,dns_cbor,0.2,lr,max_iter=2400,20793,3348,5711,19641,0.8169640151132483,0.8543651311496803,0.7747317765856737,0.8126021389710598
