protocol,link_layer,link_layer_mode,blocksize,network_setup,data_format,dns_format,vector_type,run,test_size,classifier,classifier_args,true_dns,false_dns,false_data,true_data,accuracy,precision,recall,f1_score
oscore,schc,,64,p2,json,dns_cbor,word2vec,1,0.2,nb,,16119,1535,38067,34481,0.5609631715483027,0.29747536263979624,0.9130508666591141,0.4487472160356347
oscore,schc,,64,p2,json,dns_cbor,word2vec,1,0.2,lr,max_iter=5000,9176,8478,3381,69167,0.8685284140041241,0.7307477900772478,0.5197688909029116,0.6074608586276522
oscore,schc,,64,p2,json,dns_cbor,word2vec,1,0.2,knn,algorithm=brute,9612,8042,5090,67458,0.8544156448859227,0.6537886001904503,0.5444658434349156,0.5941401903820003
oscore,schc,,64,p2,json,dns_cbor,word2vec,1,0.2,svm,C=0.01,8828,8826,3194,69354,0.8667435311855612,0.7343204125769422,0.5000566443865413,0.5949588893381857
oscore,schc,,64,p2,json,dns_cbor,word2vec,1,0.2,dt,,10250,7404,7772,64776,0.8317553934502561,0.5687493064032849,0.5806049620482611,0.5746159883394999
oscore,schc,,64,p2,json,dns_cbor,word2vec,1,0.2,rf,"n_estimators=250,max_depth=9",9313,8341,3026,69522,0.873982838517993,0.7547613258772996,0.5275291718590688,0.6210115693661854
