protocol;link_layer;link_layer_mode;blocksize;network_setup;data_format;dns_format;randiv_pad;vector_type;k;classifier;classifier_args;job_id;fit_time;score_time;accuracy;precision;recall;f1_score;balanced_accuracy;roc_auc
oscore-base;eth;;64;d1;cbor;dns_message;0;binvec;5;knn;algorithm=brute;822574;[99.39148116111755, 140.69585466384888, 32.15384578704834, 142.60328197479248, 31.137579917907715];[198.93068170547485, 192.41360807418823, 207.37948369979858, 193.02226209640503, 191.74480319023132];[0.6749845498000934, 0.8748470745519442, 0.8929704300227655, 0.8922767432034457, 0.89857037452782];[0.6618213778649179, 0.8610945585698604, 0.8818800536979801, 0.8785261231642448, 0.881718287842332];[0.4456297420333839, 0.8332625189681335, 0.8572837632776935, 0.8596488565835597, 0.8730481494408109];[0.5326235796613858, 0.846949949872754, 0.8694079807943861, 0.8689849825896213, 0.87736179946626];[0.6418536521203456, 0.8688400774912748, 0.8878155352380612, 0.8875633842017439, 0.8948834851267762];[0.6487040983612731, 0.9368179524695424, 0.950189767463901, 0.9496322796577878, 0.9543374137517052]
oscore-base;eth;;64;d1;cbor;dns_message;0;binvec;5;dt;;20833657;[428.4675860404968, 497.37205815315247, 499.0399341583252, 474.58240938186646, 499.25379824638367];[4.712061643600464, 4.567865610122681, 4.330523252487183, 4.326380968093872, 4.707889795303345];[0.6151954292633093, 0.8240758257974194, 0.8490915855788816, 0.8199062892169537, 0.855170804613648];[0.5456416011971568, 0.790760661657817, 0.8145988246581914, 0.7669158958669888, 0.8062049782469154];[0.4426403641881639, 0.7841729893778452, 0.82453717754173, 0.814048771605032, 0.8576609660237636];[0.4887734584450402, 0.7874530479767773, 0.8195378721607192, 0.7897797538425299, 0.8311373194906032];[0.5902694019399934, 0.8183117574379137, 0.845544731768286, 0.819060123981509, 0.8555305283320364];[0.5902694019399934, 0.8183117574379137, 0.845544731768286, 0.8190601239815091, 0.8555305283320364]
