protocol;link_layer;link_layer_mode;blocksize;network_setup;data_format;dns_format;randiv_pad;vector_type;k;classifier;classifier_args;job_id;fit_time;score_time;accuracy;precision;recall;f1_score;balanced_accuracy;roc_auc
oscore;eth;;64;p2;json;dns_cbor;0;binvec;5;dt;;20833657;[803.6406662464142, 839.6145143508911, 879.1759779453278, 705.367279291153, 852.3711307048798];[9.246139526367188, 10.393650770187378, 8.579038143157959, 9.891035318374634, 8.785243272781372];[0.7120060790273556, 0.7440905883630048, 0.7533787451150673, 0.71756947459835, 0.7570288753799392];[0.49377312516920857, 0.5469614502271603, 0.5627049643786045, 0.5034289677137647, 0.5644399245746732];[0.5223887721978232, 0.5804749970163504, 0.5938656164220074, 0.4678362573099415, 0.6358992719894976];[0.5076780329389933, 0.563220121125097, 0.5778655208454303, 0.4849804523185035, 0.5980425168922711];[0.6548491218234889, 0.6947703288256251, 0.7052951313102387, 0.6422899306967349, 0.7205155857373955];[0.6548491218234889, 0.6947703288256251, 0.7052951313102387, 0.6422899306967349, 0.7205155857373955]
