protocol;link_layer;link_layer_mode;blocksize;network_setup;data_format;dns_format;randiv_pad;vector_type;k;classifier;classifier_args;job_id;fit_time;score_time;accuracy;precision;recall;f1_score;balanced_accuracy;roc_auc
oscore-base;schc;min_rules;1024;d2;json;dns_cbor;0;binvec;5;dt;;20833657;[48.165488481521606, 48.27204704284668, 48.00472903251648, 46.20357370376587, 49.58371901512146];[0.49616050720214844, 0.5044045448303223, 0.4875776767730713, 0.49584102630615234, 0.5056045055389404];[0.941175633564324, 0.9477353899568849, 0.9527299116353857, 0.9508516299785136, 0.9487883660372526];[0.9248806406899738, 0.9242007756900252, 0.9238635100589085, 0.9236155078023165, 0.9236131934032984];[0.916692108075103, 0.9366508929934361, 0.9516467580048086, 0.9464565126130595, 0.940426668702057];[0.920768169273229, 0.9303841852883759, 0.9375493476707899, 0.9348965205262563, 0.9319441030198741];[0.9362123213667554, 0.9454883353402277, 0.9525103146106995, 0.9499605701423514, 0.947093127426311];[0.9362123213667554, 0.9454883353402277, 0.9525103146106993, 0.9499605701423514, 0.947093127426311]
