protocol,link_layer,blocksize,network_setup,data_format,dns_format,test_size,classifier,classifier_args,true_dns,false_dns,false_data,true_data,accuracy,precision,recall,f1_score
oscore,eth,1024,p1,cbor,dns_message,0.2,nb,,22811,1264,10508,15603,0.765432590762364,0.6846243884870494,0.9474974039460021,0.7948914520681605
oscore,eth,1024,p1,cbor,dns_message,0.2,lr,max_iter=5000,22143,1932,4321,21790,0.8754034989837803,0.8367215840386941,0.9197507788161994,0.8762737687726311
oscore,eth,1024,p1,cbor,dns_message,0.2,knn,algorithm=brute,21403,2672,6008,20103,0.8270433985573666,0.7808179198132137,0.8890134994807892,0.831410480518976
oscore,eth,1024,p1,cbor,dns_message,0.2,dt,,19926,4149,3892,22219,0.8397760331566573,0.836594172474599,0.8276635514018692,0.8321049005073811
oscore,eth,1024,p1,cbor,dns_message,0.2,rf,"n_estimators=250,max_depth=9",22891,1184,4523,21588,0.8862830271390427,0.8350113080907565,0.9508203530633437,0.8891607916253957
