protocol,link_layer,link_layer_mode,blocksize,network_setup,data_format,dns_format,vector_type,run,test_size,classifier,classifier_args,true_dns,false_dns,false_data,true_data,accuracy,precision,recall,f1_score
oscore,schc,peer_based,1024,d2,json,dns_cbor,binvec,1,0.2,nb,,8984,2348,5520,17665,0.7720543500304198,0.619415333701048,0.7927991528415108,0.6954636940702895
oscore,schc,peer_based,1024,d2,json,dns_cbor,binvec,1,0.2,lr,max_iter=5000,8142,3190,2970,20215,0.8215372135469479,0.7327213822894169,0.7184962936816096,0.7255391195865265
oscore,schc,peer_based,1024,d2,json,dns_cbor,binvec,1,0.2,knn,algorithm=brute,8463,2869,3130,20055,0.8262015818292435,0.7300094884844303,0.7468231556653724,0.7383206106870229
oscore,schc,peer_based,1024,d2,json,dns_cbor,binvec,1,0.2,svm,C=0.01,8217,3115,3030,20155,0.8219717820204537,0.7305948252867431,0.7251147193787505,0.7278444572390275
oscore,schc,peer_based,1024,d2,json,dns_cbor,binvec,1,0.2,dt,,7785,3547,3497,19688,0.7959266448416722,0.690037227441943,0.6869925873632192,0.6885115415229504
oscore,schc,peer_based,1024,d2,json,dns_cbor,binvec,1,0.2,rf,"n_estimators=250,max_depth=9",8589,2743,2640,20545,0.8440478604745488,0.7648944696767299,0.757942110836569,0.7614024201054918
