protocol;link_layer;link_layer_mode;blocksize;network_setup;data_format;dns_format;randiv_pad;vector_type;k;classifier;classifier_args;job_id;fit_time;score_time;accuracy;precision;recall;f1_score;balanced_accuracy;roc_auc
oscore;eth;;64;p1;cbor;dns_message;1;binvec;5;dt;;20833657;[447.8461673259735, 485.96712017059326, 485.9072971343994, 460.49066257476807, 458.55219888687134];[4.0521156787872314, 4.030822992324829, 4.115482807159424, 4.032785892486572, 4.025128126144409];[0.6787934970423903, 0.8463241136630216, 0.8610301814925524, 0.8614707421818343, 0.8656139443663171];[0.627576682409507, 0.8130776305275378, 0.8295541630978678, 0.8295526149968494, 0.8318374637195802];[0.5585432473444613, 0.8183459787556905, 0.8377238239757208, 0.8390567383420082, 0.84807053217803];[0.5910510553909644, 0.8157032981161185, 0.8336189778707276, 0.8342776097108326, 0.8398755673108713];[0.6614230361503799, 0.8422825994087061, 0.857663517616192, 0.8582328601825068, 0.8630796582594188];[0.6614230361503799, 0.8422825994087061, 0.857663517616192, 0.8582328601825068, 0.8630796582594189]
