protocol,link_layer,link_layer_mode,blocksize,network_setup,data_format,dns_format,vector_type,run,test_size,classifier,classifier_args,true_dns,false_dns,false_data,true_data,accuracy,precision,recall,f1_score
oscore,eth,,1024,p2,cbor,dns_message,binvec,1,0.2,nb,,8939,1164,4239,5994,0.7343135326514555,0.67832751555623,0.8847866970206869,0.7679223401056655
oscore,eth,,1024,p2,cbor,dns_message,binvec,1,0.2,lr,max_iter=5000,8933,1170,2031,8202,0.8425944138473643,0.8147573878146662,0.8841928140156389,0.848056201642379
oscore,eth,,1024,p2,cbor,dns_message,binvec,1,0.2,knn,algorithm=brute,9029,1074,1837,8396,0.8568548387096774,0.830940548499908,0.893694942096407,0.8611760217463875
oscore,eth,,1024,p2,cbor,dns_message,binvec,1,0.2,svm,C=0.01,9027,1076,2029,8204,0.8473151062155783,0.8164797395079595,0.8934969810947243,0.8532539344959592
oscore,eth,,1024,p2,cbor,dns_message,binvec,1,0.2,dt,,7901,2202,1853,8380,0.8005999213217939,0.8100266557309822,0.782044937147382,0.7957898977690487
oscore,eth,,1024,p2,cbor,dns_message,binvec,1,0.2,rf,"n_estimators=250,max_depth=9",9487,616,2464,7769,0.8485444531864673,0.7938247845368588,0.9390280114817381,0.8603427949578307
