protocol;link_layer;link_layer_mode;blocksize;network_setup;data_format;dns_format;randiv_pad;vector_type;k;classifier;classifier_args;job_id;fit_time;score_time;accuracy;precision;recall;f1_score;balanced_accuracy;roc_auc
oscore-base;schc;;1024;p2;cbor;dns_message;0;binvec;5;dt;;20833657;[54.88619828224182, 58.46414923667908, 59.80964159965515, 59.34656548500061, 57.90112519264221];[0.4241480827331543, 0.43247103691101074, 0.43859052658081055, 0.44390201568603516, 0.4509317874908447];[0.843743515252127, 0.9093172857439302, 0.916013004081068, 0.9156671508611746, 0.7166177854020254];[0.8519263446266949, 0.8911664531450176, 0.8974366960475909, 0.8957253282836122, 0.8259670129717673];[0.7776335781210433, 0.9027601924537858, 0.9120663459103571, 0.9133614003988477, 0.4454433224652591];[0.8130864320111205, 0.8969258589511754, 0.9046923813560652, 0.9044574007899191, 0.5787612075347537];[0.836350762962667, 0.9085840379367693, 0.9155716685195262, 0.9154092596922239, 0.6862903339773276];[0.836350762962667, 0.9085840379367692, 0.9155716685195262, 0.9154092596922238, 0.6862903339773276]
