protocol;link_layer;link_layer_mode;blocksize;network_setup;data_format;dns_format;randiv_pad;vector_type;k;classifier;classifier_args;job_id;fit_time;score_time;accuracy;precision;recall;f1_score;balanced_accuracy;roc_auc
oscore;eth;;1024;d2;cbor;dns_cbor;1;binvec;5;knn;algorithm=brute;895868;[14.136011362075806, 26.92635416984558, 14.578802824020386, 28.74566626548767, 62.24501180648804];[28.20158624649048, 26.98130440711975, 25.826759099960327, 30.482454776763916, 37.80714440345764];[0.9112623630756141, 0.913259880035734, 0.9297868719955757, 0.9322116816267495, 0.9325094652656656];[0.8789292153327585, 0.8853889792517952, 0.9088297183554548, 0.9129409852056576, 0.9132254917899528];[0.9539305768249107, 0.9494193219041137, 0.9554175352022801, 0.9555451567618156, 0.9558429404007317];[0.9148953531067684, 0.9162868990433961, 0.9315415085339804, 0.9337573527883436, 0.9340483465319781];[0.9112614555116173, 0.9132598800357341, 0.9297868719955757, 0.9322116816267495, 0.9325094652656656];[0.9710981575698683, 0.9720548000725956, 0.9787380438667338, 0.9802166133157177, 0.9800985677616598]
oscore;eth;;1024;d2;cbor;dns_cbor;1;binvec;5;dt;;20833657;[58.214383602142334, 56.36249375343323, 55.711262941360474, 56.44973802566528, 57.53548717498779];[1.7570655345916748, 1.7632217407226562, 1.7567815780639648, 1.7575037479400635, 1.7541742324829102];[1.0, 1.0, 1.0, 1.0, 1.0];[1.0, 1.0, 1.0, 1.0, 1.0];[1.0, 1.0, 1.0, 1.0, 1.0];[1.0, 1.0, 1.0, 1.0, 1.0];[1.0, 1.0, 1.0, 1.0, 1.0];[1.0, 1.0, 1.0, 1.0, 1.0]
oscore;eth;;1024;d2;cbor;dns_cbor;1;binvec;5;rf;n_estimators=250,max_depth=9;895868;[6.687520980834961, 10.414250373840332, 6.700338363647461, 6.700436592102051, 15.947227716445923];[1.4947669506072998, 1.6923654079437256, 1.4873991012573242, 1.523646593093872, 1.66866135597229];[0.8710198872700202, 0.8800357340366699, 0.9011571021397882, 0.8979665631514017, 0.8980941847109372];[0.8012572533849129, 0.8124147578247946, 0.8409994937441239, 0.8371414155975205, 0.8395254335679558];[0.9868129998298452, 0.988258816522738, 0.9893648700387119, 0.9881737354830477, 0.9843450886969839];[0.8844071673656119, 0.8917507965145292, 0.9091690936455503, 0.9064091308165058, 0.9061857486929449];[0.8710174243204188, 0.88003573403667, 0.9011571021397882, 0.8979665631514018, 0.8980941847109372];[0.9835299323154054, 0.9861307210002456, 0.9899576530995117, 0.98938510967686, 0.9914452366434184]
