protocol;link_layer;link_layer_mode;blocksize;network_setup;data_format;dns_format;randiv_pad;vector_type;k;classifier;classifier_args;job_id;fit_time;score_time;accuracy;precision;recall;f1_score;balanced_accuracy;roc_auc
oscore;schc;;64;d2;json;dns_message;0;binvec;5;knn;algorithm=brute;931197;[3.681018590927124, 2.0268242359161377, 2.025212287902832, 2.049779176712036, 2.0250022411346436];[34.09725332260132, 33.98794770240784, 33.957642793655396, 33.86523699760437, 34.158207178115845];[0.9658511575927601, 0.9696358724142102, 0.974866498073079, 0.9743997419235909, 0.9757074058712383];[0.9664758408263588, 0.9739676980565675, 0.9795065999657144, 0.9792709746853212, 0.9791058224072579];[0.9427465857359636, 0.9452807283763278, 0.9537481031866464, 0.9527306939407275, 0.9564181550554637];[0.9544637507489515, 0.9594098214216958, 0.9664557497289858, 0.9658185398270929, 0.9676290195054924];[0.9613680000448642, 0.9649100567401403, 0.9707687336989382, 0.9701950294938333, 0.9719644748144636];[0.9891172606552429, 0.9913671560225424, 0.9940425321306546, 0.9937438852957375, 0.9938173085316562]
oscore;schc;;64;d2;json;dns_message;0;binvec;5;dt;;20833657;[19.24065375328064, 20.166656732559204, 19.3169949054718, 20.42710542678833, 19.27751135826111];[0.842353343963623, 0.857018232345581, 0.8472070693969727, 0.862593412399292, 0.8709352016448975];[1.0, 1.0, 1.0, 1.0, 1.0];[1.0, 1.0, 1.0, 1.0, 1.0];[1.0, 1.0, 1.0, 1.0, 1.0];[1.0, 1.0, 1.0, 1.0, 1.0];[1.0, 1.0, 1.0, 1.0, 1.0];[1.0, 1.0, 1.0, 1.0, 1.0]
oscore;schc;;64;d2;json;dns_message;0;binvec;5;rf;n_estimators=250,max_depth=9;931197;[12.455388307571411, 9.019189834594727, 9.077974319458008, 9.093914031982422, 9.037414789199829];[0.7891178131103516, 0.7230715751647949, 0.7190628051757812, 0.7243282794952393, 0.9268238544464111];[0.9930930394658771, 0.9926840367987189, 0.9920042858871038, 0.9906044057329831, 0.9939686160652564];[0.9951935587564481, 0.9941735992170296, 0.9925181701581872, 0.9964926918204011, 0.9969501915708813];[0.9865705614567527, 0.9865098634294386, 0.9863732928679818, 0.9786946691148576, 0.9871318229411675];[0.9908633000327671, 0.9903269049142369, 0.9894361909400877, 0.9875134932361566, 0.9920167138140589];[0.9918274329573977, 0.9914860145149014, 0.9909116610588968, 0.9882934127612117, 0.9926419888386578];[0.9998178790756115, 0.9997723299103742, 0.9997403995173321, 0.9997781693204295, 0.9998593357684452]
