protocol,link_layer,link_layer_mode,blocksize,network_setup,data_format,dns_format,vector_type,run,test_size,classifier,classifier_args,true_dns,false_dns,false_data,true_data,accuracy,precision,recall,f1_score
oscore,schc,,64,p2,cbor,dns_cbor,binvec,1,0.2,nb,,15995,1555,32817,30241,0.5735907105994442,0.32768581496353355,0.9113960113960113,0.4820529821283265
oscore,schc,,64,p2,cbor,dns_cbor,binvec,1,0.2,lr,max_iter=5000,8619,8931,3316,59742,0.8480671893608575,0.7221617092584834,0.4911111111111111,0.5846362557232491
oscore,schc,,64,p2,cbor,dns_cbor,binvec,1,0.2,knn,algorithm=brute,9580,7970,4783,58275,0.8417898967844383,0.6669915755761331,0.5458689458689459,0.600382289349168
oscore,schc,,64,p2,cbor,dns_cbor,binvec,1,0.2,svm,C=0.01,8565,8985,3197,59861,0.8488735609368797,0.7281924842713824,0.488034188034188,0.5844022925764192
oscore,schc,,64,p2,cbor,dns_cbor,binvec,1,0.2,dt,,10541,7009,8196,54862,0.8113710797935689,0.5625767198591023,0.6006267806267807,0.5809794141152479
oscore,schc,,64,p2,cbor,dns_cbor,binvec,1,0.2,rf,"n_estimators=250,max_depth=9",8445,9105,2581,60477,0.855026796347757,0.7659169236350445,0.4811965811965812,0.591055431131019
