protocol,link_layer,link_layer_mode,blocksize,network_setup,data_format,dns_format,vector_type,run,test_size,classifier,classifier_args,true_dns,false_dns,false_data,true_data,accuracy,precision,recall,f1_score
oscore-base,schc,,64,p2,cbor,dns_message,binvec,1,0.2,nb,,18247,6782,8152,33727,0.7767979912715968,0.6912004242584946,0.7290343201885813,0.709613440149335
oscore-base,schc,,64,p2,cbor,dns_message,binvec,1,0.2,lr,max_iter=5000,21947,3082,1656,40223,0.929186345429545,0.9298394271914587,0.8768628391066363,0.9025744365849646
oscore-base,schc,,64,p2,cbor,dns_message,binvec,1,0.2,knn,algorithm=brute,22874,2155,2495,39384,0.9305015842649609,0.9016516220584178,0.9138998761436733,0.9077344339061074
oscore-base,schc,,64,p2,cbor,dns_message,binvec,1,0.2,svm,C=0.01,21689,3340,1560,40319,0.9267651103007114,0.9329003397995612,0.8665547964361341,0.8985044948009445
oscore-base,schc,,64,p2,cbor,dns_message,binvec,1,0.2,dt,,22792,2237,2331,39548,0.9317271477252347,0.9072164948453608,0.9106236765352191,0.9089168926463551
oscore-base,schc,,64,p2,cbor,dns_message,binvec,1,0.2,rf,"n_estimators=250,max_depth=9",20217,4812,1414,40465,0.9069468523943325,0.9346308538671352,0.8077430180990052,0.8665666523789113
