protocol;link_layer;link_layer_mode;blocksize;network_setup;data_format;dns_format;randiv_pad;vector_type;k;classifier;classifier_args;job_id;fit_time;score_time;accuracy;precision;recall;f1_score;balanced_accuracy;roc_auc
oscore-base;schc;;64;p1;json;dns_cbor;0;binvec;5;dt;;20833657;[143.14820408821106, 142.68492984771729, 140.35508465766907, 141.76417875289917, 145.55634331703186];[0.9844627380371094, 1.0371921062469482, 0.9996159076690674, 0.9967174530029297, 0.9613521099090576];[0.6047021214326987, 0.72430173047772, 0.690442600069039, 0.6342658602110193, 0.6467454111573039];[0.33313466638853295, 0.5560762039995267, 0.5022429500227259, 0.4293417953160589, 0.46068252384899616];[0.2695163701239211, 0.5664930806692705, 0.6127344616423164, 0.5317035536911133, 0.7905586228512187];[0.2979676151129473, 0.561236310654103, 0.5520139876847558, 0.47507135548494805, 0.5821364532107159];[0.5128484216032926, 0.6810565207225193, 0.6691477930351482, 0.6061601228904466, 0.6861565082310483];[0.5128484216032927, 0.6810565207225193, 0.6691477930351483, 0.6061601228904466, 0.6861565082310483]
