protocol;link_layer;link_layer_mode;blocksize;network_setup;data_format;dns_format;randiv_pad;vector_type;k;classifier;classifier_args;job_id;fit_time;score_time;accuracy;precision;recall;f1_score;balanced_accuracy;roc_auc
oscore-base;schc;;1024;p1;cbor;dns_cbor;0;binvec;5;dt;;20833657;[25.577999591827393, 32.090616941452026, 32.4101665019989, 31.035516023635864, 31.812783241271973];[0.3347773551940918, 0.34258079528808594, 0.3500971794128418, 0.3331732749938965, 0.34183812141418457];[0.8313832728142138, 0.9522870249996265, 0.9566653217973431, 0.953407749435902, 0.9549319346692369];[0.8955484896661368, 0.9287071181137557, 0.9362904735167509, 0.9327287036690027, 0.9382202909503118];[0.6447047153975278, 0.9512055547077675, 0.9542939987028347, 0.9495250085841822, 0.9473121971691275];[0.7497005456723305, 0.9398217079100624, 0.9452065147564525, 0.9410519151510568, 0.9427443237907206];[0.7981439516951775, 0.95209446223929, 0.9562430445491574, 0.9527163239924104, 0.9535750374202306];[0.7981439516951775, 0.95209446223929, 0.9562430445491575, 0.9527163239924106, 0.9535750374202308]
