protocol;link_layer;link_layer_mode;blocksize;network_setup;data_format;dns_format;randiv_pad;vector_type;k;classifier;classifier_args;job_id;fit_time;score_time;accuracy;precision;recall;f1_score;balanced_accuracy;roc_auc
oscore-base;schc;peer_based;64;d2;json;dns_message;0;binvec;5;dt;;20833657;[161.98452830314636, 177.29991221427917, 179.58172082901, 176.86787176132202, 177.38346791267395];[1.2780046463012695, 1.2340164184570312, 1.249147653579712, 1.2633512020111084, 1.3093147277832031];[0.4801191354041847, 0.6929538030797947, 0.7960629785174815, 0.5482910192818421, 0.7699083435589891];[0.29008502492109756, 0.5872787212233703, 0.819679691430488, 0.4412698114624803, 0.7744602567084646];[0.25523520485584217, 0.6433687405159332, 0.5933535660091047, 0.7131671193796567, 0.5557747462025221];[0.271546539880371, 0.6140455052355642, 0.6883912538290905, 0.5451993294780253, 0.647141973672586];[0.43648892964459207, 0.6833338413908288, 0.7567354737913989, 0.5802797448241102, 0.7283628383514376];[0.43648892964459207, 0.6833338413908288, 0.7567354737913989, 0.5802797448241102, 0.7283628383514376]
