protocol;link_layer;link_layer_mode;blocksize;network_setup;data_format;dns_format;randiv_pad;vector_type;k;classifier;classifier_args;job_id;fit_time;score_time;accuracy;precision;recall;f1_score;balanced_accuracy;roc_auc
oscore-base;schc;peer_based;1024;d2;json;dns_cbor;0;binvec;5;dt;;20833657;[46.382492780685425, 47.877681016922, 47.726789236068726, 46.18771409988403, 49.52718377113342];[0.5059893131256104, 0.4830150604248047, 0.515883207321167, 0.4991884231567383, 0.5584158897399902];[0.6484567330269093, 0.9524995375179657, 0.9550609764774523, 0.9519723360655737, 0.9506062158469946];[0.5339499210466953, 0.9283761003933321, 0.9288531666294559, 0.9240111420612813, 0.9267615150718871];[0.4515624403830745, 0.9455912091266359, 0.9524572649572649, 0.949290293040293, 0.942002442002442];[0.4893124405672469, 0.9369045818841676, 0.9405071398967635, 0.9364801535768731, 0.934319828940148];[0.6085653523629243, 0.9510998892401517, 0.9545334095125596, 0.9514289155833273, 0.9488629675516931];[0.6085653523629243, 0.9510998892401518, 0.9545334095125596, 0.9514289155833272, 0.948862967551693]
