protocol,link_layer,blocksize,network_setup,data_format,dns_format,test_size,classifier,classifier_args,true_data,false_data,false_dns,true_dns,accuracy,precision,recall,f1_score
oscore,eth,1024,p2,json,dns_message,0.2,nb,,7331,19560,978,23052,0.5966693505626363,0.5409743734159391,0.9593008739076154,0.6918159719096065
oscore,eth,1024,p2,json,dns_message,0.2,lr,max_iter=2400,22438,4453,2032,21998,0.8726458631998586,0.8316509772787418,0.9154390345401582,0.8715358253600365
oscore,eth,1024,p2,json,dns_message,0.2,knn,"algorithm=brute,n_jobs=-1",21383,5508,2526,21504,0.8422261935154455,0.7960906263882719,0.8948813982521848,0.842600211590455
oscore,eth,1024,p2,json,dns_message,0.2,dt,,22767,4124,4418,19612,0.8322499558139078,0.8262554769127064,0.8161464835622139,0.8211698697818532
oscore,eth,1024,p2,json,dns_message,0.2,rf,"n_estimators=250,max_depth=9",22038,4853,1123,22907,0.8826417391645883,0.8251801152737752,0.9532667498959634,0.8846109287507241
