protocol;link_layer;link_layer_mode;blocksize;network_setup;data_format;dns_format;randiv_pad;vector_type;k;classifier;classifier_args;job_id;fit_time;score_time;accuracy;precision;recall;f1_score;balanced_accuracy;roc_auc
oscore;schc;;1024;p2;cbor;dns_message;0;binvec;5;dt;;20833657;[65.90281891822815, 67.44321918487549, 66.75199389457703, 68.19485235214233, 68.195077419281];[0.4127461910247803, 0.4252798557281494, 0.4135730266571045, 0.4089546203613281, 0.4194340705871582];[0.714189869171419, 0.7075285465453842, 0.7356428617508548, 0.7220308367202116, 0.7394748725888652];[0.6726233472566816, 0.668608768428507, 0.6861303132813649, 0.6788908765652951, 0.6946966508327822];[0.6461608085684115, 0.6266895969104513, 0.7037472845763939, 0.6641020999275887, 0.697169925174994];[0.6591265811097775, 0.6469708768104656, 0.6948271496447668, 0.6714150626849281, 0.6959310905641056];[0.7055898157041467, 0.6973081897223297, 0.7316103479530828, 0.7147069864846123, 0.7341263164794292];[0.7055898157041467, 0.6973081897223297, 0.7316103479530828, 0.7147069864846122, 0.7341263164794292]
