protocol;link_layer;link_layer_mode;blocksize;network_setup;data_format;dns_format;randiv_pad;vector_type;k;classifier;classifier_args;job_id;fit_time;score_time;accuracy;precision;recall;f1_score;balanced_accuracy;roc_auc
oscore;eth;;64;p2;cbor;dns_message;0;binvec;5;dt;;20833657;[392.57675218582153, 418.7758059501648, 404.8072998523712, 390.5662291049957, 401.2781767845154];[4.0483551025390625, 4.012538909912109, 4.012227773666382, 4.027460098266602, 4.027318716049194];[0.7454437675785438, 0.7311160719916253, 0.7753919305813058, 0.7973627454689924, 0.8356718987469494];[0.7085497729425986, 0.7183651246620607, 0.770543355906159, 0.7843500522114056, 0.7963963159695874];[0.6582094081942337, 0.5806221547799697, 0.6544006069802731, 0.7066875066389475, 0.8122278031533103];[0.6824525244261238, 0.6421905944748414, 0.7077387643906882, 0.743496204289831, 0.8042341557231721];[0.7328425377937308, 0.7093768347760909, 0.7579144196392182, 0.7842636346251117, 0.8322852117607413];[0.7328425377937309, 0.7093768347760909, 0.7579144196392182, 0.7842636346251117, 0.8322852117607413]
