protocol,link_layer,link_layer_mode,blocksize,network_setup,data_format,dns_format,vector_type,run,test_size,classifier,classifier_args,true_dns,false_dns,false_data,true_data,accuracy,precision,recall,f1_score
oscore-base,eth,,1024,d1,cbor,dns_message,word2vec,1,0.2,nb,,8398,1710,6244,3811,0.605515052323563,0.5735555252014752,0.8308270676691729,0.6786262626262626
oscore-base,eth,,1024,d1,cbor,dns_message,word2vec,1,0.2,lr,max_iter=5000,9058,1050,1841,8214,0.8566185587462183,0.8310854206807964,0.8961218836565097,0.862379206931023
oscore-base,eth,,1024,d1,cbor,dns_message,word2vec,1,0.2,knn,algorithm=brute,9186,922,2436,7619,0.833457322819025,0.7903975219411461,0.908785120696478,0.8454670961803957
oscore-base,eth,,1024,d1,cbor,dns_message,word2vec,1,0.2,svm,C=0.01,9162,946,1969,8086,0.8554282596835788,0.8231066391159824,0.906410763751484,0.8627524836385894
oscore-base,eth,,1024,d1,cbor,dns_message,word2vec,1,0.2,dt,,9435,673,721,9334,0.9308634627783564,0.9290074832611265,0.9334190740007915,0.9312080536912751
oscore-base,eth,,1024,d1,cbor,dns_message,word2vec,1,0.2,rf,"n_estimators=250,max_depth=9",9448,660,2272,7783,0.8545851311808759,0.8061433447098976,0.9347051840126632,0.8656771119662818
