protocol;link_layer;link_layer_mode;blocksize;network_setup;data_format;dns_format;randiv_pad;vector_type;k;classifier;classifier_args;job_id;fit_time;score_time;accuracy;precision;recall;f1_score;balanced_accuracy;roc_auc
oscore;eth;;1024;d1;cbor;dns_cbor;1;binvec;5;dt;;20833657;[133.3373966217041, 134.28292179107666, 135.24058532714844, 132.75605940818787, 133.69482851028442];[1.8020384311676025, 1.8026323318481445, 1.7966029644012451, 1.8006365299224854, 1.8010733127593994];[0.7734127406146974, 0.778385161866678, 0.7994427191900285, 0.8094397413536394, 0.8079933636789042];[0.7770593560067244, 0.7798255366458565, 0.81387675020066, 0.8220293961395431, 0.8248967869323282];[0.7668453292496171, 0.7758114604160463, 0.7764495682137236, 0.7898923724847917, 0.7819798357935934];[0.7719185561050806, 0.7778133196852409, 0.7947227483508589, 0.8056405250027118, 0.8028651918499269];[0.7734128803052442, 0.778385161866678, 0.7994427191900285, 0.8094397413536394, 0.8079933636789042];[0.7734128803052442, 0.7783851618666779, 0.7994427191900285, 0.8094397413536394, 0.8079933636789042]
