protocol;link_layer;link_layer_mode;blocksize;network_setup;data_format;dns_format;randiv_pad;vector_type;k;classifier;classifier_args;job_id;fit_time;score_time;accuracy;precision;recall;f1_score;balanced_accuracy;roc_auc
oscore-base;schc;;1024;d1;cbor;dns_message;0;binvec;5;dt;;20833657;[47.511178731918335, 50.09936571121216, 49.243698596954346, 47.995442152023315, 50.255592823028564];[0.4299795627593994, 0.4254608154296875, 0.42651939392089844, 0.42911720275878906, 0.43013644218444824];[0.8490991302423982, 0.9134655272546254, 0.9198539782626732, 0.9194114881495616, 0.9235321773279128];[0.8351797862001944, 0.894733563798312, 0.9010784100444417, 0.8997116010791701, 0.9098224108125098];[0.8157053817192395, 0.9089442212168191, 0.9173284399025532, 0.9179295725630399, 0.9158097889707976];[0.8253277206011812, 0.901782911670538, 0.9091308165057067, 0.9087292886898236, 0.9128062817318912];[0.8453649722508557, 0.9129599885775088, 0.9195715914233603, 0.9192457914152676, 0.9226687175307673];[0.8453649722508557, 0.9129599885775088, 0.9195715914233603, 0.9192457914152676, 0.9226687175307673]
