protocol;link_layer;link_layer_mode;blocksize;network_setup;data_format;dns_format;randiv_pad;vector_type;k;classifier;classifier_args;job_id;fit_time;score_time;accuracy;precision;recall;f1_score;balanced_accuracy;roc_auc
oscore;schc;;1024;p2;json;dns_message;0;binvec;5;dt;;20833657;[78.21221876144409, 72.23457646369934, 78.27063846588135, 77.432284116745, 74.70289468765259];[0.49384093284606934, 0.49132585525512695, 0.4917900562286377, 0.486527681350708, 0.47053956985473633];[0.7237900730288402, 0.7077113504146553, 0.7231801359095916, 0.7223260592407382, 0.7287254452957704];[0.6631715327367501, 0.6492546661656019, 0.6597712050263767, 0.661744723253918, 0.6674120453190221];[0.6640318590478489, 0.6254751704579739, 0.6716345863754299, 0.6611657515235624, 0.6753454413805587];[0.6636014170498229, 0.6371431205630167, 0.6656500418610214, 0.6614551106952598, 0.6713553069609813];[0.7146979041692103, 0.6951991753557605, 0.7153378943253428, 0.7130210093805709, 0.7206041062033663];[0.7146979041692103, 0.6951991753557605, 0.7153378943253427, 0.713021009380571, 0.7206041062033663]
