protocol,link_layer,blocksize,network_setup,data_format,dns_format,test_size,classifier,classifier_args,true_data,false_data,false_dns,true_dns,accuracy,precision,recall,f1_score
oscore,eth,1024,p2,json,dns_cbor,0.2,nb,,23545,544,18992,7840,0.6163468902810235,0.9351145038167938,0.29218843172331543,0.44525215810995
oscore,eth,1024,p2,json,dns_cbor,0.2,lr,max_iter=600,20718,3371,5187,21645,0.8319357436028357,0.8652462424048609,0.8066860465116279,0.8349405955871008
oscore,eth,1024,p2,json,dns_cbor,0.2,knn,"algorithm=brute,n_jobs=-1",20779,3310,6867,19965,0.8001413954949824,0.8577873254564984,0.7440742397137746,0.7968946454587184
oscore,eth,1024,p2,json,dns_cbor,0.2,dt,,18902,5187,5027,21805,0.7994147797568782,0.8078319502074689,0.8126490757304711,0.8102333531510107
oscore,eth,1024,p2,json,dns_cbor,0.2,rf,"n_estimators=250,max_depth=9",22192,1897,5373,21459,0.857229826594136,0.9187789004966603,0.7997540250447227,0.85514465609309
