protocol,link_layer,link_layer_mode,blocksize,network_setup,data_format,dns_format,vector_type,run,test_size,classifier,classifier_args,true_dns,false_dns,false_data,true_data,accuracy,precision,recall,f1_score
oscore,schc,,64,d1,json,dns_cbor,word2vec,1,0.2,nb,,13515,4032,32727,31342,0.5496103705155851,0.2922667704684053,0.7702171311335271,0.4237407703522551
oscore,schc,,64,d1,json,dns_cbor,word2vec,1,0.2,lr,max_iter=5000,8649,8898,4439,59630,0.8365884140364634,0.6608343520782396,0.49290477004616173,0.5646482781132691
oscore,schc,,64,d1,json,dns_cbor,word2vec,1,0.2,knn,algorithm=brute,8924,8623,5415,58654,0.8279994118800236,0.6223586024129996,0.5085769647233145,0.5597440883146209
oscore,schc,,64,d1,json,dns_cbor,word2vec,1,0.2,svm,C=0.01,8446,9101,4332,59737,0.835412174083513,0.6609798090467992,0.48133584088448167,0.5570321516900247
oscore,schc,,64,d1,json,dns_cbor,word2vec,1,0.2,dt,,9355,8192,8656,55413,0.7935698882572044,0.5194048081727833,0.5331395680173249,0.5261825749479724
oscore,schc,,64,d1,json,dns_cbor,word2vec,1,0.2,rf,"n_estimators=250,max_depth=9",8868,8679,4623,59446,0.83701725151931,0.6573271069601957,0.505385535989058,0.5714285714285714
