protocol;link_layer;link_layer_mode;blocksize;network_setup;data_format;dns_format;randiv_pad;vector_type;k;classifier;classifier_args;job_id;fit_time;score_time;accuracy;precision;recall;f1_score;balanced_accuracy;roc_auc
oscore;schc;min_rules;1024;d2;json;dns_message;1;binvec;5;dt;;20833657;[52.82089829444885, 53.79973030090332, 55.84697341918945, 53.70395278930664, 53.95869064331055];[0.42845582962036133, 0.45459771156311035, 0.45044803619384766, 0.40979719161987305, 0.43825650215148926];[0.8918097754293263, 0.8903566710700133, 0.8824042272126816, 0.8827197188866431, 0.8767354918823234];[0.8682580117621159, 0.8644422902529785, 0.8511427952865493, 0.8527139000093101, 0.8484810562212558];[0.8734221266095099, 0.8745610427409914, 0.8706381093992217, 0.8692777373532855, 0.8580106302201974];[0.8708324133362774, 0.8694722274643014, 0.8607800819492665, 0.8609161549066299, 0.8532192351858552];[0.8892070375398596, 0.8881208289162534, 0.8807387548651775, 0.8808171403935854, 0.874084809791553];[0.8892070375398596, 0.8881208289162534, 0.8807387548651775, 0.8808171403935854, 0.874084809791553]
