protocol;link_layer;link_layer_mode;blocksize;network_setup;data_format;dns_format;randiv_pad;vector_type;k;classifier;classifier_args;job_id;fit_time;score_time;accuracy;precision;recall;f1_score;balanced_accuracy;roc_auc
oscore;schc;peer_based;64;d2;json;dns_cbor;0;binvec;5;dt;;20833657;[87.59824681282043, 83.3127875328064, 94.26875162124634, 91.83186316490173, 82.36282277107239];[0.8557615280151367, 0.8368732929229736, 0.8320581912994385, 0.8264474868774414, 0.9296450614929199];[0.5890433852530249, 0.504813155959623, 0.6700559533120751, 0.7039220798320732, 0.6849567815815334];[0.37654951512629414, 0.20924138928042213, 0.3675013319126265, 0.45459371326735676, 0.39215039577836414];[0.7127172045063968, 0.2763814297648884, 0.24697457930540637, 0.28616780045351475, 0.2270437999761308];[0.492759602293824, 0.2381701685641706, 0.2954175588865096, 0.35123337434815727, 0.2875844658432979];[0.6268239949398847, 0.43502900821082524, 0.5408085888894295, 0.5763020925123072, 0.54506868996708];[0.6268239949398847, 0.43502900821082524, 0.5408085888894294, 0.5763020925123072, 0.54506868996708]
