protocol;link_layer;link_layer_mode;blocksize;network_setup;data_format;dns_format;randiv_pad;vector_type;k;classifier;classifier_args;job_id;fit_time;score_time;accuracy;precision;recall;f1_score;balanced_accuracy;roc_auc
oscore-base;schc;;1024;d2;json;dns_cbor;0;binvec;5;dt;;20833657;[48.25426888465881, 49.23439431190491, 49.13951921463013, 45.849165201187134, 49.6826696395874];[0.48027467727661133, 0.503511905670166, 0.5034198760986328, 0.5029621124267578, 0.4722118377685547];[0.9267334623704885, 0.9393288170329045, 0.9553683251736309, 0.9533900717294774, 0.9540589775703062];[0.9225428422362243, 0.9257936815959016, 0.9277582050806601, 0.9269064641048556, 0.9307784610769462];[0.8771990078229346, 0.9102842968899065, 0.9546651402404122, 0.9499332188513643, 0.9472599603114028];[0.8992997144086694, 0.9179734852129072, 0.9410193718262178, 0.9382785850247828, 0.9389468906037222];[0.9166970549226114, 0.9334439710010711, 0.9552258495863765, 0.9526896626043744, 0.9526812738461236];[0.9166970549226114, 0.9334439710010711, 0.9552258495863765, 0.9526896626043744, 0.9526812738461234]
