protocol;link_layer;link_layer_mode;blocksize;network_setup;data_format;dns_format;randiv_pad;vector_type;k;classifier;classifier_args;job_id;fit_time;score_time;accuracy;precision;recall;f1_score;balanced_accuracy;roc_auc
oscore-base;eth;;64;d2;cbor;dns_cbor;0;binvec;5;dt;;20833657;[175.4477994441986, 191.29288411140442, 191.68092679977417, 190.65869545936584, 191.30221104621887];[3.3522355556488037, 3.11753511428833, 3.111215591430664, 3.1085245609283447, 3.0872159004211426];[0.5836293378910604, 1.0, 1.0, 1.0, 1.0];[0.42145913207756847, 1.0, 1.0, 1.0, 1.0];[0.9052176818789384, 1.0, 1.0, 1.0, 1.0];[0.5751397092833691, 1.0, 1.0, 1.0, 1.0];[0.6717317880443745, 1.0, 1.0, 1.0, 1.0];[0.6717317880443745, 1.0, 1.0, 1.0, 1.0]
