protocol;link_layer;link_layer_mode;blocksize;network_setup;data_format;dns_format;randiv_pad;vector_type;k;classifier;classifier_args;job_id;fit_time;score_time;accuracy;precision;recall;f1_score;balanced_accuracy;roc_auc
oscore-base;schc;;64;p2;cbor;dns_message;0;binvec;5;dt;;20833657;[86.5155737400055, 92.68128776550293, 93.39773917198181, 89.90947794914246, 95.1090497970581];[0.7806930541992188, 0.819878339767456, 0.7877099514007568, 0.7870142459869385, 0.7893145084381104];[0.7890584793260249, 0.8860869258697874, 0.9299940075434453, 0.9303389639322072, 0.9319886636022673];[0.7842724594184067, 0.8992536648794999, 0.9174529458898173, 0.919479282947009, 0.9197874080130826];[0.7026792155833934, 0.8277993670782298, 0.9199501533113614, 0.9184088412284586, 0.9222457244986636];[0.7412372114744316, 0.8620483573526398, 0.9186998526281317, 0.9189437503588919, 0.9210149258619419];[0.7784454860706336, 0.8789247892800434, 0.9287598598558588, 0.9288730949405091, 0.9307915365756115];[0.7784454860706336, 0.8789247892800434, 0.9287598598558587, 0.9288730949405091, 0.9307915365756114]
