protocol;link_layer;link_layer_mode;blocksize;network_setup;data_format;dns_format;randiv_pad;vector_type;k;classifier;classifier_args;job_id;fit_time;score_time;accuracy;precision;recall;f1_score;balanced_accuracy;roc_auc
oscore-base;schc;;1024;d1;json;dns_message;0;binvec;5;dt;;20833657;[56.09284448623657, 58.313196659088135, 55.386316537857056, 55.1714391708374, 56.32001543045044];[0.46798205375671387, 0.4683985710144043, 0.4675440788269043, 0.4744107723236084, 0.47147035598754883];[0.7188899900891972, 0.9099702675916749, 0.9142253055830856, 0.9144631648496861, 0.9159552818669556];[0.7712349634921468, 0.8849749945640356, 0.8888407098832347, 0.8880138361283548, 0.8930729458668162];[0.46462025316455696, 0.9015822784810127, 0.9081645569620254, 0.9099050632911393, 0.907373417721519];[0.5798921737069732, 0.8932014484347812, 0.8983987352669557, 0.8988261773394395, 0.9001663893510815];[0.6829057023054775, 0.9087831982308636, 0.9133675876131737, 0.9138181016966189, 0.9147408450861986];[0.6829057023054775, 0.9087831982308637, 0.9133675876131737, 0.9138181016966189, 0.9147408450861984]
