protocol;link_layer;link_layer_mode;blocksize;network_setup;data_format;dns_format;randiv_pad;vector_type;k;classifier;classifier_args;job_id;fit_time;score_time;accuracy;precision;recall;f1_score;balanced_accuracy;roc_auc
oscore-base;schc;peer_based;1024;d2;cbor;dns_message;0;binvec;5;dt;;20833657;[48.4151291847229, 48.35256004333496, 48.13198399543762, 46.05496048927307, 48.19348382949829];[0.44118213653564453, 0.4379127025604248, 0.4159727096557617, 0.4323389530181885, 0.4362947940826416];[0.8635791279801851, 0.889911303601821, 0.917696384341834, 0.9161466188822317, 0.9106947653904164];[0.880406233584311, 0.881856676471539, 0.9006345137998937, 0.8994834872437001, 0.9043802903028547];[0.7959726443768997, 0.8638191432099547, 0.9123262514643954, 0.909793243200456, 0.8897191527087357];[0.8360631204376527, 0.8727447216890595, 0.9064426827733736, 0.904608991310918, 0.8969898170906886];[0.8560175376241141, 0.8869924010794894, 0.9170956332286337, 0.9154358734313246, 0.9083482456755103];[0.8560175376241141, 0.8869924010794894, 0.9170956332286337, 0.9154358734313245, 0.9083482456755103]
