protocol,link_layer,link_layer_mode,blocksize,network_setup,data_format,dns_format,vector_type,run,test_size,classifier,classifier_args,true_dns,false_dns,false_data,true_data,accuracy,precision,recall,f1_score
oscore-base,eth,,64,p2,json,dns_cbor,word2vec,1,0.2,nb,,13406,3860,8560,34371,0.7936774257853382,0.6103068378402986,0.7764392447584849,0.6834216965742251
oscore-base,eth,,64,p2,json,dns_cbor,word2vec,1,0.2,lr,max_iter=5000,11626,5640,2069,40862,0.871937139724571,0.8489229645856152,0.6733464612533302,0.7510093343238268
oscore-base,eth,,64,p2,json,dns_cbor,word2vec,1,0.2,knn,algorithm=brute,11625,5641,3256,39675,0.8522019369736034,0.7811975001679995,0.6732885439592262,0.7232401157184185
oscore-base,eth,,64,p2,json,dns_cbor,word2vec,1,0.2,svm,C=0.01,10965,6301,1777,41154,0.865807266142831,0.8605399466331816,0.6350631298505733,0.7308051186350306
oscore-base,eth,,64,p2,json,dns_cbor,word2vec,1,0.2,dt,,12382,4884,5383,37548,0.829443327740585,0.6969884604559528,0.717131935595969,0.7069167308954926
oscore-base,eth,,64,p2,json,dns_cbor,word2vec,1,0.2,rf,"n_estimators=250,max_depth=9",11992,5274,1906,41025,0.880724953070751,0.8628579651748453,0.6945441908954013,0.7696059555897831
