protocol;link_layer;link_layer_mode;blocksize;network_setup;data_format;dns_format;randiv_pad;vector_type;k;classifier;classifier_args;job_id;fit_time;score_time;accuracy;precision;recall;f1_score;balanced_accuracy;roc_auc
oscore-base;schc;peer_based;64;d2;cbor;dns_message;0;binvec;5;dt;;20833657;[104.49929285049438, 108.82489609718323, 109.89078068733215, 109.98476791381836, 110.87362575531006];[0.9801676273345947, 0.9733304977416992, 0.9073283672332764, 0.939964771270752, 0.9189667701721191];[0.689850489860449, 0.6862029902027911, 0.7578583077095445, 0.7471772336267102, 0.69782206813273];[0.6089036454804174, 0.6120128461071087, 0.7014956563274323, 0.7852677664688227, 0.6722043586995355];[0.6818057663125948, 0.6419726858877086, 0.7131411229135053, 0.5280201520508657, 0.5139228212871212];[0.6432958694251557, 0.6266348703212714, 0.7072704561530242, 0.6314490518101805, 0.5825027304546745];[0.6886255028823364, 0.6794679487185646, 0.7510491279102447, 0.7138037631686066, 0.6698183725887261];[0.6886255028823364, 0.6794679487185646, 0.7510491279102448, 0.7138037631686066, 0.6698183725887262]
