protocol;link_layer;link_layer_mode;blocksize;network_setup;data_format;dns_format;randiv_pad;vector_type;k;classifier;classifier_args;job_id;fit_time;score_time;accuracy;precision;recall;f1_score;balanced_accuracy;roc_auc
oscore;schc;;1024;p2;json;dns_cbor;0;binvec;5;dt;;20833657;[84.24080562591553, 97.17919254302979, 96.26637744903564, 97.30252170562744, 97.62816190719604];[0.698800802230835, 0.7390508651733398, 0.7082293033599854, 0.6034793853759766, 0.5562727451324463];[0.7645904723510045, 0.7294765840220385, 0.7621312907343949, 0.7752872404757105, 0.7822347644964053];[0.6699860365988094, 0.6259533295389869, 0.665317729410478, 0.6944121971983592, 0.7002578101304215];[0.6810982443033247, 0.6162495330593949, 0.681695928277923, 0.6703399327605528, 0.6899772124472338];[0.6754964433906343, 0.6210635294117647, 0.6734072584365025, 0.6821637649205504, 0.6950794994825478];[0.7462999879298132, 0.7046721482066836, 0.7445104680743168, 0.7522966323473244, 0.7620225650029477];[0.7462999879298132, 0.7046721482066836, 0.7445104680743166, 0.7522966323473244, 0.7620225650029478]
