protocol,link_layer,link_layer_mode,blocksize,network_setup,data_format,dns_format,vector_type,run,test_size,classifier,classifier_args,true_dns,false_dns,false_data,true_data,accuracy,precision,recall,f1_score
oscore-base,eth,,64,p2,json,dns_cbor,binvec,1,0.2,nb,,7384,9919,7707,35187,0.7071947106998687,0.4892982572394142,0.42674680691209615,0.4558868926344385
oscore-base,eth,,64,p2,json,dns_cbor,binvec,1,0.2,lr,max_iter=5000,11914,5389,1956,40938,0.8779839526886722,0.8589762076423937,0.6885511183031844,0.7643794309177814
oscore-base,eth,,64,p2,json,dns_cbor,binvec,1,0.2,knn,algorithm=brute,12112,5191,2522,40372,0.87187069123046,0.8276616099494328,0.6999942206553776,0.7584932836521903
oscore-base,eth,,64,p2,json,dns_cbor,binvec,1,0.2,svm,C=0.01,11946,5357,1962,40932,0.8784158679003937,0.8589301121656601,0.6904005085823267,0.765499343180289
oscore-base,eth,,64,p2,json,dns_cbor,binvec,1,0.2,dt,,12430,4873,5960,36934,0.8200408658238783,0.675910821098423,0.7183725365543547,0.6964951110862074
oscore-base,eth,,64,p2,json,dns_cbor,binvec,1,0.2,rf,"n_estimators=250,max_depth=9",11920,5383,1820,41074,0.8803428742296128,0.8675400291120815,0.6888978789805236,0.7679670134974068
