protocol,link_layer,blocksize,network_setup,data_format,dns_format,test_size,classifier,classifier_args,true_dns,false_dns,false_data,true_data,accuracy,precision,recall,f1_score
oscore,eth,1024,p2,cbor,dns_message,0.2,nb,,23277,958,17815,8182,0.6262740882306099,0.5664606249391609,0.9604703940581804,0.712630305999051
oscore,eth,1024,p2,cbor,dns_message,0.2,lr,max_iter=2800,22177,1973,4451,21631,0.8721133938525243,0.8328451254318762,0.9183022774327122,0.8734885186498089
oscore,eth,1024,p2,cbor,dns_message,0.2,knn,"algorithm=brute,n_jobs=-1",22143,2092,5937,20060,0.8401616499442587,0.788568376068376,0.9136785640602435,0.84652585300583
oscore,eth,1024,p2,cbor,dns_message,0.2,dt,,20020,4215,3891,22106,0.8386287625418061,0.8372715486596127,0.8260779863833299,0.8316371038092468
oscore,eth,1024,p2,cbor,dns_message,0.2,rf,"n_estimators=250,max_depth=9",23217,1018,4563,21434,0.8888955247650899,0.8357451403887689,0.9579946358572313,0.8927040276843218
