protocol,link_layer,link_layer_mode,blocksize,network_setup,data_format,dns_format,vector_type,run,test_size,classifier,classifier_args,true_dns,false_dns,false_data,true_data,accuracy,precision,recall,f1_score
oscore,schc,,1024,d2,cbor,dns_message,binvec,1,0.2,nb,,7648,5478,3895,17190,0.7260237935167052,0.6625660573507753,0.5826603687338108,0.6200494547813045
oscore,schc,,1024,d2,cbor,dns_message,binvec,1,0.2,lr,max_iter=5000,11864,1262,1183,19902,0.9285317587910321,0.909327814823331,0.9038549443851897,0.9065831200091697
oscore,schc,,1024,d2,cbor,dns_message,binvec,1,0.2,knn,algorithm=brute,11938,1188,2330,18755,0.8971675776796937,0.8366975049060835,0.9094926100868506,0.8715777177484121
oscore,schc,,1024,d2,cbor,dns_message,binvec,1,0.2,svm,C=0.01,11879,1247,1240,19845,0.9273040834819211,0.9054806006555378,0.9049977144598507,0.905239093160602
oscore,schc,,1024,d2,cbor,dns_message,binvec,1,0.2,dt,,11977,1149,1409,19676,0.9252287276022332,0.8947407739429254,0.9124638122809691,0.9035153892576946
oscore,schc,,1024,d2,cbor,dns_message,binvec,1,0.2,rf,"n_estimators=250,max_depth=9",11616,1510,861,20224,0.9306948057642279,0.9309930271699928,0.8849611458174615,0.9073936648049057
