protocol,link_layer,link_layer_mode,blocksize,network_setup,data_format,dns_format,vector_type,run,test_size,classifier,classifier_args,true_dns,false_dns,false_data,true_data,accuracy,precision,recall,f1_score
oscore,eth,,1024,d1,json,dns_cbor,word2vec,1,0.2,nb,,9364,747,5566,4486,0.6869017507315379,0.6271935699933021,0.9261200672534863,0.7478934547342359
oscore,eth,,1024,d1,json,dns_cbor,word2vec,1,0.2,lr,max_iter=5000,8705,1406,2437,7615,0.8094033625948519,0.7812780470292586,0.8609435268519434,0.8191784689220345
oscore,eth,,1024,d1,json,dns_cbor,word2vec,1,0.2,knn,algorithm=brute,8643,1468,3074,6978,0.7747359023954768,0.7376461551591704,0.8548115913361686,0.7919186366135239
oscore,eth,,1024,d1,json,dns_cbor,word2vec,1,0.2,svm,C=0.01,8736,1375,2660,7392,0.799880970093736,0.7665847665847666,0.8640094946098309,0.8123866648068071
oscore,eth,,1024,d1,json,dns_cbor,word2vec,1,0.2,dt,,8401,1710,1603,8449,0.835689133561474,0.8397640943622551,0.8308772623874988,0.8352970420084515
oscore,eth,,1024,d1,json,dns_cbor,word2vec,1,0.2,rf,"n_estimators=250,max_depth=9",9398,713,2754,7298,0.8280513812428706,0.7733706385780118,0.9294827415685887,0.8442707631496205
