protocol;link_layer;link_layer_mode;blocksize;network_setup;data_format;dns_format;randiv_pad;vector_type;k;classifier;classifier_args;job_id;fit_time;score_time;accuracy;precision;recall;f1_score;balanced_accuracy;roc_auc
oscore;schc;min_rules;1024;d2;cbor;dns_cbor;0;binvec;5;dt;;20833657;[27.08503222465515, 28.15726923942566, 28.01387596130371, 28.150325536727905, 27.964789152145386];[0.32114076614379883, 0.3178830146789551, 0.3172645568847656, 0.32807469367980957, 0.3173980712890625];[0.9543797801147228, 0.9544544694072657, 0.9580239905591323, 0.956261296924249, 0.9567094393737956];[0.9365528161049537, 0.9339452978643686, 0.9387020582611629, 0.9365882926463419, 0.9400218925753973];[0.947699702449073, 0.9509403730973182, 0.9551749132110021, 0.9528096745889444, 0.9500629458665547];[0.9420932878270762, 0.9423662174167816, 0.9468668456680407, 0.9446293494704993, 0.9450157477327059];[0.9531894043794591, 0.9538281939631591, 0.9575162560162548, 0.9556461827400897, 0.9555249666725358];[0.9531894043794591, 0.9538281939631591, 0.9575162560162548, 0.9556461827400897, 0.955524966672536]
