protocol;link_layer;link_layer_mode;blocksize;network_setup;data_format;dns_format;randiv_pad;vector_type;k;classifier;classifier_args;job_id;fit_time;score_time;accuracy;precision;recall;f1_score;balanced_accuracy;roc_auc
oscore;schc;;1024;p1;cbor;dns_cbor;0;binvec;5;dt;;20833657;[52.6745183467865, 53.257903814315796, 52.78460741043091, 53.0701003074646, 54.53495907783508];[0.3689894676208496, 0.3725125789642334, 0.37062716484069824, 0.3652467727661133, 0.3660621643066406];[0.7471047897458961, 0.7616932763660895, 0.781970738288991, 0.7643603041418954, 0.7847957161529704];[0.6700356257744734, 0.6798549291130893, 0.7164270889384272, 0.7112227240113114, 0.7240705266038547];[0.646213026590977, 0.693109243697479, 0.696171802054155, 0.6293557422969188, 0.6917273576097106];[0.6579087452471483, 0.6864181091877497, 0.7061542249919497, 0.6677894903701356, 0.7075295106391106];[0.7270974092752974, 0.7480914539915162, 0.764955380024734, 0.7375866506689209, 0.7663387103534401];[0.7270974092752974, 0.7480914539915162, 0.7649553800247338, 0.7375866506689209, 0.76633871035344]
