protocol;link_layer;link_layer_mode;blocksize;network_setup;data_format;dns_format;randiv_pad;vector_type;k;classifier;classifier_args;job_id;fit_time;score_time;accuracy;precision;recall;f1_score;balanced_accuracy;roc_auc
oscore;schc;;64;p1;cbor;dns_cbor;0;binvec;5;dt;;20833657;[103.44024848937988, 95.11524701118469, 103.5601327419281, 103.17723774909973, 103.05673456192017];[0.7971282005310059, 0.7742335796356201, 0.7896087169647217, 0.7952804565429688, 0.7635924816131592];[0.7109420046932619, 0.7524690075025645, 0.7636390455182401, 0.7592876921735983, 0.7773568713166029];[0.48590097082879585, 0.5581330156282851, 0.5809289404425383, 0.5696423176145211, 0.5942872026393471];[0.5005489784227611, 0.5702692381134237, 0.5690177825516172, 0.5850340136054422, 0.6535386084258265];[0.4931162189171712, 0.5641358629564478, 0.5749116735599474, 0.5772355808859895, 0.6225061670853843];[0.6468377875499041, 0.696955267430184, 0.7043393871081318, 0.7061938859867143, 0.7396303630079232];[0.6468377875499041, 0.696955267430184, 0.7043393871081318, 0.7061938859867143, 0.7396303630079232]
