protocol;link_layer;link_layer_mode;blocksize;network_setup;data_format;dns_format;randiv_pad;vector_type;k;classifier;classifier_args;job_id;fit_time;score_time;accuracy;precision;recall;f1_score;balanced_accuracy;roc_auc
oscore;schc;peer_based;1024;d2;cbor;dns_message;1;binvec;5;dt;;20833657;[70.42945575714111, 70.15671133995056, 69.69011759757996, 70.80404329299927, 69.83414387702942];[0.4294261932373047, 0.4031684398651123, 0.4013557434082031, 0.400982141494751, 0.400465726852417];[0.6209328373688068, 0.6203797170789718, 0.6081557586736176, 0.6103351955307262, 0.5978206759223408];[0.5691410497182959, 0.567670519290249, 0.5520598059487832, 0.5539342096987232, 0.5386333731142324];[0.5464726352420121, 0.5515975956975641, 0.5490034799114204, 0.5572463538865513, 0.5568667151760575];[0.5575765400816642, 0.5595186522262334, 0.550527401062733, 0.5555853454665889, 0.5475983076157293];[0.6126128376298496, 0.6126941721087373, 0.6015462286185937, 0.6044025269322211, 0.5932440781029279];[0.6126128376298496, 0.6126941721087373, 0.6015462286185936, 0.6044025269322211, 0.5932440781029279]
