protocol;link_layer;link_layer_mode;blocksize;network_setup;data_format;dns_format;randiv_pad;vector_type;k;classifier;classifier_args;job_id;fit_time;score_time;accuracy;precision;recall;f1_score;balanced_accuracy;roc_auc
oscore-base;schc;;64;p2;json;dns_message;0;binvec;5;dt;;20833657;[131.2626495361328, 143.1455044746399, 148.81881713867188, 139.84899997711182, 143.690851688385];[1.06345534324646, 1.071852684020996, 1.0466015338897705, 1.0517597198486328, 1.0687968730926514];[0.8224039065772937, 0.8590009622497006, 0.9338600614006952, 0.7672664907997147, 0.8912330542591005];[0.794031821024109, 0.892047148621519, 0.9144579294615949, 0.645946907530041, 0.8986970976727469];[0.7495695804023809, 0.7358617410267762, 0.920425664485874, 0.9228524111695935, 0.81997802810435];[0.7711603505427678, 0.8064620471535365, 0.917432092308698, 0.7599616521962219, 0.857534810343645];[0.810185363304556, 0.8383438145099015, 0.9316063820359202, 0.793366715499811, 0.8792797091927285];[0.810185363304556, 0.8383438145099016, 0.9316063820359203, 0.793366715499811, 0.8792797091927285]
