protocol,link_layer,link_layer_mode,blocksize,network_setup,data_format,dns_format,vector_type,run,test_size,classifier,classifier_args,true_dns,false_dns,false_data,true_data,accuracy,precision,recall,f1_score
oscore,schc,,64,p1,cbor,dns_cbor,word2vec,1,0.2,nb,,16225,1457,33170,29768,0.5704911932522947,0.32847454195768805,0.9175998190249972,0.48377238099497594
oscore,schc,,64,p1,cbor,dns_cbor,word2vec,1,0.2,lr,max_iter=5000,9337,8345,4278,58660,0.8434259488960556,0.685787734116783,0.5280511254382988,0.5966706074064607
oscore,schc,,64,p1,cbor,dns_cbor,word2vec,1,0.2,knn,algorithm=brute,9427,8255,5564,57374,0.8285909203671545,0.628843973050497,0.5331410473928289,0.5770513879962048
oscore,schc,,64,p1,cbor,dns_cbor,word2vec,1,0.2,svm,C=0.01,9270,8412,4158,58780,0.84408335400645,0.6903485254691689,0.5242619613165932,0.5959498553519769
oscore,schc,,64,p1,cbor,dns_cbor,word2vec,1,0.2,dt,,9724,7958,8330,54608,0.7979657653187795,0.5386064030131826,0.549937789842778,0.5442131184239982
oscore,schc,,64,p1,cbor,dns_cbor,word2vec,1,0.2,rf,"n_estimators=250,max_depth=9",8851,8831,3720,59218,0.8443190275365914,0.7040808209370774,0.5005655468838367,0.5851320530195353
