protocol;link_layer;link_layer_mode;blocksize;network_setup;data_format;dns_format;randiv_pad;vector_type;k;classifier;classifier_args;job_id;fit_time;score_time;accuracy;precision;recall;f1_score;balanced_accuracy;roc_auc
oscore-base;eth;;64;p1;cbor;dns_cbor;0;binvec;5;dt;;20833657;[395.4780914783478, 413.2894995212555, 433.53837847709656, 409.07526564598083, 422.7976725101471];[4.791386842727661, 4.810503244400024, 4.929453134536743, 4.943738698959351, 4.605761289596558];[0.6122870374304287, 0.7002166801206611, 0.7115520244721077, 0.6970106386594609, 0.6845365555215662];[0.44586768235416885, 0.573463872558316, 0.5920377340045946, 0.5699216685088183, 0.5446450553959786];[0.4120497613192536, 0.5832248420849607, 0.5840445537393317, 0.5718591026351955, 0.6400173590182511];[0.42829219396065654, 0.5783031722884941, 0.5880139812612263, 0.5708887418015525, 0.5884921910504672];[0.566661042691986, 0.6735589613865433, 0.6824982174000633, 0.6684928329059032, 0.6743921350971949];[0.566661042691986, 0.6735589613865434, 0.6824982174000633, 0.6684928329059032, 0.6743921350971948]
