protocol;link_layer;link_layer_mode;blocksize;network_setup;data_format;dns_format;randiv_pad;vector_type;k;classifier;classifier_args;job_id;fit_time;score_time;accuracy;precision;recall;f1_score;balanced_accuracy;roc_auc
oscore;eth;;64;d2;cbor;dns_message;1;binvec;5;lr;max_iter=5000;841375;[58.60395169258118, 56.37596344947815, 49.9889760017395, 57.95956516265869, 55.48363280296326];[1.4021713733673096, 0.9564809799194336, 1.6476681232452393, 1.3795433044433594, 1.3731768131256104];[1.0, 1.0, 1.0, 1.0, 1.0];[1.0, 1.0, 1.0, 1.0, 1.0];[1.0, 1.0, 1.0, 1.0, 1.0];[1.0, 1.0, 1.0, 1.0, 1.0];[1.0, 1.0, 1.0, 1.0, 1.0];[1.0, 1.0, 1.0, 1.0, 1.0]
oscore;eth;;64;d2;cbor;dns_message;1;binvec;5;knn;algorithm=brute;836617;[68.56502652168274, 66.81280088424683, 64.6715190410614, 58.5045907497406, 60.51953911781311];[168.17301964759827, 176.84705448150635, 176.07484817504883, 166.79502320289612, 171.35055780410767];[0.9639915749113979, 0.9644771526227502, 0.9703038978893002, 0.970764253687576, 0.9724732457606275];[0.969486131477957, 0.9707256111848785, 0.9755949697657428, 0.9761101698866904, 0.9752100580748795];[0.9430349013657057, 0.942959028831563, 0.9523672230652503, 0.9529734897342903, 0.9581177256104038];[0.9560775988061722, 0.956640880575761, 0.9638411745283381, 0.9644030836327897, 0.9665883361527216];[0.9609643289874474, 0.9613688037525966, 0.9677129674399553, 0.9681942356412565, 0.9703994761379597];[0.9917789640046499, 0.9920499505453925, 0.9940339690651485, 0.9936779340049697, 0.9943019668633462]
oscore;eth;;64;d2;cbor;dns_message;1;binvec;5;dt;;20833657;[217.0347547531128, 234.33861684799194, 234.0410966873169, 234.3626708984375, 234.7026493549347];[3.823009490966797, 3.819272518157959, 3.847585678100586, 3.819108486175537, 3.8126659393310547];[1.0, 1.0, 1.0, 1.0, 1.0];[1.0, 1.0, 1.0, 1.0, 1.0];[1.0, 1.0, 1.0, 1.0, 1.0];[1.0, 1.0, 1.0, 1.0, 1.0];[1.0, 1.0, 1.0, 1.0, 1.0];[1.0, 1.0, 1.0, 1.0, 1.0]
