protocol;link_layer;link_layer_mode;blocksize;network_setup;data_format;dns_format;randiv_pad;vector_type;k;classifier;classifier_args;job_id;fit_time;score_time;accuracy;precision;recall;f1_score;balanced_accuracy;roc_auc
oscore;schc;;64;p2;json;dns_message;0;binvec;5;dt;;20833657;[125.81378197669983, 129.91260051727295, 133.07930088043213, 132.53553080558777, 128.7577042579651];[1.0367746353149414, 1.037219762802124, 1.0607798099517822, 1.0511322021484375, 1.0742042064666748];[0.7483734027348167, 0.7759508927619089, 0.7720737248544062, 0.83433773492331, 0.8608958598878975];[0.6584391400033858, 0.719289871302943, 0.7401501327140013, 0.7829378035508341, 0.7935590421139554];[0.5901972685887709, 0.5945220030349013, 0.5416236722306526, 0.7314112291350531, 0.8166436516487352];[0.6224533888133152, 0.6509815650208941, 0.6255126003294662, 0.7562979060590133, 0.8049358710690648];[0.7121435655489081, 0.734395071644416, 0.7192897323063663, 0.8107626831814335, 0.850759823324532];[0.7121435655489082, 0.734395071644416, 0.7192897323063663, 0.8107626831814335, 0.850759823324532]
