protocol,link_layer,link_layer_mode,blocksize,network_setup,data_format,dns_format,vector_type,run,test_size,classifier,classifier_args,true_dns,false_dns,false_data,true_data,accuracy,precision,recall,f1_score
oscore,eth,,1024,d1,cbor,dns_message,word2vec,1,0.2,nb,,9133,1019,6880,3131,0.6082428210087785,0.5703490913632674,0.8996256895193065,0.6981081597553984
oscore,eth,,1024,d1,cbor,dns_message,word2vec,1,0.2,lr,max_iter=5000,8880,1272,1949,8062,0.8402519466349253,0.8200203158186351,0.8747044917257684,0.8464801487059721
oscore,eth,,1024,d1,cbor,dns_message,word2vec,1,0.2,knn,algorithm=brute,9034,1118,2330,7681,0.8289937013341269,0.7949665610700457,0.8898739164696612,0.8397471649005391
oscore,eth,,1024,d1,cbor,dns_message,word2vec,1,0.2,svm,C=0.01,9080,1072,2075,7936,0.8439220354113971,0.813984760197221,0.8944050433412135,0.8523020603557516
oscore,eth,,1024,d1,cbor,dns_message,word2vec,1,0.2,dt,,8584,1568,1449,8562,0.8503694886673611,0.8555765972291438,0.8455476753349094,0.8505325736933367
oscore,eth,,1024,d1,cbor,dns_message,word2vec,1,0.2,rf,"n_estimators=250,max_depth=9",9501,651,2308,7703,0.8532460447354064,0.8045558472351596,0.9358747044917257,0.865261144756614
