protocol;link_layer;link_layer_mode;blocksize;network_setup;data_format;dns_format;randiv_pad;vector_type;k;classifier;classifier_args;job_id;fit_time;score_time;accuracy;precision;recall;f1_score;balanced_accuracy;roc_auc
oscore;eth;;64;p2;cbor;dns_message;0;binvec;5;knn;algorithm=brute;895868;[36.217596769332886, 34.85930037498474, 11.329540729522705, 25.391218662261963, 13.12369704246521];[167.6720690727234, 167.37535953521729, 165.59309792518616, 185.38629293441772, 165.68433737754822];[0.821654243444701, 0.844804318488529, 0.8770920831914437, 0.8794064600754222, 0.8847786193109798];[0.8041590530554164, 0.8297080618372301, 0.8528418939877749, 0.8538168285377145, 0.8558045719408337];[0.7546282245827011, 0.788361153262519, 0.8511077389984826, 0.8564469870559492, 0.8691937662180003];[0.7786067120188507, 0.8085063338417007, 0.8519739340452357, 0.8551298853796562, 0.8624472065588087];[0.811972160934983, 0.8366509566731266, 0.8733385771842446, 0.8760896926107908, 0.8825272627192469];[0.8913750527531641, 0.9074371357649245, 0.9329128217754713, 0.9349563364849233, 0.9389574790822741]
oscore;eth;;64;p2;cbor;dns_message;0;binvec;5;dt;;20833657;[392.57675218582153, 418.7758059501648, 404.8072998523712, 390.5662291049957, 401.2781767845154];[4.0483551025390625, 4.012538909912109, 4.012227773666382, 4.027460098266602, 4.027318716049194];[0.7454437675785438, 0.7311160719916253, 0.7753919305813058, 0.7973627454689924, 0.8356718987469494];[0.7085497729425986, 0.7183651246620607, 0.770543355906159, 0.7843500522114056, 0.7963963159695874];[0.6582094081942337, 0.5806221547799697, 0.6544006069802731, 0.7066875066389475, 0.8122278031533103];[0.6824525244261238, 0.6421905944748414, 0.7077387643906882, 0.743496204289831, 0.8042341557231721];[0.7328425377937308, 0.7093768347760909, 0.7579144196392182, 0.7842636346251117, 0.8322852117607413];[0.7328425377937309, 0.7093768347760909, 0.7579144196392182, 0.7842636346251117, 0.8322852117607413]
