protocol,link_layer,link_layer_mode,blocksize,network_setup,data_format,dns_format,vector_type,run,test_size,classifier,classifier_args,true_dns,false_dns,false_data,true_data,accuracy,precision,recall,f1_score
oscore-base,schc,,64,p2,json,dns_cbor,word2vec,1,0.2,nb,,12973,4281,4567,43602,0.8647570426302676,0.739623717217788,0.7518836211892894,0.7457032821750876
oscore-base,schc,,64,p2,json,dns_cbor,word2vec,1,0.2,lr,max_iter=5000,12242,5012,2320,45849,0.8879293214924415,0.8406812251064414,0.7095166338240408,0.7695499119939653
oscore-base,schc,,64,p2,json,dns_cbor,word2vec,1,0.2,knn,algorithm=brute,12010,5244,2951,45218,0.8747382419026948,0.8027538266158679,0.696070476411267,0.7456153965544001
oscore-base,schc,,64,p2,json,dns_cbor,word2vec,1,0.2,svm,C=0.01,12579,4675,2853,45316,0.8849334331962765,0.8151244167962675,0.7290483366175959,0.7696873279079728
oscore-base,schc,,64,p2,json,dns_cbor,word2vec,1,0.2,dt,,12330,4924,5367,42802,0.8427005793069715,0.6967282590269537,0.714616900428886,0.705559211467483
oscore-base,schc,,64,p2,json,dns_cbor,word2vec,1,0.2,rf,"n_estimators=250,max_depth=9",12709,4545,3045,45124,0.8839857542454489,0.8067157547289577,0.7365828213747537,0.7700557440620456
