protocol;link_layer;link_layer_mode;blocksize;network_setup;data_format;dns_format;randiv_pad;vector_type;k;classifier;classifier_args;job_id;fit_time;score_time;accuracy;precision;recall;f1_score;balanced_accuracy;roc_auc
oscore-base;schc;min_rules;1024;p2;cbor;dns_message;0;binvec;5;dt;;20833657;[56.92237186431885, 55.44138789176941, 57.68860721588135, 58.70983648300171, 56.730655670166016];[0.41864943504333496, 0.45205044746398926, 0.44415712356567383, 0.4333019256591797, 0.42252373695373535];[0.7775948421373032, 0.9062647001853953, 0.9150640582196519, 0.9137069883918812, 0.917193574719482];[0.8435256580696623, 0.8879504504504504, 0.8968303487864229, 0.8951504755964447, 0.9025195810134944];[0.6027739953766744, 0.8988885018524969, 0.9103201494664176, 0.9089556020013934, 0.9086072582177466];[0.7031120140363838, 0.8933859977654335, 0.903524900601889, 0.9020002199770595, 0.9055531884675472];[0.7580075534759487, 0.9054382556929503, 0.9145325408871683, 0.9131745748772047, 0.9162314406030132];[0.7580075534759487, 0.9054382556929503, 0.9145325408871683, 0.9131745748772048, 0.9162314406030132]
