protocol;link_layer;link_layer_mode;blocksize;network_setup;data_format;dns_format;randiv_pad;vector_type;k;classifier;classifier_args;job_id;fit_time;score_time;accuracy;precision;recall;f1_score;balanced_accuracy;roc_auc
oscore;schc;min_rules;64;d2;json;dns_message;1;binvec;5;knn;algorithm=brute;931197;[3.7360222339630127, 2.018486976623535, 2.017749071121216, 2.0466790199279785, 2.0231189727783203];[34.26808452606201, 34.01395916938782, 33.934353828430176, 33.866655111312866, 34.11296224594116];[0.9279947016816402, 0.9276491591799124, 0.9313234277816171, 0.9309548491131076, 0.9336151440632576];[0.9467545723799803, 0.944853125156383, 0.9408209601280606, 0.9390494185099522, 0.9391071197829177];[0.8585584218512898, 0.8595295902883157, 0.87402124430956, 0.8748539431554349, 0.882289564333298];[0.900502144659043, 0.9001740180692734, 0.9061917385797783, 0.9058157164965867, 0.9098121444946053];[0.9145121791825597, 0.9144223039616814, 0.9201969967603119, 0.9200612519352415, 0.9236489588883865];[0.9662588336502788, 0.9678101545112398, 0.9712834629987945, 0.9716559195443155, 0.9722086452801202]
oscore;schc;min_rules;64;d2;json;dns_message;1;binvec;5;dt;;20833657;[25.041587591171265, 26.179381847381592, 26.827804565429688, 26.482348442077637, 25.06614661216736];[0.929419994354248, 0.8872430324554443, 0.900885820388794, 0.8988804817199707, 0.9049091339111328];[1.0, 1.0, 1.0, 1.0, 1.0];[1.0, 1.0, 1.0, 1.0, 1.0];[1.0, 1.0, 1.0, 1.0, 1.0];[1.0, 1.0, 1.0, 1.0, 1.0];[1.0, 1.0, 1.0, 1.0, 1.0];[1.0, 1.0, 1.0, 1.0, 1.0]
oscore;schc;min_rules;64;d2;json;dns_message;1;binvec;5;rf;n_estimators=250,max_depth=9;931197;[13.18035626411438, 9.474192142486572, 9.415032863616943, 9.469974279403687, 9.35142183303833];[0.9756972789764404, 0.7393925189971924, 0.7976834774017334, 0.7453916072845459, 0.9511518478393555];[0.9452199953927667, 0.9448859709744298, 0.949850264915918, 0.952044459801889, 0.9540713779738422];[0.9820970555042577, 0.9798616553651139, 0.9836941813261164, 0.9834732952636883, 0.9839421181031314];[0.8715477996965099, 0.8727162367223065, 0.8824886191198786, 0.8885719054917374, 0.893564393996874];[0.9235259121094692, 0.9231905228181132, 0.9303471444568869, 0.9336171366162039, 0.9365779951489125];[0.9309149802269443, 0.9308726904792153, 0.9367705764988663, 0.9397194460306906, 0.9423223863431558];[0.9952650964793849, 0.9947737679480726, 0.9951680015368872, 0.9955276757108286, 0.9953788112833215]
