protocol;link_layer;link_layer_mode;blocksize;network_setup;data_format;dns_format;randiv_pad;vector_type;k;classifier;classifier_args;job_id;fit_time;score_time;accuracy;precision;recall;f1_score;balanced_accuracy;roc_auc
oscore;schc;;1024;p1;json;dns_message;1;binvec;5;dt;;20833657;[84.00375843048096, 80.6560890674591, 82.65096426010132, 78.23669266700745, 80.41321444511414];[0.5021116733551025, 0.501612663269043, 0.5055992603302002, 0.46970319747924805, 0.514890193939209];[0.6446789580346992, 0.6448890316840492, 0.643332015224161, 0.6474717018437052, 0.6415604957799389];[0.5681233933161953, 0.5680614087898856, 0.5655676562733104, 0.5702656129300612, 0.5623533552322854];[0.564809525241288, 0.5673952915000451, 0.5699380600156353, 0.5771243009200794, 0.5765229418485778];[0.5664616126892226, 0.5677281547556371, 0.5677444476060683, 0.5736744575288422, 0.5693500014846928];[0.6326093152273785, 0.6331783968252349, 0.6322396212048973, 0.6368397487481277, 0.6317315223246875];[0.6326093152273785, 0.6331783968252349, 0.6322396212048974, 0.6368397487481275, 0.6317315223246875]
