protocol;link_layer;link_layer_mode;blocksize;network_setup;data_format;dns_format;randiv_pad;vector_type;k;classifier;classifier_args;job_id;fit_time;score_time;accuracy;precision;recall;f1_score;balanced_accuracy;roc_auc
oscore;schc;;64;d1;cbor;dns_cbor;1;binvec;5;dt;;20833657;[90.57490754127502, 90.51174521446228, 89.62134265899658, 90.66639828681946, 95.51608562469482];[0.7373619079589844, 0.7371289730072021, 0.7201590538024902, 0.787024974822998, 0.7268557548522949];[0.6747890735333933, 0.7253216057603653, 0.7281681277349296, 0.7216042968578495, 0.7231922024323494];[0.46409338258099075, 0.5504001480316417, 0.5559880168895808, 0.544151376146789, 0.5466067704155303];[0.39287760168035135, 0.5679914070891514, 0.5625969686120063, 0.566296694116243, 0.5692564745196325];[0.42552641443584144, 0.5590574304878478, 0.5592729688686409, 0.5550032165623721, 0.5577017515141595];[0.5961517689817499, 0.681434577366637, 0.6819822954981352, 0.6782814686351083, 0.6802520566830088];[0.5961517689817498, 0.681434577366637, 0.681982295498135, 0.6782814686351083, 0.6802520566830088]
