protocol;link_layer;link_layer_mode;blocksize;network_setup;data_format;dns_format;randiv_pad;vector_type;k;classifier;classifier_args;job_id;fit_time;score_time;accuracy;precision;recall;f1_score;balanced_accuracy;roc_auc
oscore;schc;;1024;d2;json;dns_cbor;0;binvec;5;dt;;20833657;[27.706976652145386, 27.96636462211609, 28.224886894226074, 26.101764678955078, 27.664369344711304];[0.34629321098327637, 0.3520369529724121, 0.34247708320617676, 0.34329891204833984, 0.3418562412261963];[0.95396084680173, 0.9552697473252902, 0.9574032182338128, 0.9557812966835972, 0.9569052598631326];[0.9304608467590858, 0.9334510747031415, 0.9335947712418301, 0.9332783257697933, 0.9355929655794378];[0.9473563744563973, 0.9476234073395895, 0.9536108037996414, 0.9492999656658909, 0.9498340518063556];[0.9388326024497202, 0.9404838526483171, 0.9434966407488488, 0.9412209698161736, 0.9426597255087553];[0.9526226896559338, 0.9537204934324666, 0.9566347797643213, 0.9544680161405645, 0.9554724554081013];[0.9526226896559338, 0.9537204934324666, 0.9566347797643213, 0.9544680161405645, 0.9554724554081013]
