protocol;link_layer;link_layer_mode;blocksize;network_setup;data_format;dns_format;randiv_pad;vector_type;k;classifier;classifier_args;job_id;fit_time;score_time;accuracy;precision;recall;f1_score;balanced_accuracy;roc_auc
oscore;schc;peer_based;64;d2;cbor;dns_cbor;1;binvec;5;dt;;20833657;[87.29624581336975, 91.90487670898438, 91.239981174469, 95.51122856140137, 95.62518739700317];[0.7451355457305908, 0.7214038372039795, 0.7198224067687988, 0.7223448753356934, 0.7365672588348389];[0.7260659900334414, 0.7348105109873625, 0.7402016742770168, 0.7156070717714553, 0.7086260391054912];[0.5451070800218407, 0.5629550464230846, 0.5742668587628387, 0.5383719458159261, 0.5270407499023565];[0.6433788428489593, 0.6035087719298246, 0.5898794605561523, 0.5075307315908819, 0.4831364124597207];[0.590180086485303, 0.5825269560409179, 0.5819684677789683, 0.5224966212065364, 0.5041344956413449];[0.7030013535484547, 0.6981843895528483, 0.6982702143379742, 0.6575654523289305, 0.645727090158903];[0.7030013535484547, 0.6981843895528486, 0.6982702143379742, 0.6575654523289305, 0.6457270901589028]
