protocol,link_layer,link_layer_mode,blocksize,network_setup,data_format,dns_format,vector_type,run,test_size,classifier,classifier_args,true_dns,false_dns,false_data,true_data,accuracy,precision,recall,f1_score
oscore,schc,peer_based,64,d2,cbor,dns_cbor,binvec,1,0.2,nb,,7674,9808,10255,45604,0.7264422355844616,0.4280216409169502,0.43896579338748426,0.43342464206037673
oscore,schc,peer_based,64,d2,cbor,dns_cbor,binvec,1,0.2,lr,max_iter=5000,9010,8472,3904,51955,0.8312540052630861,0.6976924268236023,0.5153872554627617,0.5928411633109619
oscore,schc,peer_based,64,d2,cbor,dns_cbor,binvec,1,0.2,knn,algorithm=brute,9696,7786,4858,51001,0.8275998418347172,0.666208602446063,0.5546276169774625,0.6053190161068798
oscore,schc,peer_based,64,d2,cbor,dns_cbor,binvec,1,0.2,svm,C=0.01,8816,8666,3658,52201,0.831963022047695,0.7067500400833734,0.5042901269877589,0.5885966083589265
oscore,schc,peer_based,64,d2,cbor,dns_cbor,binvec,1,0.2,dt,,10764,6718,7505,48354,0.8060702744713053,0.5891948108818217,0.6157190252831484,0.6021649744063103
oscore,schc,peer_based,64,d2,cbor,dns_cbor,binvec,1,0.2,rf,"n_estimators=250,max_depth=9",8411,9071,2851,53008,0.8374442671902483,0.746847806783875,0.48112344125386114,0.585235179515725
