protocol;link_layer;link_layer_mode;blocksize;network_setup;data_format;dns_format;randiv_pad;vector_type;k;classifier;classifier_args;job_id;fit_time;score_time;accuracy;precision;recall;f1_score;balanced_accuracy;roc_auc
oscore;schc;;64;p1;json;dns_cbor;0;binvec;5;dt;;20833657;[127.800039768219, 123.2051203250885, 121.36865282058716, 119.90215754508972, 119.55083155632019];[0.9293842315673828, 1.0317332744598389, 0.9659159183502197, 0.9661276340484619, 1.3067576885223389];[0.6719651146434098, 0.7527628786535133, 0.7696123101763227, 0.7521879797195227, 0.7730970117304564];[0.3789619120285402, 0.5169210961927534, 0.5496301514617823, 0.5162064825930373, 0.551329252108395];[0.4386232904503902, 0.5366494021051627, 0.5586557510084255, 0.5234389917891923, 0.6147842276112278];[0.40661577608142496, 0.5266005410279531, 0.5541062001373074, 0.5197975799665794, 0.5813302638409281];[0.5954895911178026, 0.6819337792533872, 0.7004733405153138, 0.6772164492951931, 0.7212108787098158];[0.5954895911178025, 0.681933779253387, 0.7004733405153138, 0.6772164492951931, 0.7212108787098158]
