protocol;link_layer;link_layer_mode;blocksize;network_setup;data_format;dns_format;randiv_pad;vector_type;k;classifier;classifier_args;job_id;fit_time;score_time;accuracy;precision;recall;f1_score;balanced_accuracy;roc_auc
oscore;schc;;1024;d2;cbor;dns_message;1;binvec;5;dt;;20937591;[49.50618505477905, 49.09728765487671, 50.23410248756409, 50.7545804977417, 51.52944779396057];[0.39607787132263184, 0.40058064460754395, 0.40580129623413086, 0.4283254146575928, 0.42039990425109863];[0.8925840397140368, 0.8936211402574775, 0.8848956676853299, 0.8813003858014021, 0.8790032634548371];[0.8777249683143219, 0.8747923653116871, 0.860308225536919, 0.856505852480337, 0.8581051444326085];[0.8763366023410313, 0.883011705156596, 0.8794685226194242, 0.8750395444479595, 0.8664663081303385];[0.877030235871458, 0.878882818772927, 0.8697828671547463, 0.8656735102653981, 0.862265457750913];[0.8907685910469496, 0.8924356680891439, 0.8842892518518792, 0.8806008147965103, 0.8776025345004859];[0.8907685910469496, 0.8924356680891438, 0.8842892518518793, 0.8806008147965103, 0.877602534500486]
