protocol;link_layer;link_layer_mode;blocksize;network_setup;data_format;dns_format;randiv_pad;vector_type;k;classifier;classifier_args;job_id;fit_time;score_time;accuracy;precision;recall;f1_score;balanced_accuracy;roc_auc
oscore;schc;;64;d2;cbor;dns_cbor;0;binvec;5;dt;;20833657;[13.168031215667725, 13.152086973190308, 13.174396991729736, 13.148523092269897, 13.16650652885437];[0.635753870010376, 0.6140732765197754, 0.6138472557067871, 0.614077091217041, 0.669990062713623];[1.0, 1.0, 1.0, 1.0, 1.0];[1.0, 1.0, 1.0, 1.0, 1.0];[1.0, 1.0, 1.0, 1.0, 1.0];[1.0, 1.0, 1.0, 1.0, 1.0];[1.0, 1.0, 1.0, 1.0, 1.0];[1.0, 1.0, 1.0, 1.0, 1.0]
