protocol,link_layer,link_layer_mode,blocksize,network_setup,data_format,dns_format,vector_type,run,test_size,classifier,classifier_args,true_dns,false_dns,false_data,true_data,accuracy,precision,recall,f1_score
oscore-base,eth,,64,d1,cbor,dns_cbor,binvec,1,0.2,nb,,10661,6806,18781,35137,0.6415633536457239,0.3621017593913457,0.6103509475010019,0.4545396405806988
oscore-base,eth,,64,d1,cbor,dns_cbor,binvec,1,0.2,lr,max_iter=5000,8091,9376,4590,49328,0.8043566575611123,0.638041163946061,0.4632163508329994,0.5367520233514661
oscore-base,eth,,64,d1,cbor,dns_cbor,binvec,1,0.2,knn,algorithm=brute,10396,7071,4781,49137,0.8339707221405057,0.6849838571522698,0.5951794813076087,0.6369317485602255
oscore-base,eth,,64,d1,cbor,dns_cbor,binvec,1,0.2,svm,C=0.01,8126,9341,4686,49232,0.8035021363031449,0.6342491414299095,0.46522012938684376,0.5367416361174411
oscore-base,eth,,64,d1,cbor,dns_cbor,binvec,1,0.2,dt,,9957,7510,8671,45247,0.7733277299152483,0.5345179299978527,0.5700463731608175,0.5517107632636099
oscore-base,eth,,64,d1,cbor,dns_cbor,binvec,1,0.2,rf,"n_estimators=250,max_depth=9",10558,6909,5038,48880,0.8326399103453106,0.6769684534496024,0.604454113471117,0.6386595287783927
