protocol;link_layer;link_layer_mode;blocksize;network_setup;data_format;dns_format;randiv_pad;vector_type;k;classifier;classifier_args;job_id;fit_time;score_time;accuracy;precision;recall;f1_score;balanced_accuracy;roc_auc
oscore;eth;;1024;p2;json;dns_cbor;1;binvec;5;dt;;20833657;[130.17041492462158, 128.0346019268036, 136.51776599884033, 130.02254939079285, 135.6858594417572];[2.003110647201538, 2.0199577808380127, 2.041196823120117, 2.048250198364258, 2.0316944122314453];[0.7599110075219833, 0.7579404597944698, 0.7906134124377583, 0.7888547515626655, 0.7955927534696472];[0.7604483038884373, 0.7598382865253107, 0.8029797642873027, 0.8006393748334961, 0.8090990187332738];[0.7562106516930407, 0.7515633641043094, 0.7680690858042285, 0.7670906538477901, 0.7716850299910665];[0.7583235576410365, 0.7556781727191069, 0.7851365454861715, 0.7835060505333594, 0.7899492673155225];[0.7598970259351765, 0.7579160961014624, 0.7905272818416618, 0.788771601831021, 0.7955014140161344];[0.7598970259351765, 0.7579160961014623, 0.7905272818416618, 0.7887716018310211, 0.7955014140161344]
