protocol,link_layer,link_layer_mode,blocksize,network_setup,data_format,dns_format,vector_type,run,test_size,classifier,classifier_args,true_dns,false_dns,false_data,true_data,accuracy,precision,recall,f1_score
oscore,schc,,1024,d2,json,dns_cbor,binvec,1,0.2,nb,,8909,2233,4698,18675,0.7991887585107924,0.6547365326670096,0.7995871477293125,0.7199482807386157
oscore,schc,,1024,d2,json,dns_cbor,binvec,1,0.2,lr,max_iter=5000,10173,969,431,22942,0.9594379255396205,0.9593549603923048,0.9130317716747443,0.9356203439713051
oscore,schc,,1024,d2,json,dns_cbor,binvec,1,0.2,knn,algorithm=brute,10002,1140,1470,21903,0.924380704041721,0.8718619246861925,0.8976844372644049,0.8845847704961528
oscore,schc,,1024,d2,json,dns_cbor,binvec,1,0.2,svm,C=0.01,10075,1067,370,23003,0.9583659278574532,0.964576352321685,0.9042362232992281,0.9334321582433872
oscore,schc,,1024,d2,json,dns_cbor,binvec,1,0.2,dt,,10502,640,868,22505,0.9563088512241055,0.9236587510993843,0.9425596840782624,0.9330135039090263
oscore,schc,,1024,d2,json,dns_cbor,binvec,1,0.2,rf,"n_estimators=250,max_depth=9",9155,1987,90,23283,0.9398232652469941,0.9902650081124933,0.8216657691617304,0.89812135184186
