protocol,link_layer,link_layer_mode,blocksize,network_setup,data_format,dns_format,vector_type,run,test_size,classifier,classifier_args,true_dns,false_dns,false_data,true_data,accuracy,precision,recall,f1_score
oscore,eth,,1024,p2,cbor,dns_message,word2vec,1,0.2,nb,,9796,326,7447,2767,0.6177714398111723,0.5681145972278606,0.9677929262991504,0.715951032340581
oscore,eth,,1024,p2,cbor,dns_message,word2vec,1,0.2,lr,max_iter=5000,8930,1192,2188,8026,0.8337922895357985,0.8032020147508545,0.8822367121122308,0.8408662900188324
oscore,eth,,1024,p2,cbor,dns_message,word2vec,1,0.2,knn,algorithm=brute,8791,1331,2519,7695,0.8106805664830842,0.7772767462422635,0.868504248172298,0.8203620754012692
oscore,eth,,1024,p2,cbor,dns_message,word2vec,1,0.2,svm,C=0.01,9067,1055,2276,7938,0.8362018095987411,0.7993476152693291,0.895771586642956,0.8448171441882134
oscore,eth,,1024,p2,cbor,dns_message,word2vec,1,0.2,dt,,8019,2103,1888,8326,0.8037470495672698,0.8094276773998184,0.7922347362181387,0.8007389285535973
oscore,eth,,1024,p2,cbor,dns_message,word2vec,1,0.2,rf,"n_estimators=250,max_depth=9",9505,617,2374,7840,0.8529209284028324,0.8001515279063894,0.9390436672594349,0.8640516340166357
