protocol,link_layer,link_layer_mode,blocksize,network_setup,data_format,dns_format,vector_type,run,test_size,classifier,classifier_args,true_dns,false_dns,false_data,true_data,accuracy,precision,recall,f1_score
oscore-base,schc,,1024,p2,json,dns_cbor,binvec,1,0.2,nb,,8810,2372,4995,18319,0.7864390074211502,0.6381745744295545,0.7878733679127169,0.705166686677072
oscore-base,schc,,1024,p2,json,dns_cbor,binvec,1,0.2,lr,max_iter=5000,9463,1719,960,22354,0.9223388218923934,0.9078959992324667,0.8462707923448399,0.8760009257116408
oscore-base,schc,,1024,p2,json,dns_cbor,binvec,1,0.2,knn,algorithm=brute,9802,1380,1601,21713,0.9135841836734694,0.8595983513110584,0.8765873725630478,0.8680097409785256
oscore-base,schc,,1024,p2,json,dns_cbor,binvec,1,0.2,svm,C=0.01,9388,1794,877,22437,0.92257073283859,0.9145640526059425,0.8395635843319621,0.8754604373572061
oscore-base,schc,,1024,p2,json,dns_cbor,binvec,1,0.2,dt,,10524,658,894,22420,0.9550092764378478,0.9217025748817657,0.9411554283670184,0.9313274336283186
oscore-base,schc,,1024,p2,json,dns_cbor,binvec,1,0.2,rf,"n_estimators=250,max_depth=9",9057,2125,123,23191,0.9348330241187384,0.9866013071895425,0.8099624396351279,0.8895982712896572
