protocol;link_layer;link_layer_mode;blocksize;network_setup;data_format;dns_format;randiv_pad;vector_type;k;classifier;classifier_args;job_id;fit_time;score_time;accuracy;precision;recall;f1_score;balanced_accuracy;roc_auc
oscore-base;schc;min_rules;1024;d2;cbor;dns_message;0;binvec;5;dt;;20833657;[50.96739459037781, 50.58093070983887, 49.90390682220459, 49.36253547668457, 49.913474798202515];[0.41437530517578125, 0.4140026569366455, 0.43766236305236816, 0.4443492889404297, 0.41355061531066895];[0.894524982017374, 0.9096303878714104, 0.9189951861893432, 0.9179438942068279, 0.85136667957727];[0.8862273518602102, 0.8915598624570178, 0.9015764008116123, 0.8977547602803448, 0.8431417750699819];[0.8703181890137723, 0.9029919265474118, 0.9144214025645084, 0.9165716818642351, 0.8106003039513677];[0.8782007252048624, 0.8972394809280377, 0.9079534737503929, 0.907065643114523, 0.8265508724918885];[0.891812741299821, 0.9088865840514591, 0.9184827183800507, 0.9177901152762269, 0.8467981376296094];[0.891812741299821, 0.9088865840514592, 0.9184827183800506, 0.9177901152762269, 0.8467981376296093]
