protocol;link_layer;link_layer_mode;blocksize;network_setup;data_format;dns_format;randiv_pad;vector_type;k;classifier;classifier_args;job_id;fit_time;score_time;accuracy;precision;recall;f1_score;balanced_accuracy;roc_auc
oscore;schc;;64;d1;json;dns_message;0;binvec;5;dt;;20833657;[115.11237978935242, 112.78018498420715, 114.58579683303833, 112.9263801574707, 116.74055480957031];[1.029850959777832, 1.0403199195861816, 1.009918212890625, 0.9860732555389404, 1.0321009159088135];[0.7460209565833511, 0.8522324694551173, 0.8648413557916081, 0.8594322449826033, 0.868038434065301];[0.7062996594778661, 0.7999105812220566, 0.8182281746329318, 0.8085232933339281, 0.8095683857309504];[0.5665402124430956, 0.8144764795144158, 0.827875569044006, 0.8251111549492405, 0.8530326712089713];[0.6287470528797575, 0.8071278195488721, 0.8230236013788214, 0.816733007885843, 0.8307323993615889];[0.7111928895859869, 0.844905955663872, 0.8576682851905515, 0.8527721108970925, 0.8651265104468675];[0.7111928895859869, 0.8449059556638719, 0.8576682851905515, 0.8527721108970925, 0.8651265104468675]
