protocol;link_layer;link_layer_mode;blocksize;network_setup;data_format;dns_format;randiv_pad;vector_type;k;classifier;classifier_args;job_id;fit_time;score_time;accuracy;precision;recall;f1_score;balanced_accuracy;roc_auc
oscore;eth;;64;p1;cbor;dns_cbor;1;binvec;5;dt;;20833657;[332.61194038391113, 351.3695344924927, 359.03435802459717, 351.59889340400696, 358.8366045951843];[3.450961112976074, 3.4918882846832275, 3.4227001667022705, 3.4095215797424316, 3.410511016845703];[0.7038492977632459, 0.7295310990562532, 0.7446459091922419, 0.7393530456494438, 0.7439008984238569];[0.5234563365404487, 0.5629955543333791, 0.5899407718761941, 0.5794538422107275, 0.5877781452260594];[0.5441092228375024, 0.5864184270199307, 0.5896168993913354, 0.5936030552571906, 0.593937224012412];[0.5335830066124407, 0.5744683338594461, 0.5897787911707474, 0.5864431160317404, 0.5908416341165157];[0.6600868534715384, 0.6903227824336233, 0.7021728953390451, 0.6994225432316771, 0.7028159909906029];[0.6600868534715384, 0.6903227824336232, 0.7021728953390451, 0.6994225432316771, 0.702815990990603]
