protocol;link_layer;link_layer_mode;blocksize;network_setup;data_format;dns_format;randiv_pad;vector_type;k;classifier;classifier_args;job_id;fit_time;score_time;accuracy;precision;recall;f1_score;balanced_accuracy;roc_auc
oscore;schc;;1024;d1;cbor;dns_cbor;1;binvec;5;dt;;20833657;[56.884233713150024, 57.267953634262085, 58.284619092941284, 55.37869930267334, 55.8495454788208];[0.36059141159057617, 0.36044836044311523, 0.3586742877960205, 0.3669421672821045, 0.3612327575683594];[0.6307972746832416, 0.6334717905809227, 0.6335763805880946, 0.6304630418216863, 0.6206015509435654];[0.5283196505234616, 0.5319698928001216, 0.5319293735112859, 0.528082217755698, 0.5153624490101418];[0.5351720454718852, 0.5338572464044558, 0.536718422156945, 0.5312249647121657, 0.5253500171670545];[0.53172377198302, 0.5329118985510006, 0.5343131669894801, 0.5296489292913925, 0.5203083084595912];[0.6137691538456347, 0.6157312757872703, 0.6163267905946213, 0.6127903572885385, 0.6036388048206938];[0.6137691538456347, 0.6157312757872703, 0.6163267905946214, 0.6127903572885385, 0.6036388048206938]
