protocol;link_layer;link_layer_mode;blocksize;network_setup;data_format;dns_format;randiv_pad;vector_type;k;classifier;classifier_args;job_id;fit_time;score_time;accuracy;precision;recall;f1_score;balanced_accuracy;roc_auc
oscore-base;eth;;1024;d1;cbor;dns_cbor;0;binvec;5;knn;algorithm=brute;931197;[8.500791072845459, 4.700231075286865, 4.699795484542847, 4.537059307098389, 4.698561906814575];[23.676629781723022, 23.118512392044067, 23.41203737258911, 23.55397891998291, 23.406020402908325];[0.8943103264915453, 0.9010082103203301, 0.9159824733058238, 0.9217892542646872, 0.9232994427191901];[0.863581094332222, 0.8708154675268479, 0.8943102544457437, 0.8962829736211031, 0.9002131681615252];[0.9365747830525778, 0.9417194878121411, 0.9434636491257923, 0.953971157527545, 0.9521419151742034];[0.898598045017652, 0.904880640941792, 0.9182296195089636, 0.9242277495002782, 0.9254496588794707];[0.8943094275155687, 0.9010082103203301, 0.9159824733058237, 0.921789254264687, 0.9232994427191901];[0.9538603337549527, 0.9577276942687707, 0.9641924381030957, 0.9693800533505207, 0.9679654086921418]
oscore-base;eth;;1024;d1;cbor;dns_cbor;0;binvec;5;dt;;20833657;[55.74071764945984, 54.77483868598938, 54.74504089355469, 54.702115297317505, 55.714040756225586];[2.163494348526001, 1.9866728782653809, 1.9810428619384766, 1.9885063171386719, 2.1235880851745605];[1.0, 1.0, 1.0, 1.0, 1.0];[1.0, 1.0, 1.0, 1.0, 1.0];[1.0, 1.0, 1.0, 1.0, 1.0];[1.0, 1.0, 1.0, 1.0, 1.0];[1.0, 1.0, 1.0, 1.0, 1.0];[1.0, 1.0, 1.0, 1.0, 1.0]
oscore-base;eth;;1024;d1;cbor;dns_cbor;0;binvec;5;rf;n_estimators=250,max_depth=9;931197;[13.541084051132202, 6.84210991859436, 6.866167783737183, 6.818872451782227, 6.85236930847168];[1.678621530532837, 1.508610725402832, 1.4748539924621582, 1.5289404392242432, 1.491619348526001];[0.8535786451132618, 0.8589781767133194, 0.9017526694176203, 0.9032415876122006, 0.9045178032075551];[0.8006365740740741, 0.8074470798265748, 0.8627842655193608, 0.8602812618776131, 0.8643015860853575];[0.9416368895695083, 0.9427830008082698, 0.9554600757221253, 0.9628621261751819, 0.9597141277066406];[0.8654312299632496, 0.869882639243239, 0.9067603302448576, 0.9086857899913684, 0.9095123868652866];[0.8535767720915138, 0.8589781767133193, 0.9017526694176203, 0.9032415876122006, 0.9045178032075551];[0.9530224503702802, 0.9588806017145973, 0.9807657003658856, 0.9772083477960454, 0.9751103809945572]
