protocol;link_layer;link_layer_mode;blocksize;network_setup;data_format;dns_format;randiv_pad;vector_type;k;classifier;classifier_args;job_id;fit_time;score_time;accuracy;precision;recall;f1_score;balanced_accuracy;roc_auc
oscore-base;schc;min_rules;64;p2;cbor;dns_cbor;0;binvec;5;dt;;20833657;[71.81610226631165, 74.57483005523682, 69.66562175750732, 71.75756525993347, 73.33038902282715];[0.6288464069366455, 0.637725830078125, 0.6529092788696289, 0.6187331676483154, 0.5959343910217285];[0.6080990519777705, 0.7681167711406599, 0.7511421309425543, 0.7539617028579835, 0.7447511012675815];[0.4399851700806377, 0.6357215352430663, 0.62627095355867, 0.6413954297933709, 0.5845869317525059];[0.5722310622498674, 0.7399585322339554, 0.6593374801099378, 0.6218959448382275, 0.8535332835065217];[0.49746916361883403, 0.68389095000947, 0.6423789725882602, 0.6314951955444029, 0.6939119526441648];[0.5993619889276587, 0.7612578111399126, 0.7287797797305416, 0.7217922992696719, 0.7712499631350269];[0.5993619889276587, 0.7612578111399126, 0.7287797797305418, 0.721792299269672, 0.7712499631350268]
