protocol,link_layer,link_layer_mode,blocksize,network_setup,data_format,dns_format,vector_type,run,test_size,classifier,classifier_args,true_dns,false_dns,false_data,true_data,accuracy,precision,recall,f1_score
oscore,schc,peer_based,64,d2,json,dns_cbor,binvec,1,0.2,nb,,7780,9851,11232,52749,0.74166789197667,0.40921523248474645,0.44126822074754696,0.4246377207106405
oscore,schc,peer_based,64,d2,json,dns_cbor,binvec,1,0.2,lr,max_iter=5000,9010,8621,3734,60247,0.8486129490761163,0.7069993722536095,0.5110317055186887,0.5932510288065843
oscore,schc,peer_based,64,d2,json,dns_cbor,binvec,1,0.2,knn,algorithm=brute,9241,8390,4689,59292,0.8397417046512767,0.6633883704235463,0.5241336282683909,0.5855961471436266
oscore,schc,peer_based,64,d2,json,dns_cbor,binvec,1,0.2,svm,C=0.01,8778,8853,3442,60539,0.8493481350781747,0.7183306055646481,0.4978730644886847,0.5881210009714918
oscore,schc,peer_based,64,d2,json,dns_cbor,binvec,1,0.2,dt,,10800,6831,7849,56132,0.8201244914963486,0.5791195238350582,0.6125574272588055,0.5953693495038589
oscore,schc,peer_based,64,d2,json,dns_cbor,binvec,1,0.2,rf,"n_estimators=250,max_depth=9",8544,9087,2838,61143,0.853881782090869,0.7506589351607802,0.48460098689807724,0.5889773549788027
