protocol;link_layer;link_layer_mode;blocksize;network_setup;data_format;dns_format;randiv_pad;vector_type;k;classifier;classifier_args;job_id;fit_time;score_time;accuracy;precision;recall;f1_score;balanced_accuracy;roc_auc
oscore;schc;;1024;d1;json;dns_cbor;0;binvec;5;dt;;20833657;[59.95213174819946, 66.40368103981018, 67.6546151638031, 64.710697889328, 64.0301444530487];[0.6418473720550537, 0.6058151721954346, 0.8596632480621338, 0.5088152885437012, 1.4099836349487305];[0.8326220553089791, 0.8350261750312963, 0.8417975418231478, 0.8394645499032662, 0.8384095597126396];[0.7699148109400688, 0.7731026493778259, 0.7794814814814814, 0.782022217184312, 0.7778941854374017];[0.7860685130083161, 0.7892347600518806, 0.8028840651585092, 0.7895700606569259, 0.7931179185900126];[0.7779078107893843, 0.7810854176498349, 0.7910097156709827, 0.7857780140093775, 0.7854322899941442];[0.8231871533781656, 0.8257457317341206, 0.8339103310162939, 0.8293516433085233, 0.8292298907409479];[0.8231871533781655, 0.8257457317341204, 0.8339103310162939, 0.8293516433085233, 0.8292298907409479]
