protocol;link_layer;link_layer_mode;blocksize;network_setup;data_format;dns_format;randiv_pad;vector_type;k;classifier;classifier_args;job_id;fit_time;score_time;accuracy;precision;recall;f1_score;balanced_accuracy;roc_auc
oscore;schc;peer_based;64;d2;json;dns_message;0;binvec;5;dt;;20833657;[112.13553738594055, 112.77313208580017, 109.8322525024414, 113.14770126342773, 110.38276696205139];[1.007033348083496, 0.9714415073394775, 0.9691402912139893, 0.9522438049316406, 0.9736766815185547];[0.7177075112475734, 0.6491621205924202, 0.6873030594551623, 0.6957290658555694, 0.7923752246647311];[0.602803738317757, 0.538258938825511, 0.5686724199077905, 0.6066849368699226, 0.8281926704333106];[0.7516843702579666, 0.5333990895295903, 0.7299544764795144, 0.5643636473998088, 0.5716626959437928];[0.6690618331127259, 0.5358179947410541, 0.639298292245332, 0.584759553777093, 0.6764225306591493];[0.7243003021839451, 0.626699730477887, 0.695579041513879, 0.6702386147633904, 0.7495476526527949];[0.724300302183945, 0.626699730477887, 0.695579041513879, 0.6702386147633904, 0.7495476526527949]
