protocol,link_layer,link_layer_mode,blocksize,network_setup,data_format,dns_format,vector_type,run,test_size,classifier,classifier_args,true_dns,false_dns,false_data,true_data,accuracy,precision,recall,f1_score
oscore-base,schc,,1024,p1,json,dns_cbor,binvec,1,0.2,nb,,8933,2378,5296,17878,0.7774684645498042,0.6278023754304589,0.789762178410397,0.6995301487862177
oscore-base,schc,,1024,p1,json,dns_cbor,binvec,1,0.2,lr,max_iter=5000,9678,1633,1045,22129,0.9223430477018993,0.9025459293108272,0.8556272654937671,0.8784605609512571
oscore-base,schc,,1024,p1,json,dns_cbor,binvec,1,0.2,knn,algorithm=brute,9831,1480,1745,21429,0.9064810787298826,0.8492570836212854,0.8691539209618955,0.8590903132782802
oscore-base,schc,,1024,p1,json,dns_cbor,binvec,1,0.2,svm,C=0.01,9650,1661,963,22211,0.9239089459185152,0.9092622255724112,0.8531517991335867,0.8803138113482941
oscore-base,schc,,1024,p1,json,dns_cbor,binvec,1,0.2,dt,,10664,647,914,22260,0.9547339422937509,0.921057177405424,0.9427990451772611,0.9318013019354275
oscore-base,schc,,1024,p1,json,dns_cbor,binvec,1,0.2,rf,"n_estimators=250,max_depth=9",9158,2153,217,22957,0.9312744671596346,0.9768533333333334,0.8096543188047034,0.8854297592574688
