protocol;link_layer;link_layer_mode;blocksize;network_setup;data_format;dns_format;randiv_pad;vector_type;k;classifier;classifier_args;job_id;fit_time;score_time;accuracy;precision;recall;f1_score;balanced_accuracy;roc_auc
oscore;schc;peer_based;1024;d2;json;dns_message;1;binvec;5;dt;;20833657;[81.92099690437317, 74.1942687034607, 78.09698486328125, 80.8327624797821, 74.64641523361206];[0.4821605682373047, 0.41907358169555664, 0.5002346038818359, 0.4657859802246094, 0.43253254890441895];[0.6279794936842662, 0.6290100946038792, 0.6175809946620158, 0.6182416362771523, 0.6081814938625583];[0.5564600496926899, 0.5564505817670374, 0.5418038183015141, 0.5427429758046755, 0.5300926638549395];[0.5384688389750079, 0.5507118000632711, 0.5467573552673205, 0.5457133818411894, 0.5447499129994622];[0.547316633975369, 0.5535663179317581, 0.5442693161599144, 0.5442241256921111, 0.537321350558572];[0.6153228162747254, 0.6179388287424401, 0.6075666342520747, 0.6079862457601827, 0.5992116402588634];[0.6153228162747254, 0.6179388287424401, 0.6075666342520747, 0.6079862457601827, 0.5992116402588634]
