protocol;link_layer;link_layer_mode;blocksize;network_setup;data_format;dns_format;randiv_pad;vector_type;k;classifier;classifier_args;job_id;fit_time;score_time;accuracy;precision;recall;f1_score;balanced_accuracy;roc_auc
oscore;schc;;64;p2;cbor;dns_cbor;1;binvec;5;dt;;20833657;[124.04414367675781, 124.77766418457031, 125.86728310585022, 125.99373865127563, 129.79743576049805];[0.8317382335662842, 0.8155512809753418, 0.8149724006652832, 0.8271245956420898, 0.80759596824646];[0.6219072268637101, 0.6297321943434939, 0.6459118400407676, 0.6384733500070405, 0.6497381602151042];[0.34920502788645635, 0.35903782685960905, 0.37657490556221584, 0.36770402324148255, 0.3806104543775397];[0.4005155623448539, 0.4050841389187254, 0.397374388351832, 0.3987826709631221, 0.39348370927318294];[0.3731044603548717, 0.3806735977928064, 0.38669515934219084, 0.38261327592721944, 0.3869400401375474];[0.5544566957767797, 0.5612880948409726, 0.5701892968772578, 0.5654466123320487, 0.5716649258213885];[0.5544566957767797, 0.5612880948409726, 0.5701892968772577, 0.5654466123320487, 0.5716649258213884]
