protocol;link_layer;link_layer_mode;blocksize;network_setup;data_format;dns_format;randiv_pad;vector_type;k;classifier;classifier_args;job_id;fit_time;score_time;accuracy;precision;recall;f1_score;balanced_accuracy;roc_auc
oscore;eth;;1024;d2;cbor;dns_cbor;0;binvec;5;dt;;20833657;[58.754047870635986, 56.491623640060425, 54.84371042251587, 56.044554710388184, 58.43025279045105];[1.7590436935424805, 1.7623472213745117, 1.7544755935668945, 1.7602791786193848, 1.7545247077941895];[1.0, 1.0, 1.0, 1.0, 1.0];[1.0, 1.0, 1.0, 1.0, 1.0];[1.0, 1.0, 1.0, 1.0, 1.0];[1.0, 1.0, 1.0, 1.0, 1.0];[1.0, 1.0, 1.0, 1.0, 1.0];[1.0, 1.0, 1.0, 1.0, 1.0]
