protocol;link_layer;link_layer_mode;blocksize;network_setup;data_format;dns_format;randiv_pad;vector_type;k;classifier;classifier_args;job_id;fit_time;score_time;accuracy;precision;recall;f1_score;balanced_accuracy;roc_auc
oscore;schc;;64;p1;json;dns_message;1;binvec;5;dt;;20833657;[176.47483777999878, 187.72620177268982, 197.35223817825317, 193.28851509094238, 192.21673321723938];[1.139730453491211, 1.1326260566711426, 1.138606309890747, 1.163940668106079, 1.1964845657348633];[0.5932828856501405, 0.6008713690733305, 0.6178827971267218, 0.6094549914675768, 0.6195605802047781];[0.42693034138640656, 0.4365593838210471, 0.4568338308756244, 0.4464668875622181, 0.45859591439096414];[0.4596206373292868, 0.4670257966616085, 0.4621092564491654, 0.4641426403641882, 0.45716236722306525];[0.44267278546687516, 0.4512789683208821, 0.459456401203974, 0.4551332128056901, 0.45787801875465445];[0.5626640199168942, 0.5702105081185875, 0.5821987562945706, 0.5761676859114149, 0.5823593450981301];[0.5626640199168942, 0.5702105081185875, 0.5821987562945705, 0.576167685911415, 0.5823593450981301]
