protocol;link_layer;link_layer_mode;blocksize;network_setup;data_format;dns_format;randiv_pad;vector_type;k;classifier;classifier_args;job_id;fit_time;score_time;accuracy;precision;recall;f1_score;balanced_accuracy;roc_auc
oscore;eth;;64;p2;cbor;dns_message;1;binvec;5;dt;;20833657;[446.0832402706146, 472.4604790210724, 477.16190791130066, 461.9600853919983, 474.35929775238037];[4.158531427383423, 4.084304094314575, 4.040477275848389, 4.093777656555176, 4.142906904220581];[0.7369051673035932, 0.78784037736325, 0.832381096522759, 0.8341089964306885, 0.8372673784313849];[0.7061943582221919, 0.7670414093415235, 0.7990114068441064, 0.8021489949480304, 0.8021401657874906];[0.6283308042488619, 0.70298937784522, 0.7971927162367223, 0.7975234829056587, 0.8076298578127133];[0.6649910867714841, 0.7336199593022795, 0.798101025446259, 0.7998295515074039, 0.8048756512336577];[0.7212213185626984, 0.7755834301013655, 0.8272980435964887, 0.828823786232975, 0.8329860016991573];[0.7212213185626984, 0.7755834301013655, 0.8272980435964887, 0.8288237862329749, 0.8329860016991572]
