protocol,link_layer,blocksize,network_setup,data_format,dns_format,test_size,classifier,classifier_args,true_dns,false_dns,false_data,true_data,accuracy,precision,recall,f1_score
oscore,eth,1024,p1,json,dns_message,0.2,nb,,23037,971,14616,12297,0.6938983916262446,0.6118237590630229,0.9595551482839053,0.7472146089100079
oscore,eth,1024,p1,json,dns_message,0.2,lr,max_iter=2800,21998,2062,4599,22262,0.869189528878066,0.8270857615520547,0.9142975893599335,0.8685078074106244
oscore,eth,1024,p1,json,dns_message,0.2,knn,"algorithm=brute,n_jobs=-1",22271,1737,6422,20491,0.8397714106164451,0.7761823441257449,0.927649116961013,0.845183203354775
oscore,eth,1024,p1,json,dns_message,0.2,dt,,19590,4418,4186,22727,0.8310323834960036,0.8239401076716016,0.8159780073308897,0.8199397287795078
oscore,eth,1024,p1,json,dns_message,0.2,rf,"n_estimators=250,max_depth=9",22772,1236,4788,22125,0.8816991025313722,0.8262699564586357,0.9485171609463512,0.8831833695314923
