protocol;link_layer;link_layer_mode;blocksize;network_setup;data_format;dns_format;randiv_pad;vector_type;k;classifier;classifier_args;job_id;fit_time;score_time;accuracy;precision;recall;f1_score;balanced_accuracy;roc_auc
oscore-base;schc;;64;p1;json;dns_message;0;binvec;5;dt;;20833657;[151.12133526802063, 157.35098099708557, 152.83421730995178, 157.48504304885864, 158.2420961856842];[1.1347835063934326, 1.216207504272461, 1.1232335567474365, 1.0987119674682617, 1.1496319770812988];[0.614682202003011, 0.8771282131846121, 0.8857425262978745, 0.8819459445306312, 0.8663603217930339];[0.5204350755606892, 0.8506220620234872, 0.859023207481815, 0.864843285483734, 0.7967147892989308];[0.4432675280383026, 0.8396733783695153, 0.8539384797009247, 0.8347379812422115, 0.8931247642940299];[0.4787617436887358, 0.8451122608114464, 0.8564732968794968, 0.8495240002336195, 0.8421695502265102];[0.5859263268310316, 0.870845067825217, 0.8804073152691221, 0.874026686658412, 0.8708503688982298];[0.5859263268310315, 0.8708450678252169, 0.880407315269122, 0.874026686658412, 0.8708503688982298]
