protocol;link_layer;link_layer_mode;blocksize;network_setup;data_format;dns_format;randiv_pad;vector_type;k;classifier;classifier_args;job_id;fit_time;score_time;accuracy;precision;recall;f1_score;balanced_accuracy;roc_auc
oscore;schc;min_rules;1024;d2;json;dns_cbor;1;binvec;5;dt;;20833657;[34.00535273551941, 35.660722970962524, 31.75593328475952, 33.23741817474365, 34.59460759162903];[0.408954381942749, 0.4126300811767578, 0.3593568801879883, 0.3835785388946533, 0.39812707901000977];[0.9405874404380912, 0.941895197997269, 0.937016385980883, 0.9348401228948566, 0.9337875512061903];[0.9147126350257819, 0.9146304901813821, 0.8990950060455062, 0.9028005362729034, 0.9010641464503646];[0.9271000228885329, 0.9310647388700263, 0.9361385572044405, 0.9248083012245832, 0.9238545759737535];[0.9208646723376844, 0.9227744484564342, 0.9172429260269876, 0.9136719118062753, 0.9123170524967508];[0.9378531572109762, 0.9396994330080779, 0.9368384151607017, 0.9328062734945125, 0.931773741911714];[0.9378531572109762, 0.9396994330080779, 0.9368384151607017, 0.9328062734945124, 0.931773741911714]
