protocol;link_layer;link_layer_mode;blocksize;network_setup;data_format;dns_format;randiv_pad;vector_type;k;classifier;classifier_args;job_id;fit_time;score_time;accuracy;precision;recall;f1_score;balanced_accuracy;roc_auc
oscore;schc;;1024;p1;cbor;dns_cbor;1;binvec;5;dt;;20833657;[62.54644966125488, 62.95139956474304, 62.42395639419556, 61.79709720611572, 61.1201605796814];[0.3881261348724365, 0.381072998046875, 0.381988525390625, 0.37946176528930664, 0.37999868392944336];[0.6540223746345851, 0.6590538565324938, 0.6717403831288387, 0.6731880086014251, 0.6702365391912973];[0.5393246147681323, 0.5463147043663942, 0.5640910283807595, 0.5654257690592955, 0.561698956780924];[0.5529205258440394, 0.5542110177404295, 0.5619421101774043, 0.5684033613445378, 0.563062558356676];[0.5460379515739392, 0.5502345328809537, 0.5630145187846131, 0.566910655417109, 0.5623799309894619];[0.6339733330500168, 0.6382610624227307, 0.649965556621062, 0.6524074675841132, 0.6489821535248316];[0.6339733330500168, 0.6382610624227307, 0.6499655566210619, 0.6524074675841132, 0.6489821535248316]
