protocol,link_layer,link_layer_mode,blocksize,network_setup,data_format,dns_format,vector_type,run,test_size,classifier,classifier_args,true_dns,false_dns,false_data,true_data,accuracy,precision,recall,f1_score
oscore,schc,,1024,d2,json,dns_cbor,word2vec,1,0.2,nb,,9214,2137,7973,15191,0.707083876575402,0.5361028684470821,0.8117346489296098,0.6457355105473404
oscore,schc,,1024,d2,json,dns_cbor,word2vec,1,0.2,lr,max_iter=5000,10648,703,470,22694,0.9660147761842677,0.957726209749955,0.938067130649282,0.9477947394187547
oscore,schc,,1024,d2,json,dns_cbor,word2vec,1,0.2,knn,algorithm=brute,9907,1444,1043,22121,0.9279443720121686,0.9047488584474885,0.8727865386309577,0.8884803372046096
oscore,schc,,1024,d2,json,dns_cbor,word2vec,1,0.2,svm,C=0.01,10445,906,402,22762,0.962103433289874,0.9629390614916566,0.920183243767069,0.9410757725921254
oscore,schc,,1024,d2,json,dns_cbor,word2vec,1,0.2,dt,,10745,606,636,22528,0.9640156453715776,0.9441173886301731,0.946612633248172,0.9453633644202006
oscore,schc,,1024,d2,json,dns_cbor,word2vec,1,0.2,rf,"n_estimators=250,max_depth=9",10495,856,121,23043,0.9716934666087208,0.9886021100226073,0.9245881420139195,0.955524195383985
