protocol,link_layer,blocksize,network_setup,data_format,dns_format,test_size,classifier,classifier_args,true_dns,false_dns,false_data,true_data,accuracy,precision,recall,f1_score
oscore,eth,1024,d1,cbor,dns_message,0.2,nb,,23207,1015,18170,6767,0.6097357554059277,0.5608671484157866,0.9580959458343654,0.7075412734950228
oscore,eth,1024,d1,cbor,dns_message,0.2,lr,max_iter=5000,22374,1848,4414,20523,0.872617425090014,0.8352247274899208,0.9237057220708447,0.8772397569104097
oscore,eth,1024,d1,cbor,dns_message,0.2,knn,algorithm=brute,21772,2450,6727,18210,0.8133200431253687,0.7639566300571949,0.8988522830484683,0.825932740274274
oscore,eth,1024,d1,cbor,dns_message,0.2,dt,,19893,4329,3931,21006,0.8319737993042983,0.8349983210208194,0.821278176864008,0.8280814219706115
oscore,eth,1024,d1,cbor,dns_message,0.2,rf,"n_estimators=250,max_depth=9",22976,1246,4531,20406,0.8824833702882483,0.8352782927981969,0.948559161093221,0.8883218310812117
