protocol,link_layer,blocksize,network_setup,data_format,dns_format,test_size,classifier,classifier_args,true_dns,false_dns,false_data,true_data,accuracy,precision,recall,f1_score
oscore,eth,1024,p2,json,dns_cbor,0.2,nb,,23446,724,18449,8302,0.6234755798197208,0.5596371882086167,0.9700455109640049,0.7097858169984107
oscore,eth,1024,p2,json,dns_cbor,0.2,lr,max_iter=2800,20688,3275,4779,22179,0.8418334282516055,0.8123453881493697,0.8633309685765556,0.8370625126441432
oscore,eth,1024,p2,json,dns_cbor,0.2,knn,"algorithm=brute,n_jobs=-1",20935,3235,6638,20113,0.8061114275053515,0.7592572444057593,0.8661563922217625,0.8091915814699573
oscore,eth,1024,p2,json,dns_cbor,0.2,dt,,18900,5270,5007,21744,0.7981775691757821,0.7905634333040532,0.7819611088125775,0.7862387420180128
oscore,eth,1024,p2,json,dns_cbor,0.2,rf,"n_estimators=250,max_depth=9",22372,1798,5507,21244,0.8565424873824159,0.8024678073101618,0.9256102606537029,0.8596514822571039
