protocol,link_layer,blocksize,network_setup,data_format,dns_format,test_size,classifier,classifier_args,true_dns,false_dns,false_data,true_data,accuracy,precision,recall,f1_score
oscore,eth,1024,d1,json,dns_message,0.2,nb,,21454,2634,19378,6026,0.5552412511112907,0.5254212382445141,0.8906509465293923,0.6609365372766481
oscore,eth,1024,d1,json,dns_message,0.2,lr,max_iter=5000,22025,2063,4534,20870,0.8667057302190253,0.8292857411800143,0.9143556957821322,0.8697454933164847
oscore,eth,1024,d1,json,dns_message,0.2,knn,algorithm=brute,16075,8013,5660,19744,0.7237331285864382,0.7395905221992178,0.6673447359681169,0.7016127272330489
oscore,eth,1024,d1,json,dns_message,0.2,svm,C=0.01,22137,1951,4868,20536,0.862220156793017,0.8197370857248658,0.9190053138492196,0.8665374904585755
oscore,eth,1024,d1,json,dns_message,0.2,dt,,19555,4533,4232,21172,0.8229006708154853,0.8220876949594316,0.8118150116240451,0.8169190600522194
oscore,eth,1024,d1,json,dns_message,0.2,rf,"n_estimators=250,max_depth=9",22711,1377,4616,20788,0.8789097227834801,0.8310828118710433,0.9428346064430422,0.8834386852085967
