protocol;link_layer;link_layer_mode;blocksize;network_setup;data_format;dns_format;randiv_pad;vector_type;k;classifier;classifier_args;job_id;fit_time;score_time;accuracy;precision;recall;f1_score;balanced_accuracy;roc_auc
oscore;schc;;1024;d1;cbor;dns_cbor;0;binvec;5;dt;;20833657;[42.66120219230652, 43.25771522521973, 43.36505103111267, 42.132728576660156, 43.69859743118286];[0.3379201889038086, 0.342242956161499, 0.33849096298217773, 0.3461568355560303, 0.3391561508178711];[0.8342248386325604, 0.836406287353574, 0.8438919435811618, 0.8424701540484408, 0.7657746499917821];[0.7833289606836326, 0.7833172470116564, 0.7954349537123796, 0.797524113313587, 0.7431353546541142];[0.7972838941023881, 0.8049822607103345, 0.8096364399343837, 0.8012055087170488, 0.6143135085644528];[0.7902448246526137, 0.7940019943180749, 0.8024728702688395, 0.799360572439911, 0.6726118374336911];[0.827646711996913, 0.8308099317797037, 0.837791325702179, 0.8351215930872172, 0.7388018886340464];[0.827646711996913, 0.8308099317797036, 0.837791325702179, 0.8351215930872172, 0.7388018886340465]
