protocol;link_layer;link_layer_mode;blocksize;network_setup;data_format;dns_format;randiv_pad;vector_type;k;classifier;classifier_args;job_id;fit_time;score_time;accuracy;precision;recall;f1_score;balanced_accuracy;roc_auc
oscore;schc;;1024;d1;json;dns_message;1;binvec;5;dt;;20833657;[79.39047479629517, 76.96780228614807, 79.70074152946472, 74.16112327575684, 77.1533899307251];[0.45810794830322266, 0.4575963020324707, 0.4522993564605713, 0.45226597785949707, 0.48436665534973145];[0.6293976985982852, 0.6244566868798964, 0.6227524341748907, 0.6219679754795752, 0.6074750303863024];[0.5579207759658887, 0.551035455536321, 0.548193721407162, 0.547426074843285, 0.5290429143853425];[0.542247951662396, 0.5437836127807656, 0.5496678266371402, 0.5470104397342613, 0.5471686175260994];[0.5499727275644111, 0.5473855168460607, 0.5489297843772214, 0.5472181783657194, 0.5379531281588729];[0.6170701670203456, 0.6130437243632976, 0.6124130254479624, 0.6113642099311023, 0.598943865951925];[0.6170701670203456, 0.6130437243632975, 0.6124130254479625, 0.6113642099311023, 0.598943865951925]
