protocol;link_layer;link_layer_mode;blocksize;network_setup;data_format;dns_format;randiv_pad;vector_type;k;classifier;classifier_args;job_id;fit_time;score_time;accuracy;precision;recall;f1_score;balanced_accuracy;roc_auc
oscore-base;eth;;1024;p1;cbor;dns_cbor;0;binvec;5;dt;;20833657;[132.56063628196716, 120.16090106964111, 120.33225464820862, 110.26066708564758, 97.14812421798706];[2.147364377975464, 1.9771766662597656, 2.0031583309173584, 1.6969525814056396, 1.8413479328155518];[0.9983409550143572, 0.9999787297400774, 1.0, 1.0, 0.9999574594801548];[1.0, 1.0, 1.0, 1.0, 1.0];[0.9966819806023481, 0.9999574594801548, 1.0, 1.0, 0.9999149189603097];[0.9983382334142912, 0.9999787292876439, 1.0, 1.0, 0.999957457670382];[0.9983409903011741, 0.9999787297400774, 1.0, 1.0, 0.9999574594801548];[0.9983409903011741, 0.9999787297400774, 1.0, 1.0, 0.9999574594801548]
