protocol;link_layer;link_layer_mode;blocksize;network_setup;data_format;dns_format;randiv_pad;vector_type;k;classifier;classifier_args;job_id;fit_time;score_time;accuracy;precision;recall;f1_score;balanced_accuracy;roc_auc
oscore-base;eth;;64;p2;cbor;dns_message;0;binvec;5;knn;algorithm=brute;895868;[241.21970558166504, 72.64002299308777, 200.22073578834534, 774.0810151100159, 74.28850817680359];[308.6268301010132, 480.85959362983704, 205.2801570892334, 388.5382559299469, 214.78577256202698];[0.731953728068577, 0.9333906755692918, 0.9438070385164883, 0.94575327288101, 0.9491573607021022];[0.7292562359135589, 0.9270088623859256, 0.9393649484536083, 0.9416908658922915, 0.9424264766117801];[0.6313994293398052, 0.9228132891672952, 0.9338657308714047, 0.9359155160539175, 0.9432455478665835];[0.6768089575588191, 0.9249063177963316, 0.9366072676737359, 0.9387943087424953, 0.9428358343509511];[0.7219091180055541, 0.9323341306083701, 0.9428140296484939, 0.9447706074088972, 0.9485668465784903];[0.7484027774326218, 0.9802128489316022, 0.984743180498811, 0.9853954240482614, 0.9872567662811204]
oscore-base;eth;;64;p2;cbor;dns_message;0;binvec;5;dt;;20833657;[527.2281849384308, 594.0300097465515, 418.39860367774963, 449.39051842689514, 413.6871085166931];[6.442024230957031, 6.6657679080963135, 6.46804666519165, 6.57940411567688, 6.180568218231201];[0.8376764900976026, 0.9205688544187538, 0.9277925182960609, 0.9302052657666852, 0.930657200338222];[0.8382288699785074, 0.9095458485289548, 0.9159960905684965, 0.9181130540870273, 0.9184539586009529];[0.7866419599226001, 0.9120068216850874, 0.922124561345971, 0.9255354038896724, 0.9262405299924568];[0.8116165162294541, 0.9107746726821639, 0.9190501095021737, 0.9218092881582923, 0.9223308104930561];[0.832578528480465, 0.9197136173879601, 0.9272263622413659, 0.9297388065822663, 0.9302160317337556];[0.8325785284804648, 0.9197136173879601, 0.927226362241366, 0.9297388065822664, 0.9302160317337557]
