protocol;link_layer;link_layer_mode;blocksize;network_setup;data_format;dns_format;randiv_pad;vector_type;k;classifier;classifier_args;job_id;fit_time;score_time;accuracy;precision;recall;f1_score;balanced_accuracy;roc_auc
oscore;schc;;1024;d2;cbor;dns_message;0;binvec;5;dt;;20833657;[42.55017447471619, 43.55048990249634, 43.68536925315857, 43.22088813781738, 44.856820821762085];[0.35770082473754883, 0.35783934593200684, 0.3610348701477051, 0.37451887130737305, 0.36833786964416504];[0.913049490437933, 0.9169766444957617, 0.9212080147129997, 0.9223419113071615, 0.9247469439681398];[0.8986712009572391, 0.8999187855313301, 0.9023102720158986, 0.904035065904004, 0.9116018623379892];[0.9028788358114521, 0.9114204365707055, 0.9192660550458716, 0.9199936728883265, 0.9167352103764631];[0.9007701047847494, 0.9056330944297749, 0.9107092487541919, 0.911944557684468, 0.9141613300104104];[0.9119130465199693, 0.9163558074960536, 0.920991024918961, 0.9220795249252598, 0.9238518089911107];[0.9119130465199693, 0.9163558074960536, 0.920991024918961, 0.9220795249252599, 0.9238518089911107]
