protocol,link_layer,blocksize,network_setup,data_format,dns_format,test_size,classifier,classifier_args,true_data,false_data,false_dns,true_dns,accuracy,precision,recall,f1_score
oscore,eth,1024,p2,cbor,dns_message,0.2,nb,,23103,952,19361,6816,0.5956163401815576,0.8774459320288363,0.26038125071627766,0.4015908086610694
oscore,eth,1024,p2,cbor,dns_message,0.2,lr,max_iter=600,21979,2076,4461,21716,0.8698638318203535,0.9127437794216543,0.8295832219123658,0.8691788909123657
oscore,eth,1024,p2,cbor,dns_message,0.2,knn,"algorithm=brute,n_jobs=-1",21844,2211,6729,19448,0.8220258002866698,0.8979177247333672,0.7429422775719142,0.813111464169245
oscore,eth,1024,p2,cbor,dns_message,0.2,dt,,19896,4159,3920,22257,0.8391662685140946,0.8425575408843126,0.8502502196584788,0.8463864012321032
oscore,eth,1024,p2,cbor,dns_message,0.2,rf,"n_estimators=250,max_depth=9",22964,1091,4647,21530,0.8857700270743749,0.9517704787586756,0.822477747641059,0.8824132136562974
