protocol;link_layer;link_layer_mode;blocksize;network_setup;data_format;dns_format;randiv_pad;vector_type;k;classifier;classifier_args;job_id;fit_time;score_time;accuracy;precision;recall;f1_score;balanced_accuracy;roc_auc
oscore-base;schc;peer_based;1024;d2;cbor;dns_cbor;0;binvec;5;dt;;20833657;[25.86624312400818, 25.72533082962036, 26.277799606323242, 24.21035385131836, 26.270556926727295];[0.3541851043701172, 0.3343484401702881, 0.331831693649292, 0.33159518241882324, 0.3316080570220947];[0.9277823454667763, 0.9420883474101204, 0.9556768069362434, 0.9532544024875176, 0.9401142105420516];[0.9168421873781106, 0.9273875598086124, 0.933970720047804, 0.9356945965336253, 0.936007228158391];[0.8970043884754818, 0.9245563823697768, 0.9543216943331425, 0.9456571515799115, 0.9092886582201191];[0.9068148062419227, 0.925969806994076, 0.9440365414016345, 0.9406494960806271, 0.9224545102593883];[0.9223041111706483, 0.9389677955102755, 0.9554356075499578, 0.9519020582180708, 0.9346271258660193];[0.9223041111706484, 0.9389677955102754, 0.9554356075499578, 0.9519020582180708, 0.9346271258660191]
