protocol,link_layer,link_layer_mode,blocksize,network_setup,data_format,dns_format,vector_type,run,test_size,classifier,classifier_args,true_dns,false_dns,false_data,true_data,accuracy,precision,recall,f1_score
oscore-base,schc,,1024,d1,json,dns_cbor,binvec,1,0.2,nb,,8903,2322,5454,17825,0.7746348249478321,0.6201156230410253,0.7931403118040089,0.6960362755062153
oscore-base,schc,,1024,d1,json,dns_cbor,binvec,1,0.2,lr,max_iter=5000,9610,1615,998,22281,0.9242696498956643,0.905920060331825,0.8561247216035635,0.8803187834928777
oscore-base,schc,,1024,d1,json,dns_cbor,binvec,1,0.2,knn,algorithm=brute,9668,1557,1858,21421,0.9010259680037097,0.8387992365087628,0.8612917594654789,0.8498967078370182
oscore-base,schc,,1024,d1,json,dns_cbor,binvec,1,0.2,svm,C=0.01,9573,1652,897,22382,0.926124507303501,0.9143266475644699,0.8528285077951002,0.8825074902051164
oscore-base,schc,,1024,d1,json,dns_cbor,binvec,1,0.2,dt,,10599,626,917,22362,0.9552805471829353,0.9203716568252865,0.9442316258351893,0.9321489820148631
oscore-base,schc,,1024,d1,json,dns_cbor,binvec,1,0.2,rf,"n_estimators=250,max_depth=9",9101,2124,104,23175,0.9354277764896823,0.9887017925040739,0.8107795100222717,0.8909446891825746
