protocol,link_layer,blocksize,network_setup,data_format,dns_format,test_size,classifier,classifier_args,true_data,false_data,false_dns,true_dns,accuracy,precision,recall,f1_score
oscore,eth,1024,d1,json,dns_message,0.2,nb,,22975,1050,19952,5516,0.5756571636393025,0.8400852878464818,0.21658551908277054,0.34438409190235375
oscore,eth,1024,d1,json,dns_message,0.2,lr,max_iter=600,21867,2189,4517,20920,0.8645060917705534,0.9052750010818296,0.8224240279907222,0.8618629753223747
oscore,eth,1024,d1,json,dns_message,0.2,knn,"algorithm=brute,n_jobs=-1",18305,5751,5581,19856,0.7710383286525367,0.7754129730151912,0.780595195974368,0.7779954549016534
oscore,eth,1024,d1,json,dns_message,0.2,dt,,19610,4446,4113,21324,0.8270664538419574,0.8274738067520373,0.8383064040570822,0.8328548831214483
oscore,eth,1024,d1,json,dns_message,0.2,rf,"n_estimators=250,max_depth=9",22897,1159,4725,20712,0.8811145010405512,0.9470074527913676,0.8142469630852694,0.8756235731800118
