protocol,link_layer,link_layer_mode,blocksize,network_setup,data_format,dns_format,vector_type,run,test_size,classifier,classifier_args,true_dns,false_dns,false_data,true_data,accuracy,precision,recall,f1_score
oscore,schc,,1024,p2,cbor,dns_cbor,word2vec,1,0.2,nb,,9208,2175,8946,13833,0.674462853462912,0.5072160405420293,0.8089255907932882,0.6234891830585367
oscore,schc,,1024,p2,cbor,dns_cbor,word2vec,1,0.2,lr,max_iter=5000,8394,2989,2759,20020,0.8317428721971781,0.7526226127499328,0.7374154440832821,0.7449414270500533
oscore,schc,,1024,p2,cbor,dns_cbor,word2vec,1,0.2,knn,algorithm=brute,8446,2937,2877,19902,0.8298109010011123,0.7459153934469663,0.7419836598436265,0.7439443318946534
oscore,schc,,1024,p2,cbor,dns_cbor,word2vec,1,0.2,svm,C=0.01,8339,3044,2644,20135,0.833499209648147,0.7592643175817172,0.7325836774136871,0.7456854153626039
oscore,schc,,1024,p2,cbor,dns_cbor,word2vec,1,0.2,dt,,7951,3432,3387,19392,0.800392248697383,0.7012700652672429,0.6984977598172714,0.6998811672021478
oscore,schc,,1024,p2,cbor,dns_cbor,word2vec,1,0.2,rf,"n_estimators=250,max_depth=9",8650,2733,2461,20318,0.8479597213277911,0.7785077850778508,0.7599051216726698,0.7690939806170535
