protocol;link_layer;link_layer_mode;blocksize;network_setup;data_format;dns_format;randiv_pad;vector_type;k;classifier;classifier_args;job_id;fit_time;score_time;accuracy;precision;recall;f1_score;balanced_accuracy;roc_auc
oscore-base;schc;;1024;p1;json;dns_message;0;binvec;5;dt;;20833657;[66.68489146232605, 63.68275547027588, 64.26016426086426, 61.68317437171936, 58.17438864707947];[0.46896815299987793, 0.47208166122436523, 0.5017788410186768, 0.46601080894470215, 0.4695420265197754];[0.8999074441359249, 0.900606910047733, 0.8660434489415436, 0.9092543865448439, 0.861706488251861];[0.8713339933176587, 0.8679758955064085, 0.8676243700071999, 0.8845627139744787, 0.8785314785601607];[0.8919749176589815, 0.8986255383835825, 0.8014314669369141, 0.900110847189232, 0.7760570071258908];[0.8815336463223787, 0.8830348390309178, 0.8332153499168629, 0.892269052664626, 0.8241209410261153];[0.8987840266780402, 0.9003263210497805, 0.8568935193173209, 0.9079593596730652, 0.8495756956453897];[0.8987840266780402, 0.9003263210497805, 0.8568935193173209, 0.9079593596730651, 0.8495756956453896]
