protocol;link_layer;link_layer_mode;blocksize;network_setup;data_format;dns_format;randiv_pad;vector_type;k;classifier;classifier_args;job_id;fit_time;score_time;accuracy;precision;recall;f1_score;balanced_accuracy;roc_auc
oscore-base;schc;min_rules;64;p2;json;dns_cbor;0;binvec;5;dt;;20833657;[85.15618586540222, 79.42735052108765, 118.27215242385864, 151.89506936073303, 150.82773780822754];[0.6728537082672119, 0.6396162509918213, 0.962289571762085, 0.9499640464782715, 0.953650951385498];[0.5858405486112154, 0.7146201287495686, 0.8230968923035369, 0.8256778859861047, 0.7202698038744917];[0.34804659815733524, 0.5389243226127471, 0.7292520491803278, 0.7473829798774204, 0.5566726122912276];[0.37887554848353344, 0.5744732147162351, 0.6863879647041805, 0.6644245142002989, 0.49661258046628254];[0.36280734156758626, 0.5561312607944733, 0.70717106733898, 0.703466408004901, 0.5249302361141197];[0.5291125160830807, 0.676206586879707, 0.7856256846744292, 0.7814791735743771, 0.6589647511012857];[0.5291125160830807, 0.6762065868797071, 0.7856256846744291, 0.7814791735743771, 0.6589647511012857]
