protocol,link_layer,link_layer_mode,blocksize,network_setup,data_format,dns_format,vector_type,run,test_size,classifier,classifier_args,true_dns,false_dns,false_data,true_data,accuracy,precision,recall,f1_score
oscore-base,eth,,64,p1,cbor,dns_cbor,word2vec,1,0.2,nb,,11613,5572,17046,20414,0.5860920486778296,0.4052130220873024,0.6757637474541751,0.5066311840153565
oscore-base,eth,,64,p1,cbor,dns_cbor,word2vec,1,0.2,lr,max_iter=5000,8766,8419,4304,33156,0.7671699149052978,0.6706962509563886,0.5100960139656677,0.579474467030243
oscore-base,eth,,64,p1,cbor,dns_cbor,word2vec,1,0.2,knn,algorithm=brute,8917,8268,5532,31928,0.7474608838869063,0.6171361339885113,0.5188827465813209,0.5637605108427641
oscore-base,eth,,64,p1,cbor,dns_cbor,word2vec,1,0.2,svm,C=0.01,8596,8589,4377,33083,0.7627230304693934,0.6626069529021814,0.50020366598778,0.5700643278732012
oscore-base,eth,,64,p1,cbor,dns_cbor,word2vec,1,0.2,dt,,10085,7100,7534,29926,0.7321987373044194,0.5723934389011862,0.5868489962176316,0.5795310883806459
oscore-base,eth,,64,p1,cbor,dns_cbor,word2vec,1,0.2,rf,"n_estimators=250,max_depth=9",10610,6575,4659,32801,0.7944185195351816,0.6948719628004454,0.6173988943846378,0.6538485240648302
