protocol;link_layer;link_layer_mode;blocksize;network_setup;data_format;dns_format;randiv_pad;vector_type;k;classifier;classifier_args;job_id;fit_time;score_time;accuracy;precision;recall;f1_score;balanced_accuracy;roc_auc
oscore-base;schc;;1024;p2;cbor;dns_cbor;0;binvec;5;dt;;20833657;[31.07255458831787, 31.88069200515747, 30.463762760162354, 29.65114188194275, 30.380226612091064];[0.3267679214477539, 0.32431554794311523, 0.3231394290924072, 0.33406496047973633, 0.33722496032714844];[0.909031120145885, 0.9511673791515949, 0.9558452041075619, 0.9539767716476585, 0.9505239084617569];[0.9064684255181609, 0.9293628808864266, 0.9346517626827171, 0.9364102951166126, 0.9294744344824999];[0.8561071469454726, 0.9473423131224482, 0.9539817605983134, 0.9468081047048499, 0.9454344259167398];[0.8805683111582088, 0.9382664726668052, 0.9442178412266787, 0.9415804952091832, 0.9373865012106537];[0.8996102757703159, 0.9504864901402879, 0.955513512628247, 0.9527007545689679, 0.9496179845708926];[0.8996102757703159, 0.9504864901402879, 0.9555135126282469, 0.952700754568968, 0.9496179845708926]
