protocol;link_layer;link_layer_mode;blocksize;network_setup;data_format;dns_format;randiv_pad;vector_type;k;classifier;classifier_args;job_id;fit_time;score_time;accuracy;precision;recall;f1_score;balanced_accuracy;roc_auc
oscore;schc;;64;p2;cbor;dns_cbor;0;binvec;5;dt;;20833657;[101.05520367622375, 93.88048362731934, 102.22895526885986, 101.46971368789673, 102.98909378051758];[0.7885527610778809, 0.7764348983764648, 0.7637345790863037, 0.784386396408081, 0.7623453140258789];[0.7262602421917955, 0.7580361812549451, 0.782905765130282, 0.7303821318653319, 0.7785056692839469];[0.5108468877230651, 0.566768580032643, 0.6123359456142007, 0.5225478388866587, 0.5999729254095032];[0.6019667748711094, 0.5884950471416637, 0.6191908342284282, 0.46604606754982697, 0.6347296813462227];[0.5526762723935791, 0.577427514169282, 0.6157443121803012, 0.49268231138026747, 0.6168621037614391];[0.6883922384454202, 0.7063816488750475, 0.73302631703309, 0.6498466663069439, 0.7347013319731617];[0.6883922384454203, 0.7063816488750475, 0.73302631703309, 0.6498466663069439, 0.7347013319731617]
