protocol,link_layer,blocksize,network_setup,data_format,dns_format,test_size,classifier,classifier_args,true_dns,false_dns,false_data,true_data,accuracy,precision,recall,f1_score
oscore-base,eth,1024,d1,json,dns_cbor,0.2,nb,,21922,2346,15705,9520,0.6352817570161436,0.5826135487814601,0.9033294873908027,0.708360933839567
oscore-base,eth,1024,d1,json,dns_cbor,0.2,lr,max_iter=2800,20863,3340,5672,19618,0.817913644353747,0.7862445826267195,0.8620005784406892,0.8223816468918759
oscore-base,eth,1024,d1,json,dns_cbor,0.2,knn,"algorithm=brute,n_jobs=-1",20382,3886,6323,18902,0.7937284060372174,0.76322785995132,0.8398714356354047,0.7997174974986758
oscore-base,eth,1024,d1,json,dns_cbor,0.2,dt,,18862,5406,4862,20363,0.7925363182672297,0.795059854999157,0.7772375144222845,0.7860476746124354
oscore-base,eth,1024,d1,json,dns_cbor,0.2,rf,"n_estimators=250,max_depth=9",22463,1805,5590,19635,0.8505849312023922,0.80073432431469,0.9256222185594198,0.8586609583150169
